timestamp,ap_id,device_id,event,rssi
2026-09-20T14:35:36.226924+00:00,AP_01,dev_605e9822a32bf845,connect,-53
2026-09-20T14:35:42.226924+00:00,AP_01,dev_dac99220a0ad0fd7,connect,-49
2026-09-20T14:35:45.226924+00:00,AP_02,dev_4ac84bb5b54bd1e2,connect,-50
2026-09-20T14:35:53.226924+00:00,AP_02,dev_0f96d15f51d22665,connect,-50
2026-09-20T14:35:55.226924+00:00,AP_02,dev_dba56be9de81f118,connect,-47
2026-09-20T14:35:57.226924+00:00,AP_01,dev_4f88e58b44e4f3e4,connect,-48
2026-09-20T14:35:57.226924+00:00,AP_02,dev_1f7d38735c96fb65,connect,-53
2026-09-20T14:36:01.226924+00:00,AP_01,dev_daba50eec8c1da46,connect,-46
2026-09-20T14:36:01.226924+00:00,AP_03,dev_0ee25486519d39a2,connect,-44
2026-09-20T14:36:03.226924+00:00,AP_02,dev_7dc730154810b19b,connect,-50
2026-09-20T14:36:06.226924+00:00,AP_01,dev_605e9822a32bf845,heartbeat,-44
2026-09-20T14:36:12.226924+00:00,AP_01,dev_dac99220a0ad0fd7,heartbeat,-49
2026-09-20T14:36:15.226924+00:00,AP_01,dev_539021518e086590,connect,-47
2026-09-20T14:36:15.226924+00:00,AP_02,dev_4ac84bb5b54bd1e2,heartbeat,-49
2026-09-20T14:36:16.226924+00:00,AP_01,dev_445ccbc2b30f400c,connect,-54
2026-09-20T14:36:18.226924+00:00,AP_02,dev_e0901586fe4e5714,connect,-54
2026-09-20T14:36:21.226924+00:00,AP_02,dev_55eaa3daf2dd130b,connect,-50
2026-09-20T14:36:23.226924+00:00,AP_01,dev_62e4eb8d4981d69d,connect,-50
2026-09-20T14:36:23.226924+00:00,AP_02,dev_0f96d15f51d22665,heartbeat,-46
2026-09-20T14:36:25.226924+00:00,AP_02,dev_dba56be9de81f118,heartbeat,-53
2026-09-20T14:36:26.226924+00:00,AP_02,dev_2b173c18c059f8e9,connect,-52
2026-09-20T14:36:27.226924+00:00,AP_01,dev_8036e1c3a6abbe3c,connect,-48
2026-09-20T14:36:27.226924+00:00,AP_01,dev_4f88e58b44e4f3e4,heartbeat,-55
2026-09-20T14:36:27.226924+00:00,AP_02,dev_1f7d38735c96fb65,heartbeat,-52
2026-09-20T14:36:28.226924+00:00,AP_01,dev_f50ad49c2c67a14f,connect,-54
2026-09-20T14:36:31.226924+00:00,AP_01,dev_101e46487f17e515,connect,-54
2026-09-20T14:36:31.226924+00:00,AP_01,dev_daba50eec8c1da46,heartbeat,-48
2026-09-20T14:36:31.226924+00:00,AP_03,dev_0ee25486519d39a2,heartbeat,-47
2026-09-20T14:36:33.226924+00:00,AP_02,dev_7dc730154810b19b,heartbeat,-49
2026-09-20T14:36:35.226924+00:00,AP_03,dev_a4b93ff51018f4c5,connect,-51
2026-09-20T14:36:38.226924+00:00,AP_01,dev_605e9822a32bf845,heartbeat,-50
2026-09-20T14:36:38.226924+00:00,AP_02,dev_e1493be4e7873c05,connect,-46
2026-09-20T14:36:39.226924+00:00,AP_02,dev_67afb0bc703b419b,connect,-55
2026-09-20T14:36:43.226924+00:00,AP_01,dev_35778c3c4e63c5e5,connect,-51
2026-09-20T14:36:43.226924+00:00,AP_01,dev_731b3d87b1dc7eee,connect,-45
2026-09-20T14:36:43.226924+00:00,AP_01,dev_bc8d7b6196fcef34,connect,-46
2026-09-20T14:36:43.226924+00:00,AP_02,dev_4ac84bb5b54bd1e2,heartbeat,-45
2026-09-20T14:36:43.226924+00:00,AP_02,dev_349b3f24156b47ac,connect,-50
2026-09-20T14:36:44.226924+00:00,AP_01,dev_dac99220a0ad0fd7,heartbeat,-47
2026-09-20T14:36:45.226924+00:00,AP_01,dev_539021518e086590,heartbeat,-51
2026-09-20T14:36:45.226924+00:00,AP_02,dev_75cf3775171f19ea,connect,-45
2026-09-20T14:36:45.226924+00:00,AP_03,dev_07284014dce9133c,connect,-50
2026-09-20T14:36:46.226924+00:00,AP_01,dev_445ccbc2b30f400c,heartbeat,-52
2026-09-20T14:36:48.226924+00:00,AP_02,dev_e0901586fe4e5714,heartbeat,-53
2026-09-20T14:36:49.226924+00:00,AP_01,dev_7a7cb5ddf5eb7995,connect,-50
2026-09-20T14:36:51.226924+00:00,AP_02,dev_55eaa3daf2dd130b,heartbeat,-48
2026-09-20T14:36:52.226924+00:00,AP_02,dev_dba56be9de81f118,heartbeat,-50
2026-09-20T14:36:53.226924+00:00,AP_01,dev_62e4eb8d4981d69d,heartbeat,-44
2026-09-20T14:36:53.226924+00:00,AP_02,dev_0f96d15f51d22665,heartbeat,-54
2026-09-20T14:36:54.226924+00:00,AP_01,dev_3685007455cd815a,connect,-50
2026-09-20T14:36:54.226924+00:00,AP_02,dev_1f7d38735c96fb65,heartbeat,-45
2026-09-20T14:36:56.226924+00:00,AP_02,dev_2b173c18c059f8e9,heartbeat,-49
2026-09-20T14:36:57.226924+00:00,AP_01,dev_8036e1c3a6abbe3c,heartbeat,-45
2026-09-20T14:36:57.226924+00:00,AP_01,dev_4f88e58b44e4f3e4,heartbeat,-50
2026-09-20T14:36:58.226924+00:00,AP_01,dev_f50ad49c2c67a14f,heartbeat,-46
2026-09-20T14:37:01.226924+00:00,AP_01,dev_101e46487f17e515,heartbeat,-52
2026-09-20T14:37:01.226924+00:00,AP_01,dev_daba50eec8c1da46,heartbeat,-53
2026-09-20T14:37:04.226924+00:00,AP_03,dev_0ee25486519d39a2,heartbeat,-45
2026-09-20T14:37:05.226924+00:00,AP_03,dev_a4b93ff51018f4c5,heartbeat,-53
2026-09-20T14:37:06.226924+00:00,AP_02,dev_7dc730154810b19b,heartbeat,-45
2026-09-20T14:37:07.226924+00:00,AP_02,dev_e880e41ccd1eeaca,connect,-50
2026-09-20T14:37:08.226924+00:00,AP_01,dev_932d334d0b33c912,connect,-57
2026-09-20T14:37:08.226924+00:00,AP_02,dev_e1493be4e7873c05,heartbeat,-47
2026-09-20T14:37:09.226924+00:00,AP_02,dev_67afb0bc703b419b,heartbeat,-47
2026-09-20T14:37:10.226924+00:00,AP_01,dev_605e9822a32bf845,heartbeat,-46
2026-09-20T14:37:11.226924+00:00,AP_01,dev_dac99220a0ad0fd7,heartbeat,-48
2026-09-20T14:37:11.226924+00:00,AP_02,dev_44bae648792c87a3,connect,-54
2026-09-20T14:37:12.226924+00:00,AP_01,dev_bbc41c619e88bd47,connect,-50
2026-09-20T14:37:13.226924+00:00,AP_01,dev_35778c3c4e63c5e5,heartbeat,-49
2026-09-20T14:37:13.226924+00:00,AP_01,dev_731b3d87b1dc7eee,heartbeat,-48
2026-09-20T14:37:13.226924+00:00,AP_01,dev_bc8d7b6196fcef34,heartbeat,-49
2026-09-20T14:37:13.226924+00:00,AP_02,dev_349b3f24156b47ac,heartbeat,-52
2026-09-20T14:37:15.226924+00:00,AP_02,dev_75cf3775171f19ea,heartbeat,-50
2026-09-20T14:37:15.226924+00:00,AP_02,dev_89db6f69939e3a2d,connect,-44
2026-09-20T14:37:15.226924+00:00,AP_02,dev_e0901586fe4e5714,heartbeat,-52
2026-09-20T14:37:15.226924+00:00,AP_03,dev_07284014dce9133c,heartbeat,-44
2026-09-20T14:37:16.226924+00:00,AP_02,dev_4ac84bb5b54bd1e2,heartbeat,-55
2026-09-20T14:37:17.226924+00:00,AP_01,dev_539021518e086590,heartbeat,-52
2026-09-20T14:37:18.226924+00:00,AP_01,dev_445ccbc2b30f400c,heartbeat,-50
2026-09-20T14:37:19.226924+00:00,AP_01,dev_7a7cb5ddf5eb7995,heartbeat,-43
2026-09-20T14:37:20.226924+00:00,AP_02,dev_dba56be9de81f118,heartbeat,-46
2026-09-20T14:37:21.226924+00:00,AP_02,dev_55eaa3daf2dd130b,heartbeat,-46
2026-09-20T14:37:21.226924+00:00,AP_02,dev_1f7d38735c96fb65,heartbeat,-51
2026-09-20T14:37:22.226924+00:00,AP_01,dev_c406cbd22ec99ead,connect,-45
2026-09-20T14:37:23.226924+00:00,AP_01,dev_62e4eb8d4981d69d,heartbeat,-52
2026-09-20T14:37:23.226924+00:00,AP_02,dev_0f96d15f51d22665,heartbeat,-48
2026-09-20T14:37:24.226924+00:00,AP_01,dev_3685007455cd815a,heartbeat,-51
2026-09-20T14:37:24.226924+00:00,AP_01,dev_8036e1c3a6abbe3c,heartbeat,-45
2026-09-20T14:37:25.226924+00:00,AP_02,dev_2b173c18c059f8e9,heartbeat,-53
2026-09-20T14:37:27.226924+00:00,AP_01,dev_f50ad49c2c67a14f,heartbeat,-44
2026-09-20T14:37:27.226924+00:00,AP_02,dev_6e87a995d8ad91a8,connect,-46
2026-09-20T14:37:29.226924+00:00,AP_01,dev_daba50eec8c1da46,heartbeat,-50
2026-09-20T14:37:29.226924+00:00,AP_01,dev_4f88e58b44e4f3e4,heartbeat,-50
2026-09-20T14:37:30.226924+00:00,AP_01,dev_101e46487f17e515,heartbeat,-52
2026-09-20T14:37:32.226924+00:00,AP_02,dev_c4c59c0a301caf36,connect,-47
2026-09-20T14:37:32.226924+00:00,AP_03,dev_0ee25486519d39a2,heartbeat,-46
2026-09-20T14:37:34.226924+00:00,AP_02,dev_7dc730154810b19b,heartbeat,-50
2026-09-20T14:37:34.226924+00:00,AP_03,dev_a4b93ff51018f4c5,heartbeat,-53
2026-09-20T14:37:35.226924+00:00,AP_02,dev_e1493be4e7873c05,heartbeat,-49
2026-09-20T14:37:37.226924+00:00,AP_02,dev_e880e41ccd1eeaca,heartbeat,-44
2026-09-20T14:37:37.226924+00:00,AP_02,dev_67afb0bc703b419b,heartbeat,-49
2026-09-20T14:37:38.226924+00:00,AP_01,dev_932d334d0b33c912,heartbeat,-50
2026-09-20T14:37:39.226924+00:00,AP_01,dev_605e9822a32bf845,heartbeat,-46
2026-09-20T14:37:41.226924+00:00,AP_02,dev_44bae648792c87a3,heartbeat,-48
2026-09-20T14:37:42.226924+00:00,AP_01,dev_bbc41c619e88bd47,heartbeat,-44
2026-09-20T14:37:43.226924+00:00,AP_01,dev_35778c3c4e63c5e5,heartbeat,-51
2026-09-20T14:37:43.226924+00:00,AP_01,dev_731b3d87b1dc7eee,heartbeat,-46
2026-09-20T14:37:43.226924+00:00,AP_01,dev_bc8d7b6196fcef34,heartbeat,-54
2026-09-20T14:37:43.226924+00:00,AP_02,dev_4ac84bb5b54bd1e2,heartbeat,-55
2026-09-20T14:37:43.226924+00:00,AP_02,dev_e0901586fe4e5714,heartbeat,-50
2026-09-20T14:37:44.226924+00:00,AP_01,dev_dac99220a0ad0fd7,heartbeat,-44
2026-09-20T14:37:45.226924+00:00,AP_02,dev_349b3f24156b47ac,heartbeat,-50
2026-09-20T14:37:45.226924+00:00,AP_02,dev_89db6f69939e3a2d,heartbeat,-54
2026-09-20T14:37:46.226924+00:00,AP_03,dev_07284014dce9133c,heartbeat,-52
2026-09-20T14:37:47.226924+00:00,AP_02,dev_75cf3775171f19ea,heartbeat,-47
2026-09-20T14:37:49.226924+00:00,AP_01,dev_539021518e086590,heartbeat,-55
2026-09-20T14:37:49.226924+00:00,AP_01,dev_7a7cb5ddf5eb7995,heartbeat,-44
2026-09-20T14:37:50.226924+00:00,AP_01,dev_445ccbc2b30f400c,heartbeat,-51
2026-09-20T14:37:50.226924+00:00,AP_02,dev_0f96d15f51d22665,heartbeat,-53
2026-09-20T14:37:50.226924+00:00,AP_02,dev_55eaa3daf2dd130b,heartbeat,-49
2026-09-20T14:37:51.226924+00:00,AP_02,dev_1f7d38735c96fb65,heartbeat,-41
2026-09-20T14:37:51.226924+00:00,AP_02,dev_dba56be9de81f118,heartbeat,-46
2026-09-20T14:37:52.226924+00:00,AP_01,dev_c406cbd22ec99ead,heartbeat,-50
2026-09-20T14:37:53.226924+00:00,AP_01,dev_3685007455cd815a,heartbeat,-54
2026-09-20T14:37:53.226924+00:00,AP_01,dev_62e4eb8d4981d69d,heartbeat,-53
2026-09-20T14:37:54.226924+00:00,AP_01,dev_8036e1c3a6abbe3c,heartbeat,-52
2026-09-20T14:37:55.226924+00:00,AP_01,dev_f50ad49c2c67a14f,heartbeat,-48
2026-09-20T14:37:55.226924+00:00,AP_02,dev_2b173c18c059f8e9,heartbeat,-49
2026-09-20T14:37:56.226924+00:00,AP_01,dev_4f88e58b44e4f3e4,heartbeat,-54
2026-09-20T14:37:57.226924+00:00,AP_01,dev_daba50eec8c1da46,heartbeat,-52
2026-09-20T14:37:57.226924+00:00,AP_02,dev_6e87a995d8ad91a8,heartbeat,-52
2026-09-20T14:37:59.226924+00:00,AP_03,dev_0ee25486519d39a2,heartbeat,-49
2026-09-20T14:38:02.226924+00:00,AP_02,dev_7dc730154810b19b,heartbeat,-47
2026-09-20T14:38:02.226924+00:00,AP_02,dev_c4c59c0a301caf36,heartbeat,-51
2026-09-20T14:38:02.226924+00:00,AP_03,dev_a4b93ff51018f4c5,heartbeat,-55
2026-09-20T14:38:03.226924+00:00,AP_01,dev_101e46487f17e515,heartbeat,-52
2026-09-20T14:38:04.226924+00:00,AP_02,dev_e880e41ccd1eeaca,heartbeat,-52
2026-09-20T14:38:08.226924+00:00,AP_02,dev_e1493be4e7873c05,heartbeat,-50
2026-09-20T14:38:09.226924+00:00,AP_01,dev_932d334d0b33c912,heartbeat,-45
2026-09-20T14:38:09.226924+00:00,AP_02,dev_67afb0bc703b419b,heartbeat,-49
2026-09-20T14:38:11.226924+00:00,AP_01,dev_605e9822a32bf845,heartbeat,-50
2026-09-20T14:38:12.226924+00:00,AP_01,dev_35778c3c4e63c5e5,heartbeat,-48
2026-09-20T14:38:13.226924+00:00,AP_01,dev_731b3d87b1dc7eee,heartbeat,-47
2026-09-20T14:38:13.226924+00:00,AP_01,dev_bbc41c619e88bd47,heartbeat,-50
2026-09-20T14:38:13.226924+00:00,AP_02,dev_44bae648792c87a3,heartbeat,-57
2026-09-20T14:38:14.226924+00:00,AP_01,dev_dac99220a0ad0fd7,heartbeat,-48
2026-09-20T14:38:14.226924+00:00,AP_02,dev_75cf3775171f19ea,heartbeat,-54
2026-09-20T14:38:14.226924+00:00,AP_03,dev_07284014dce9133c,heartbeat,-46
2026-09-20T14:38:15.226924+00:00,AP_02,dev_4ac84bb5b54bd1e2,heartbeat,-59
2026-09-20T14:38:15.226924+00:00,AP_02,dev_349b3f24156b47ac,heartbeat,-51
2026-09-20T14:38:15.226924+00:00,AP_02,dev_89db6f69939e3a2d,heartbeat,-50
2026-09-20T14:38:15.226924+00:00,AP_02,dev_e0901586fe4e5714,heartbeat,-51
2026-09-20T14:38:16.226924+00:00,AP_01,dev_bc8d7b6196fcef34,heartbeat,-52
2026-09-20T14:38:18.226924+00:00,AP_02,dev_1f7d38735c96fb65,heartbeat,-46
2026-09-20T14:38:19.226924+00:00,AP_01,dev_539021518e086590,heartbeat,-50
2026-09-20T14:38:20.226924+00:00,AP_01,dev_445ccbc2b30f400c,heartbeat,-45
2026-09-20T14:38:20.226924+00:00,AP_02,dev_0f96d15f51d22665,heartbeat,-46
2026-09-20T14:38:20.226924+00:00,AP_02,dev_dba56be9de81f118,heartbeat,-53
2026-09-20T14:38:21.226924+00:00,AP_01,dev_3685007455cd815a,heartbeat,-49
2026-09-20T14:38:21.226924+00:00,AP_02,dev_55eaa3daf2dd130b,heartbeat,-55
2026-09-20T14:38:22.226924+00:00,AP_01,dev_f50ad49c2c67a14f,heartbeat,-53
2026-09-20T14:38:22.226924+00:00,AP_01,dev_7a7cb5ddf5eb7995,heartbeat,-52
2026-09-20T14:38:22.226924+00:00,AP_02,dev_2b173c18c059f8e9,heartbeat,-53
2026-09-20T14:38:24.226924+00:00,AP_01,dev_62e4eb8d4981d69d,heartbeat,-47
2026-09-20T14:38:25.226924+00:00,AP_01,dev_daba50eec8c1da46,heartbeat,-51
2026-09-20T14:38:25.226924+00:00,AP_01,dev_c406cbd22ec99ead,heartbeat,-49
2026-09-20T14:38:26.226924+00:00,AP_01,dev_8036e1c3a6abbe3c,heartbeat,-44
2026-09-20T14:38:26.226924+00:00,AP_01,dev_4f88e58b44e4f3e4,heartbeat,-54
2026-09-20T14:38:29.226924+00:00,AP_02,dev_6e87a995d8ad91a8,heartbeat,-47
2026-09-20T14:38:30.226924+00:00,AP_01,dev_101e46487f17e515,heartbeat,-52
2026-09-20T14:38:30.226924+00:00,AP_02,dev_c4c59c0a301caf36,heartbeat,-50
2026-09-20T14:38:31.226924+00:00,AP_02,dev_7dc730154810b19b,heartbeat,-45
2026-09-20T14:38:32.226924+00:00,AP_03,dev_0ee25486519d39a2,heartbeat,-52
2026-09-20T14:38:34.226924+00:00,AP_03,dev_a4b93ff51018f4c5,heartbeat,-53
2026-09-20T14:38:35.226924+00:00,AP_02,dev_e880e41ccd1eeaca,heartbeat,-48
2026-09-20T14:38:37.226924+00:00,AP_02,dev_67afb0bc703b419b,heartbeat,-48
2026-09-20T14:38:39.226924+00:00,AP_01,dev_35778c3c4e63c5e5,heartbeat,-52
2026-09-20T14:38:39.226924+00:00,AP_01,dev_932d334d0b33c912,heartbeat,-49
2026-09-20T14:38:41.226924+00:00,AP_02,dev_e1493be4e7873c05,heartbeat,-49
2026-09-20T14:38:41.226924+00:00,AP_02,dev_44bae648792c87a3,heartbeat,-45
2026-09-20T14:38:43.226924+00:00,AP_01,dev_605e9822a32bf845,heartbeat,-46
2026-09-20T14:38:43.226924+00:00,AP_01,dev_dac99220a0ad0fd7,heartbeat,-54
2026-09-20T14:38:43.226924+00:00,AP_03,dev_07284014dce9133c,heartbeat,-47
2026-09-20T14:38:44.226924+00:00,AP_01,dev_731b3d87b1dc7eee,heartbeat,-44
2026-09-20T14:38:44.226924+00:00,AP_01,dev_bbc41c619e88bd47,heartbeat,-43
2026-09-20T14:38:44.226924+00:00,AP_02,dev_75cf3775171f19ea,heartbeat,-53
2026-09-20T14:38:45.226924+00:00,AP_02,dev_349b3f24156b47ac,heartbeat,-41
2026-09-20T14:38:45.226924+00:00,AP_02,dev_e0901586fe4e5714,heartbeat,-54
2026-09-20T14:38:48.226924+00:00,AP_01,dev_bc8d7b6196fcef34,heartbeat,-44
2026-09-20T14:38:48.226924+00:00,AP_02,dev_4ac84bb5b54bd1e2,heartbeat,-49
2026-09-20T14:38:48.226924+00:00,AP_02,dev_89db6f69939e3a2d,heartbeat,-56
2026-09-20T14:38:49.226924+00:00,AP_02,dev_2b173c18c059f8e9,heartbeat,-48
2026-09-20T14:38:50.226924+00:00,AP_01,dev_f50ad49c2c67a14f,heartbeat,-51
2026-09-20T14:38:50.226924+00:00,AP_02,dev_55eaa3daf2dd130b,heartbeat,-46
2026-09-20T14:38:50.226924+00:00,AP_02,dev_1f7d38735c96fb65,heartbeat,-48
2026-09-20T14:38:51.226924+00:00,AP_01,dev_445ccbc2b30f400c,heartbeat,-50
2026-09-20T14:38:51.226924+00:00,AP_01,dev_539021518e086590,heartbeat,-54
2026-09-20T14:38:51.226924+00:00,AP_02,dev_0f96d15f51d22665,heartbeat,-51
2026-09-20T14:38:51.226924+00:00,AP_02,dev_dba56be9de81f118,heartbeat,-47
2026-09-20T14:38:52.226924+00:00,AP_01,dev_3685007455cd815a,heartbeat,-53
2026-09-20T14:38:53.226924+00:00,AP_01,dev_daba50eec8c1da46,heartbeat,-49
2026-09-20T14:38:53.226924+00:00,AP_01,dev_8036e1c3a6abbe3c,heartbeat,-53
2026-09-20T14:38:53.226924+00:00,AP_01,dev_c406cbd22ec99ead,heartbeat,-43
2026-09-20T14:38:55.226924+00:00,AP_01,dev_4f88e58b44e4f3e4,heartbeat,-55
2026-09-20T14:38:55.226924+00:00,AP_01,dev_7a7cb5ddf5eb7995,heartbeat,-46
2026-09-20T14:38:57.226924+00:00,AP_01,dev_62e4eb8d4981d69d,heartbeat,-53
2026-09-20T14:38:59.226924+00:00,AP_02,dev_6e87a995d8ad91a8,heartbeat,-49
2026-09-20T14:39:00.226924+00:00,AP_02,dev_7dc730154810b19b,heartbeat,-51
2026-09-20T14:39:01.226924+00:00,AP_02,dev_c4c59c0a301caf36,heartbeat,-57
2026-09-20T14:39:02.226924+00:00,AP_01,dev_101e46487f17e515,heartbeat,-54
2026-09-20T14:39:04.226924+00:00,AP_03,dev_0ee25486519d39a2,heartbeat,-49
2026-09-20T14:39:05.226924+00:00,AP_02,dev_e880e41ccd1eeaca,heartbeat,-49
2026-09-20T14:39:06.226924+00:00,AP_01,dev_932d334d0b33c912,heartbeat,-43
2026-09-20T14:39:06.226924+00:00,AP_03,dev_a4b93ff51018f4c5,heartbeat,-59
2026-09-20T14:39:08.226924+00:00,AP_01,dev_35778c3c4e63c5e5,heartbeat,-52
2026-09-20T14:39:09.226924+00:00,AP_02,dev_67afb0bc703b419b,heartbeat,-53
2026-09-20T14:39:10.226924+00:00,AP_01,dev_605e9822a32bf845,heartbeat,-51
2026-09-20T14:39:12.226924+00:00,AP_01,dev_dac99220a0ad0fd7,heartbeat,-50
2026-09-20T14:39:12.226924+00:00,AP_02,dev_44bae648792c87a3,heartbeat,-54
2026-09-20T14:39:13.226924+00:00,AP_01,dev_bbc41c619e88bd47,heartbeat,-52
2026-09-20T14:39:13.226924+00:00,AP_02,dev_75cf3775171f19ea,heartbeat,-47
2026-09-20T14:39:13.226924+00:00,AP_02,dev_e1493be4e7873c05,heartbeat,-52
2026-09-20T14:39:13.226924+00:00,AP_03,dev_07284014dce9133c,heartbeat,-50
2026-09-20T14:39:15.226924+00:00,AP_02,dev_e0901586fe4e5714,heartbeat,-53
2026-09-20T14:39:16.226924+00:00,AP_02,dev_349b3f24156b47ac,heartbeat,-53
2026-09-20T14:39:17.226924+00:00,AP_01,dev_731b3d87b1dc7eee,heartbeat,-53
2026-09-20T14:39:17.226924+00:00,AP_02,dev_4ac84bb5b54bd1e2,heartbeat,-51
2026-09-20T14:39:18.226924+00:00,AP_02,dev_2b173c18c059f8e9,heartbeat,-50
2026-09-20T14:39:19.226924+00:00,AP_01,dev_bc8d7b6196fcef34,heartbeat,-53
2026-09-20T14:39:19.226924+00:00,AP_01,dev_539021518e086590,heartbeat,-43
2026-09-20T14:39:19.226924+00:00,AP_02,dev_1f7d38735c96fb65,heartbeat,-45
2026-09-20T14:39:19.226924+00:00,AP_02,dev_89db6f69939e3a2d,heartbeat,-58
2026-09-20T14:39:20.226924+00:00,AP_01,dev_3685007455cd815a,heartbeat,-49
2026-09-20T14:39:20.226924+00:00,AP_02,dev_55eaa3daf2dd130b,heartbeat,-50
2026-09-20T14:39:21.226924+00:00,AP_01,dev_f50ad49c2c67a14f,heartbeat,-52
2026-09-20T14:39:21.226924+00:00,AP_01,dev_8036e1c3a6abbe3c,heartbeat,-50
2026-09-20T14:39:21.226924+00:00,AP_02,dev_0f96d15f51d22665,heartbeat,-51
2026-09-20T14:39:22.226924+00:00,AP_01,dev_445ccbc2b30f400c,heartbeat,-53
2026-09-20T14:39:22.226924+00:00,AP_02,dev_dba56be9de81f118,heartbeat,-48
2026-09-20T14:39:25.226924+00:00,AP_01,dev_daba50eec8c1da46,heartbeat,-51
2026-09-20T14:39:25.226924+00:00,AP_01,dev_7a7cb5ddf5eb7995,heartbeat,-41
2026-09-20T14:39:26.226924+00:00,AP_01,dev_c406cbd22ec99ead,heartbeat,-43
2026-09-20T14:39:27.226924+00:00,AP_01,dev_62e4eb8d4981d69d,heartbeat,-47
2026-09-20T14:39:28.226924+00:00,AP_01,dev_4f88e58b44e4f3e4,heartbeat,-45
2026-09-20T14:39:28.226924+00:00,AP_02,dev_7dc730154810b19b,heartbeat,-46
2026-09-20T14:39:28.226924+00:00,AP_02,dev_6e87a995d8ad91a8,heartbeat,-48
2026-09-20T14:39:30.226924+00:00,AP_01,dev_101e46487f17e515,heartbeat,-55
2026-09-20T14:39:31.226924+00:00,AP_03,dev_0ee25486519d39a2,heartbeat,-52
2026-09-20T14:39:34.226924+00:00,AP_02,dev_c4c59c0a301caf36,heartbeat,-50
2026-09-20T14:39:35.226924+00:00,AP_01,dev_35778c3c4e63c5e5,heartbeat,-42
2026-09-20T14:39:35.226924+00:00,AP_02,dev_e880e41ccd1eeaca,heartbeat,-54
2026-09-20T14:39:36.226924+00:00,AP_02,dev_67afb0bc703b419b,heartbeat,-50
2026-09-20T14:39:37.226924+00:00,AP_01,dev_932d334d0b33c912,heartbeat,-49
2026-09-20T14:39:39.226924+00:00,AP_03,dev_a4b93ff51018f4c5,heartbeat,-53
2026-09-20T14:39:41.226924+00:00,AP_01,dev_605e9822a32bf845,heartbeat,-44
2026-09-20T14:39:42.226924+00:00,AP_01,dev_bbc41c619e88bd47,heartbeat,-51
2026-09-20T14:39:42.226924+00:00,AP_02,dev_75cf3775171f19ea,heartbeat,-53
2026-09-20T14:39:43.226924+00:00,AP_02,dev_e0901586fe4e5714,heartbeat,-45
2026-09-20T14:39:44.226924+00:00,AP_01,dev_731b3d87b1dc7eee,heartbeat,-49
2026-09-20T14:39:44.226924+00:00,AP_02,dev_44bae648792c87a3,heartbeat,-50
2026-09-20T14:39:45.226924+00:00,AP_01,dev_dac99220a0ad0fd7,heartbeat,-52
2026-09-20T14:39:45.226924+00:00,AP_02,dev_4ac84bb5b54bd1e2,heartbeat,-54
2026-09-20T14:39:46.226924+00:00,AP_01,dev_539021518e086590,heartbeat,-44
2026-09-20T14:39:46.226924+00:00,AP_02,dev_349b3f24156b47ac,heartbeat,-44
2026-09-20T14:39:46.226924+00:00,AP_02,dev_2b173c18c059f8e9,heartbeat,-52
2026-09-20T14:39:46.226924+00:00,AP_02,dev_e1493be4e7873c05,heartbeat,-46
2026-09-20T14:39:46.226924+00:00,AP_03,dev_07284014dce9133c,heartbeat,-47
2026-09-20T14:39:48.226924+00:00,AP_01,dev_f50ad49c2c67a14f,heartbeat,-46
2026-09-20T14:39:48.226924+00:00,AP_01,dev_3685007455cd815a,heartbeat,-49
2026-09-20T14:39:48.226924+00:00,AP_02,dev_1f7d38735c96fb65,heartbeat,-45
2026-09-20T14:39:49.226924+00:00,AP_01,dev_8036e1c3a6abbe3c,heartbeat,-53
2026-09-20T14:39:50.226924+00:00,AP_02,dev_0f96d15f51d22665,heartbeat,-54
2026-09-20T14:39:50.226924+00:00,AP_02,dev_55eaa3daf2dd130b,heartbeat,-46
2026-09-20T14:39:50.226924+00:00,AP_02,dev_89db6f69939e3a2d,heartbeat,-47
2026-09-20T14:39:51.226924+00:00,AP_01,dev_445ccbc2b30f400c,heartbeat,-50
2026-09-20T14:39:51.226924+00:00,AP_02,dev_dba56be9de81f118,heartbeat,-51
2026-09-20T14:39:52.226924+00:00,AP_01,dev_bc8d7b6196fcef34,heartbeat,-53
2026-09-20T14:39:54.226924+00:00,AP_01,dev_c406cbd22ec99ead,heartbeat,-51
2026-09-20T14:39:54.226924+00:00,AP_01,dev_62e4eb8d4981d69d,heartbeat,-52
2026-09-20T14:39:55.226924+00:00,AP_01,dev_daba50eec8c1da46,heartbeat,-49
2026-09-20T14:39:55.226924+00:00,AP_01,dev_4f88e58b44e4f3e4,heartbeat,-44
2026-09-20T14:39:56.226924+00:00,AP_01,dev_7a7cb5ddf5eb7995,heartbeat,-58
2026-09-20T14:39:56.226924+00:00,AP_02,dev_6e87a995d8ad91a8,heartbeat,-42
2026-09-20T14:39:59.226924+00:00,AP_02,dev_7dc730154810b19b,heartbeat,-54
2026-09-20T14:40:01.226924+00:00,AP_01,dev_101e46487f17e515,heartbeat,-44
2026-09-20T14:40:02.226924+00:00,AP_02,dev_e880e41ccd1eeaca,heartbeat,-54
2026-09-20T14:40:03.226924+00:00,AP_03,dev_0ee25486519d39a2,heartbeat,-50
2026-09-20T14:40:06.226924+00:00,AP_02,dev_c4c59c0a301caf36,heartbeat,-52
2026-09-20T14:40:07.226924+00:00,AP_03,dev_a4b93ff51018f4c5,heartbeat,-52
2026-09-20T14:40:08.226924+00:00,AP_01,dev_35778c3c4e63c5e5,heartbeat,-57
2026-09-20T14:40:08.226924+00:00,AP_01,dev_932d334d0b33c912,heartbeat,-49
2026-09-20T14:40:09.226924+00:00,AP_01,dev_bbc41c619e88bd47,heartbeat,-42
2026-09-20T14:40:09.226924+00:00,AP_02,dev_67afb0bc703b419b,heartbeat,-49
2026-09-20T14:40:11.226924+00:00,AP_01,dev_731b3d87b1dc7eee,heartbeat,-46
2026-09-20T14:40:12.226924+00:00,AP_02,dev_75cf3775171f19ea,heartbeat,-48
2026-09-20T14:40:13.226924+00:00,AP_02,dev_349b3f24156b47ac,heartbeat,-47
2026-09-20T14:40:13.226924+00:00,AP_02,dev_e1493be4e7873c05,heartbeat,-43
2026-09-20T14:40:14.226924+00:00,AP_01,dev_605e9822a32bf845,heartbeat,-48
2026-09-20T14:40:14.226924+00:00,AP_02,dev_4ac84bb5b54bd1e2,heartbeat,-53
2026-09-20T14:40:14.226924+00:00,AP_02,dev_e0901586fe4e5714,heartbeat,-54
2026-09-20T14:40:14.226924+00:00,AP_03,dev_07284014dce9133c,heartbeat,-48
2026-09-20T14:40:15.226924+00:00,AP_01,dev_f50ad49c2c67a14f,heartbeat,-44
2026-09-20T14:40:15.226924+00:00,AP_01,dev_539021518e086590,heartbeat,-47
2026-09-20T14:40:15.226924+00:00,AP_01,dev_dac99220a0ad0fd7,heartbeat,-44
2026-09-20T14:40:15.226924+00:00,AP_02,dev_2b173c18c059f8e9,heartbeat,-45
2026-09-20T14:40:16.226924+00:00,AP_01,dev_3685007455cd815a,heartbeat,-49
2026-09-20T14:40:16.226924+00:00,AP_02,dev_1f7d38735c96fb65,heartbeat,-55
2026-09-20T14:40:17.226924+00:00,AP_02,dev_44bae648792c87a3,heartbeat,-52
2026-09-20T14:40:19.226924+00:00,AP_01,dev_8036e1c3a6abbe3c,heartbeat,-51
2026-09-20T14:40:19.226924+00:00,AP_01,dev_445ccbc2b30f400c,heartbeat,-46
2026-09-20T14:40:19.226924+00:00,AP_02,dev_0f96d15f51d22665,heartbeat,-55
2026-09-20T14:40:21.226924+00:00,AP_01,dev_62e4eb8d4981d69d,heartbeat,-48
2026-09-20T14:40:21.226924+00:00,AP_02,dev_55eaa3daf2dd130b,heartbeat,-48
2026-09-20T14:40:23.226924+00:00,AP_01,dev_c406cbd22ec99ead,heartbeat,-47
2026-09-20T14:40:23.226924+00:00,AP_02,dev_dba56be9de81f118,heartbeat,-50
2026-09-20T14:40:23.226924+00:00,AP_02,dev_89db6f69939e3a2d,heartbeat,-45
2026-09-20T14:40:24.226924+00:00,AP_01,dev_bc8d7b6196fcef34,heartbeat,-47
2026-09-20T14:40:25.226924+00:00,AP_01,dev_daba50eec8c1da46,heartbeat,-49
2026-09-20T14:40:25.226924+00:00,AP_01,dev_4f88e58b44e4f3e4,heartbeat,-50
2026-09-20T14:40:28.226924+00:00,AP_02,dev_6e87a995d8ad91a8,heartbeat,-48
2026-09-20T14:40:29.226924+00:00,AP_01,dev_7a7cb5ddf5eb7995,heartbeat,-52
2026-09-20T14:40:31.226924+00:00,AP_03,dev_0ee25486519d39a2,heartbeat,-42
2026-09-20T14:40:32.226924+00:00,AP_01,dev_101e46487f17e515,heartbeat,-52
2026-09-20T14:40:32.226924+00:00,AP_02,dev_7dc730154810b19b,heartbeat,-53
2026-09-20T14:40:35.226924+00:00,AP_01,dev_b5f693bdb2568671,connect,-50
2026-09-20T14:40:35.226924+00:00,AP_02,dev_e880e41ccd1eeaca,heartbeat,-45
2026-09-20T14:40:37.226924+00:00,AP_02,dev_c4c59c0a301caf36,heartbeat,-46
2026-09-20T14:40:37.226924+00:00,AP_03,dev_a4b93ff51018f4c5,heartbeat,-50
2026-09-20T14:40:38.226924+00:00,AP_01,dev_731b3d87b1dc7eee,heartbeat,-49
2026-09-20T14:40:38.226924+00:00,AP_01,dev_bbc41c619e88bd47,heartbeat,-52
2026-09-20T14:40:38.226924+00:00,AP_01,dev_932d334d0b33c912,heartbeat,-42
2026-09-20T14:40:40.226924+00:00,AP_01,dev_35778c3c4e63c5e5,heartbeat,-49
2026-09-20T14:40:40.226924+00:00,AP_02,dev_67afb0bc703b419b,heartbeat,-48
2026-09-20T14:40:40.226924+00:00,AP_02,dev_75cf3775171f19ea,heartbeat,-52
2026-09-20T14:40:40.226924+00:00,AP_02,dev_349b3f24156b47ac,heartbeat,-51
2026-09-20T14:40:41.226924+00:00,AP_02,dev_e1493be4e7873c05,heartbeat,-48
2026-09-20T14:40:42.226924+00:00,AP_03,dev_07284014dce9133c,heartbeat,-54
2026-09-20T14:40:43.226924+00:00,AP_01,dev_dac99220a0ad0fd7,heartbeat,-50
2026-09-20T14:40:44.226924+00:00,AP_01,dev_605e9822a32bf845,heartbeat,-52
2026-09-20T14:40:44.226924+00:00,AP_02,dev_e0901586fe4e5714,heartbeat,-50
2026-09-20T14:40:45.226924+00:00,AP_02,dev_4ac84bb5b54bd1e2,heartbeat,-54
2026-09-20T14:40:45.226924+00:00,AP_02,dev_2b173c18c059f8e9,heartbeat,-52
2026-09-20T14:40:47.226924+00:00,AP_01,dev_f50ad49c2c67a14f,heartbeat,-55
2026-09-20T14:40:47.226924+00:00,AP_01,dev_3685007455cd815a,heartbeat,-49
2026-09-20T14:40:47.226924+00:00,AP_01,dev_539021518e086590,heartbeat,-53
2026-09-20T14:40:48.226924+00:00,AP_01,dev_8036e1c3a6abbe3c,heartbeat,-53
2026-09-20T14:40:48.226924+00:00,AP_02,dev_1f7d38735c96fb65,heartbeat,-49
2026-09-20T14:40:50.226924+00:00,AP_01,dev_62e4eb8d4981d69d,heartbeat,-52
2026-09-20T14:40:50.226924+00:00,AP_02,dev_0f96d15f51d22665,heartbeat,-48
2026-09-20T14:40:50.226924+00:00,AP_02,dev_55eaa3daf2dd130b,heartbeat,-52
2026-09-20T14:40:50.226924+00:00,AP_02,dev_44bae648792c87a3,heartbeat,-47
2026-09-20T14:40:51.226924+00:00,AP_01,dev_c406cbd22ec99ead,heartbeat,-48
2026-09-20T14:40:51.226924+00:00,AP_01,dev_445ccbc2b30f400c,heartbeat,-50
2026-09-20T14:40:52.226924+00:00,AP_01,dev_bc8d7b6196fcef34,heartbeat,-53
2026-09-20T14:40:52.226924+00:00,AP_01,dev_4f88e58b44e4f3e4,heartbeat,-52
2026-09-20T14:40:52.226924+00:00,AP_02,dev_dba56be9de81f118,heartbeat,-51
2026-09-20T14:40:54.226924+00:00,AP_02,dev_89db6f69939e3a2d,heartbeat,-50
2026-09-20T14:40:56.226924+00:00,AP_02,dev_6e87a995d8ad91a8,heartbeat,-51
2026-09-20T14:40:58.226924+00:00,AP_01,dev_daba50eec8c1da46,heartbeat,-50
2026-09-20T14:40:59.226924+00:00,AP_01,dev_101e46487f17e515,heartbeat,-49
2026-09-20T14:41:00.226924+00:00,AP_01,dev_7a7cb5ddf5eb7995,heartbeat,-48
2026-09-20T14:41:01.226924+00:00,AP_03,dev_0ee25486519d39a2,heartbeat,-48
2026-09-20T14:41:04.226924+00:00,AP_02,dev_7dc730154810b19b,heartbeat,-55
2026-09-20T14:41:04.226924+00:00,AP_02,dev_c4c59c0a301caf36,heartbeat,-49
2026-09-20T14:41:05.226924+00:00,AP_01,dev_b5f693bdb2568671,heartbeat,-43
2026-09-20T14:41:06.226924+00:00,AP_01,dev_932d334d0b33c912,heartbeat,-52
2026-09-20T14:41:06.226924+00:00,AP_02,dev_e880e41ccd1eeaca,heartbeat,-48
2026-09-20T14:41:06.226924+00:00,AP_03,dev_a4b93ff51018f4c5,heartbeat,-50
2026-09-20T14:41:07.226924+00:00,AP_01,dev_35778c3c4e63c5e5,heartbeat,-51
2026-09-20T14:41:07.226924+00:00,AP_02,dev_349b3f24156b47ac,heartbeat,-48
2026-09-20T14:41:09.226924+00:00,AP_01,dev_bbc41c619e88bd47,heartbeat,-55
2026-09-20T14:41:10.226924+00:00,AP_01,dev_dac99220a0ad0fd7,heartbeat,-50
2026-09-20T14:41:11.226924+00:00,AP_01,dev_731b3d87b1dc7eee,heartbeat,-50
2026-09-20T14:41:11.226924+00:00,AP_02,dev_67afb0bc703b419b,heartbeat,-47
2026-09-20T14:41:11.226924+00:00,AP_02,dev_75cf3775171f19ea,heartbeat,-47
2026-09-20T14:41:12.226924+00:00,AP_03,dev_07284014dce9133c,heartbeat,-50
2026-09-20T14:41:14.226924+00:00,AP_02,dev_e1493be4e7873c05,heartbeat,-46
2026-09-20T14:41:15.226924+00:00,AP_01,dev_3685007455cd815a,heartbeat,-48
2026-09-20T14:41:15.226924+00:00,AP_01,dev_605e9822a32bf845,heartbeat,-40
2026-09-20T14:41:15.226924+00:00,AP_02,dev_2b173c18c059f8e9,heartbeat,-48
2026-09-20T14:41:15.226924+00:00,AP_02,dev_e0901586fe4e5714,heartbeat,-52
2026-09-20T14:41:16.226924+00:00,AP_01,dev_f50ad49c2c67a14f,heartbeat,-46
2026-09-20T14:41:16.226924+00:00,AP_01,dev_539021518e086590,heartbeat,-50
2026-09-20T14:41:18.226924+00:00,AP_01,dev_8036e1c3a6abbe3c,heartbeat,-55
2026-09-20T14:41:18.226924+00:00,AP_01,dev_62e4eb8d4981d69d,heartbeat,-50
2026-09-20T14:41:18.226924+00:00,AP_02,dev_4ac84bb5b54bd1e2,heartbeat,-48
2026-09-20T14:41:19.226924+00:00,AP_02,dev_55eaa3daf2dd130b,heartbeat,-48
2026-09-20T14:41:19.226924+00:00,AP_02,dev_dba56be9de81f118,heartbeat,-49
2026-09-20T14:41:20.226924+00:00,AP_01,dev_c406cbd22ec99ead,heartbeat,-51
2026-09-20T14:41:20.226924+00:00,AP_01,dev_4f88e58b44e4f3e4,heartbeat,-52
2026-09-20T14:41:20.226924+00:00,AP_02,dev_1f7d38735c96fb65,heartbeat,-47
2026-09-20T14:41:21.226924+00:00,AP_01,dev_bc8d7b6196fcef34,heartbeat,-53
2026-09-20T14:41:22.226924+00:00,AP_01,dev_445ccbc2b30f400c,heartbeat,-53
2026-09-20T14:41:22.226924+00:00,AP_02,dev_0f96d15f51d22665,heartbeat,-51
2026-09-20T14:41:23.226924+00:00,AP_02,dev_6e87a995d8ad91a8,heartbeat,-48
2026-09-20T14:41:23.226924+00:00,AP_02,dev_44bae648792c87a3,heartbeat,-52
2026-09-20T14:41:24.226924+00:00,AP_02,dev_89db6f69939e3a2d,heartbeat,-47
2026-09-20T14:41:27.226924+00:00,AP_01,dev_101e46487f17e515,heartbeat,-48
2026-09-20T14:41:28.226924+00:00,AP_03,dev_0ee25486519d39a2,heartbeat,-47
2026-09-20T14:41:30.226924+00:00,AP_01,dev_daba50eec8c1da46,heartbeat,-51
2026-09-20T14:41:31.226924+00:00,AP_01,dev_7a7cb5ddf5eb7995,heartbeat,-50
2026-09-20T14:41:31.226924+00:00,AP_02,dev_c4c59c0a301caf36,heartbeat,-52
2026-09-20T14:41:33.226924+00:00,AP_01,dev_b5f693bdb2568671,heartbeat,-55
2026-09-20T14:41:35.226924+00:00,AP_01,dev_35778c3c4e63c5e5,heartbeat,-52
2026-09-20T14:41:35.226924+00:00,AP_01,dev_ea5204da7be6a53e,connect,-56
2026-09-20T14:41:35.226924+00:00,AP_01,dev_0f1959ebaf2421f7,connect,-49
2026-09-20T14:41:36.226924+00:00,AP_01,dev_932d334d0b33c912,heartbeat,-50
2026-09-20T14:41:36.226924+00:00,AP_02,dev_e880e41ccd1eeaca,heartbeat,-53
2026-09-20T14:41:36.226924+00:00,AP_02,dev_349b3f24156b47ac,heartbeat,-48
2026-09-20T14:41:37.226924+00:00,AP_02,dev_7dc730154810b19b,heartbeat,-55
2026-09-20T14:41:37.226924+00:00,AP_03,dev_a4b93ff51018f4c5,heartbeat,-51
2026-09-20T14:41:38.226924+00:00,AP_01,dev_731b3d87b1dc7eee,heartbeat,-46
2026-09-20T14:41:39.226924+00:00,AP_01,dev_bbc41c619e88bd47,heartbeat,-53
2026-09-20T14:41:39.226924+00:00,AP_03,dev_07284014dce9133c,heartbeat,-47
2026-09-20T14:41:42.226924+00:00,AP_02,dev_67afb0bc703b419b,heartbeat,-48
2026-09-20T14:41:42.226924+00:00,AP_02,dev_e1493be4e7873c05,heartbeat,-45
2026-09-20T14:41:43.226924+00:00,AP_01,dev_dac99220a0ad0fd7,heartbeat,-49
2026-09-20T14:41:43.226924+00:00,AP_02,dev_75cf3775171f19ea,heartbeat,-52
2026-09-20T14:41:43.226924+00:00,AP_02,dev_e0901586fe4e5714,heartbeat,-53
2026-09-20T14:41:44.226924+00:00,AP_01,dev_605e9822a32bf845,heartbeat,-48
2026-09-20T14:41:44.226924+00:00,AP_02,dev_2b173c18c059f8e9,heartbeat,-47
2026-09-20T14:41:46.226924+00:00,AP_01,dev_8036e1c3a6abbe3c,heartbeat,-45
2026-09-20T14:41:46.226924+00:00,AP_01,dev_539021518e086590,heartbeat,-51
2026-09-20T14:41:46.226924+00:00,AP_02,dev_55eaa3daf2dd130b,heartbeat,-53
2026-09-20T14:41:47.226924+00:00,AP_01,dev_f50ad49c2c67a14f,heartbeat,-54
2026-09-20T14:41:47.226924+00:00,AP_01,dev_c406cbd22ec99ead,heartbeat,-46
2026-09-20T14:41:47.226924+00:00,AP_02,dev_4ac84bb5b54bd1e2,heartbeat,-58
2026-09-20T14:41:48.226924+00:00,AP_01,dev_3685007455cd815a,heartbeat,-55
2026-09-20T14:41:48.226924+00:00,AP_01,dev_62e4eb8d4981d69d,heartbeat,-37
2026-09-20T14:41:51.226924+00:00,AP_01,dev_4f88e58b44e4f3e4,heartbeat,-51
2026-09-20T14:41:51.226924+00:00,AP_02,dev_1f7d38735c96fb65,heartbeat,-53
2026-09-20T14:41:52.226924+00:00,AP_02,dev_0f96d15f51d22665,heartbeat,-49
2026-09-20T14:41:52.226924+00:00,AP_02,dev_dba56be9de81f118,heartbeat,-48
2026-09-20T14:41:53.226924+00:00,AP_01,dev_bc8d7b6196fcef34,heartbeat,-52
2026-09-20T14:41:53.226924+00:00,AP_02,dev_6e87a995d8ad91a8,heartbeat,-49
2026-09-20T14:41:54.226924+00:00,AP_01,dev_101e46487f17e515,heartbeat,-51
2026-09-20T14:41:54.226924+00:00,AP_01,dev_445ccbc2b30f400c,heartbeat,-55
2026-09-20T14:41:54.226924+00:00,AP_02,dev_89db6f69939e3a2d,heartbeat,-52
2026-09-20T14:41:55.226924+00:00,AP_03,dev_0ee25486519d39a2,heartbeat,-47
2026-09-20T14:41:56.226924+00:00,AP_02,dev_44bae648792c87a3,heartbeat,-44
2026-09-20T14:41:59.226924+00:00,AP_01,dev_daba50eec8c1da46,heartbeat,-57
2026-09-20T14:42:01.226924+00:00,AP_01,dev_7a7cb5ddf5eb7995,heartbeat,-59
2026-09-20T14:42:01.226924+00:00,AP_02,dev_c4c59c0a301caf36,heartbeat,-47
2026-09-20T14:42:02.226924+00:00,AP_01,dev_35778c3c4e63c5e5,heartbeat,-48
2026-09-20T14:42:03.226924+00:00,AP_01,dev_b5f693bdb2568671,heartbeat,-54
2026-09-20T14:42:03.226924+00:00,AP_02,dev_e880e41ccd1eeaca,heartbeat,-53
2026-09-20T14:42:05.226924+00:00,AP_01,dev_ea5204da7be6a53e,heartbeat,-46
2026-09-20T14:42:05.226924+00:00,AP_01,dev_932d334d0b33c912,heartbeat,-51
2026-09-20T14:42:05.226924+00:00,AP_01,dev_0f1959ebaf2421f7,heartbeat,-49
2026-09-20T14:42:06.226924+00:00,AP_01,dev_731b3d87b1dc7eee,heartbeat,-52
2026-09-20T14:42:07.226924+00:00,AP_03,dev_a4b93ff51018f4c5,heartbeat,-53
2026-09-20T14:42:08.226924+00:00,AP_02,dev_349b3f24156b47ac,heartbeat,-45
2026-09-20T14:42:09.226924+00:00,AP_01,dev_bbc41c619e88bd47,heartbeat,-50
2026-09-20T14:42:09.226924+00:00,AP_02,dev_7dc730154810b19b,heartbeat,-52
2026-09-20T14:42:10.226924+00:00,AP_03,dev_07284014dce9133c,heartbeat,-50
2026-09-20T14:42:11.226924+00:00,AP_02,dev_67afb0bc703b419b,heartbeat,-47
2026-09-20T14:42:11.226924+00:00,AP_02,dev_e0901586fe4e5714,heartbeat,-47
2026-09-20T14:42:12.226924+00:00,AP_01,dev_dac99220a0ad0fd7,heartbeat,-48
2026-09-20T14:42:12.226924+00:00,AP_02,dev_e1493be4e7873c05,heartbeat,-53
2026-09-20T14:42:13.226924+00:00,AP_02,dev_75cf3775171f19ea,heartbeat,-53
2026-09-20T14:42:14.226924+00:00,AP_01,dev_539021518e086590,heartbeat,-49
2026-09-20T14:42:15.226924+00:00,AP_02,dev_2b173c18c059f8e9,heartbeat,-54
2026-09-20T14:42:16.226924+00:00,AP_01,dev_8036e1c3a6abbe3c,heartbeat,-50
2026-09-20T14:42:16.226924+00:00,AP_01,dev_62e4eb8d4981d69d,heartbeat,-46
2026-09-20T14:42:16.226924+00:00,AP_02,dev_55eaa3daf2dd130b,heartbeat,-48
2026-09-20T14:42:17.226924+00:00,AP_01,dev_3685007455cd815a,heartbeat,-49
2026-09-20T14:42:17.226924+00:00,AP_01,dev_605e9822a32bf845,heartbeat,-52
2026-09-20T14:42:17.226924+00:00,AP_02,dev_4ac84bb5b54bd1e2,heartbeat,-52
2026-09-20T14:42:18.226924+00:00,AP_01,dev_f50ad49c2c67a14f,heartbeat,-49
2026-09-20T14:42:19.226924+00:00,AP_02,dev_1f7d38735c96fb65,heartbeat,-49
2026-09-20T14:42:20.226924+00:00,AP_01,dev_c406cbd22ec99ead,heartbeat,-50
2026-09-20T14:42:20.226924+00:00,AP_01,dev_4f88e58b44e4f3e4,heartbeat,-50
2026-09-20T14:42:20.226924+00:00,AP_02,dev_6e87a995d8ad91a8,heartbeat,-50
2026-09-20T14:42:21.226924+00:00,AP_01,dev_101e46487f17e515,heartbeat,-51
2026-09-20T14:42:21.226924+00:00,AP_01,dev_bc8d7b6196fcef34,heartbeat,-45
2026-09-20T14:42:22.226924+00:00,AP_01,dev_445ccbc2b30f400c,heartbeat,-50
2026-09-20T14:42:22.226924+00:00,AP_02,dev_dba56be9de81f118,heartbeat,-45
2026-09-20T14:42:22.226924+00:00,AP_02,dev_89db6f69939e3a2d,heartbeat,-48
2026-09-20T14:42:23.226924+00:00,AP_02,dev_0f96d15f51d22665,heartbeat,-50
2026-09-20T14:42:24.226924+00:00,AP_02,dev_44bae648792c87a3,heartbeat,-50
2026-09-20T14:42:26.226924+00:00,AP_03,dev_0ee25486519d39a2,heartbeat,-49
2026-09-20T14:42:29.226924+00:00,AP_01,dev_daba50eec8c1da46,heartbeat,-54
2026-09-20T14:42:30.226924+00:00,AP_01,dev_35778c3c4e63c5e5,heartbeat,-44
2026-09-20T14:42:32.226924+00:00,AP_01,dev_ea5204da7be6a53e,heartbeat,-51
2026-09-20T14:42:33.226924+00:00,AP_01,dev_731b3d87b1dc7eee,heartbeat,-56
2026-09-20T14:42:33.226924+00:00,AP_01,dev_b5f693bdb2568671,heartbeat,-47
2026-09-20T14:42:33.226924+00:00,AP_01,dev_7a7cb5ddf5eb7995,heartbeat,-51
2026-09-20T14:42:33.226924+00:00,AP_02,dev_c4c59c0a301caf36,heartbeat,-48
2026-09-20T14:42:34.226924+00:00,AP_01,dev_932d334d0b33c912,heartbeat,-49
2026-09-20T14:42:35.226924+00:00,AP_02,dev_e880e41ccd1eeaca,heartbeat,-49
2026-09-20T14:42:36.226924+00:00,AP_02,dev_7dc730154810b19b,heartbeat,-45
2026-09-20T14:42:36.226924+00:00,AP_03,dev_a4b93ff51018f4c5,heartbeat,-48
2026-09-20T14:42:37.226924+00:00,AP_01,dev_0f1959ebaf2421f7,heartbeat,-47
2026-09-20T14:42:37.226924+00:00,AP_03,dev_07284014dce9133c,heartbeat,-45
2026-09-20T14:42:39.226924+00:00,AP_02,dev_349b3f24156b47ac,heartbeat,-44
2026-09-20T14:42:39.226924+00:00,AP_02,dev_e0901586fe4e5714,heartbeat,-48
2026-09-20T14:42:41.226924+00:00,AP_01,dev_bbc41c619e88bd47,heartbeat,-46
2026-09-20T14:42:42.226924+00:00,AP_01,dev_539021518e086590,heartbeat,-56
2026-09-20T14:42:42.226924+00:00,AP_02,dev_67afb0bc703b419b,heartbeat,-46
2026-09-20T14:42:43.226924+00:00,AP_01,dev_dac99220a0ad0fd7,heartbeat,-52
2026-09-20T14:42:44.226924+00:00,AP_01,dev_8036e1c3a6abbe3c,heartbeat,-56
2026-09-20T14:42:44.226924+00:00,AP_02,dev_75cf3775171f19ea,heartbeat,-52
2026-09-20T14:42:44.226924+00:00,AP_02,dev_2b173c18c059f8e9,heartbeat,-46
2026-09-20T14:42:45.226924+00:00,AP_02,dev_e1493be4e7873c05,heartbeat,-54
2026-09-20T14:42:47.226924+00:00,AP_01,dev_4f88e58b44e4f3e4,heartbeat,-48
2026-09-20T14:42:47.226924+00:00,AP_02,dev_55eaa3daf2dd130b,heartbeat,-51
2026-09-20T14:42:48.226924+00:00,AP_01,dev_f50ad49c2c67a14f,heartbeat,-47
2026-09-20T14:42:48.226924+00:00,AP_01,dev_62e4eb8d4981d69d,heartbeat,-54
2026-09-20T14:42:49.226924+00:00,AP_01,dev_101e46487f17e515,heartbeat,-53
2026-09-20T14:42:49.226924+00:00,AP_01,dev_605e9822a32bf845,heartbeat,-48
2026-09-20T14:42:49.226924+00:00,AP_01,dev_c406cbd22ec99ead,heartbeat,-47
2026-09-20T14:42:49.226924+00:00,AP_01,dev_bc8d7b6196fcef34,heartbeat,-50
2026-09-20T14:42:49.226924+00:00,AP_02,dev_4ac84bb5b54bd1e2,heartbeat,-44
2026-09-20T14:42:49.226924+00:00,AP_02,dev_89db6f69939e3a2d,heartbeat,-54
2026-09-20T14:42:50.226924+00:00,AP_01,dev_3685007455cd815a,heartbeat,-46
2026-09-20T14:42:51.226924+00:00,AP_01,dev_445ccbc2b30f400c,heartbeat,-45
2026-09-20T14:42:51.226924+00:00,AP_02,dev_1f7d38735c96fb65,heartbeat,-50
2026-09-20T14:42:51.226924+00:00,AP_02,dev_dba56be9de81f118,heartbeat,-54
2026-09-20T14:42:52.226924+00:00,AP_02,dev_6e87a995d8ad91a8,heartbeat,-51
2026-09-20T14:42:55.226924+00:00,AP_02,dev_0f96d15f51d22665,heartbeat,-53
2026-09-20T14:42:56.226924+00:00,AP_02,dev_44bae648792c87a3,heartbeat,-44
2026-09-20T14:42:57.226924+00:00,AP_01,dev_daba50eec8c1da46,heartbeat,-51
2026-09-20T14:42:59.226924+00:00,AP_01,dev_ea5204da7be6a53e,heartbeat,-56
2026-09-20T14:42:59.226924+00:00,AP_03,dev_0ee25486519d39a2,heartbeat,-53
2026-09-20T14:43:01.226924+00:00,AP_01,dev_35778c3c4e63c5e5,heartbeat,-51
2026-09-20T14:43:01.226924+00:00,AP_02,dev_c4c59c0a301caf36,heartbeat,-49
2026-09-20T14:43:02.226924+00:00,AP_02,dev_e880e41ccd1eeaca,heartbeat,-47
2026-09-20T14:43:03.226924+00:00,AP_01,dev_731b3d87b1dc7eee,heartbeat,-44
2026-09-20T14:43:03.226924+00:00,AP_01,dev_b5f693bdb2568671,heartbeat,-50
2026-09-20T14:43:03.226924+00:00,AP_02,dev_7dc730154810b19b,heartbeat,-54
2026-09-20T14:43:04.226924+00:00,AP_01,dev_7a7cb5ddf5eb7995,heartbeat,-49
2026-09-20T14:43:05.226924+00:00,AP_03,dev_a4b93ff51018f4c5,heartbeat,-51
2026-09-20T14:43:06.226924+00:00,AP_01,dev_932d334d0b33c912,heartbeat,-52
2026-09-20T14:43:06.226924+00:00,AP_02,dev_e0901586fe4e5714,heartbeat,-53
2026-09-20T14:43:06.226924+00:00,AP_03,dev_07284014dce9133c,heartbeat,-49
2026-09-20T14:43:09.226924+00:00,AP_01,dev_0f1959ebaf2421f7,heartbeat,-45
2026-09-20T14:43:11.226924+00:00,AP_02,dev_349b3f24156b47ac,heartbeat,-48
2026-09-20T14:43:12.226924+00:00,AP_01,dev_539021518e086590,heartbeat,-48
2026-09-20T14:43:13.226924+00:00,AP_01,dev_bbc41c619e88bd47,heartbeat,-45
2026-09-20T14:43:13.226924+00:00,AP_01,dev_dac99220a0ad0fd7,heartbeat,-50
2026-09-20T14:43:13.226924+00:00,AP_02,dev_67afb0bc703b419b,heartbeat,-48
2026-09-20T14:43:13.226924+00:00,AP_02,dev_e1493be4e7873c05,heartbeat,-49
2026-09-20T14:43:14.226924+00:00,AP_02,dev_75cf3775171f19ea,heartbeat,-49
2026-09-20T14:43:15.226924+00:00,AP_01,dev_62e4eb8d4981d69d,heartbeat,-47
2026-09-20T14:43:15.226924+00:00,AP_01,dev_4f88e58b44e4f3e4,heartbeat,-48
2026-09-20T14:43:16.226924+00:00,AP_02,dev_2b173c18c059f8e9,heartbeat,-49
2026-09-20T14:43:17.226924+00:00,AP_01,dev_f50ad49c2c67a14f,heartbeat,-49
2026-09-20T14:43:17.226924+00:00,AP_01,dev_3685007455cd815a,heartbeat,-53
2026-09-20T14:43:17.226924+00:00,AP_01,dev_8036e1c3a6abbe3c,heartbeat,-54
2026-09-20T14:43:18.226924+00:00,AP_01,dev_445ccbc2b30f400c,heartbeat,-53
2026-09-20T14:43:18.226924+00:00,AP_02,dev_55eaa3daf2dd130b,heartbeat,-47
2026-09-20T14:43:19.226924+00:00,AP_01,dev_605e9822a32bf845,heartbeat,-51
2026-09-20T14:43:19.226924+00:00,AP_02,dev_89db6f69939e3a2d,heartbeat,-48
2026-09-20T14:43:20.226924+00:00,AP_01,dev_101e46487f17e515,heartbeat,-49
2026-09-20T14:43:20.226924+00:00,AP_01,dev_c406cbd22ec99ead,heartbeat,-52
2026-09-20T14:43:20.226924+00:00,AP_02,dev_4ac84bb5b54bd1e2,heartbeat,-46
2026-09-20T14:43:22.226924+00:00,AP_01,dev_bc8d7b6196fcef34,heartbeat,-49
2026-09-20T14:43:22.226924+00:00,AP_02,dev_6e87a995d8ad91a8,heartbeat,-53
2026-09-20T14:43:22.226924+00:00,AP_02,dev_1f7d38735c96fb65,heartbeat,-48
2026-09-20T14:43:23.226924+00:00,AP_02,dev_dba56be9de81f118,heartbeat,-55
2026-09-20T14:43:23.226924+00:00,AP_02,dev_44bae648792c87a3,heartbeat,-53
2026-09-20T14:43:27.226924+00:00,AP_01,dev_ea5204da7be6a53e,heartbeat,-53
2026-09-20T14:43:27.226924+00:00,AP_02,dev_0f96d15f51d22665,heartbeat,-55
2026-09-20T14:43:28.226924+00:00,AP_03,dev_0ee25486519d39a2,heartbeat,-48
2026-09-20T14:43:29.226924+00:00,AP_01,dev_35778c3c4e63c5e5,heartbeat,-52
2026-09-20T14:43:29.226924+00:00,AP_01,dev_daba50eec8c1da46,heartbeat,-53
2026-09-20T14:43:30.226924+00:00,AP_01,dev_731b3d87b1dc7eee,heartbeat,-49
2026-09-20T14:43:30.226924+00:00,AP_02,dev_7dc730154810b19b,heartbeat,-49
2026-09-20T14:43:30.226924+00:00,AP_02,dev_c4c59c0a301caf36,heartbeat,-45
2026-09-20T14:43:33.226924+00:00,AP_03,dev_a4b93ff51018f4c5,heartbeat,-48
2026-09-20T14:43:34.226924+00:00,AP_01,dev_b5f693bdb2568671,heartbeat,-48
2026-09-20T14:43:34.226924+00:00,AP_01,dev_932d334d0b33c912,heartbeat,-48
2026-09-20T14:43:35.226924+00:00,AP_01,dev_7a7cb5ddf5eb7995,heartbeat,-54
2026-09-20T14:43:35.226924+00:00,AP_02,dev_e880e41ccd1eeaca,heartbeat,-48
2026-09-20T14:43:35.226924+00:00,AP_02,dev_e0901586fe4e5714,heartbeat,-48
2026-09-20T14:43:35.226924+00:00,AP_03,dev_5873e32b3ae4395f,connect,-50
2026-09-20T14:43:35.226924+00:00,AP_03,dev_07284014dce9133c,heartbeat,-48
2026-09-20T14:43:38.226924+00:00,AP_01,dev_0f1959ebaf2421f7,heartbeat,-51
2026-09-20T14:43:40.226924+00:00,AP_01,dev_bbc41c619e88bd47,heartbeat,-50
2026-09-20T14:43:41.226924+00:00,AP_02,dev_349b3f24156b47ac,heartbeat,-46
2026-09-20T14:43:42.226924+00:00,AP_01,dev_539021518e086590,heartbeat,-51
2026-09-20T14:43:42.226924+00:00,AP_01,dev_dac99220a0ad0fd7,heartbeat,-46
2026-09-20T14:43:42.226924+00:00,AP_02,dev_67afb0bc703b419b,heartbeat,-51
2026-09-20T14:43:44.226924+00:00,AP_01,dev_3685007455cd815a,heartbeat,-51
2026-09-20T14:43:44.226924+00:00,AP_02,dev_75cf3775171f19ea,heartbeat,-56
2026-09-20T14:43:46.226924+00:00,AP_01,dev_f50ad49c2c67a14f,heartbeat,-48
2026-09-20T14:43:46.226924+00:00,AP_01,dev_8036e1c3a6abbe3c,heartbeat,-50
2026-09-20T14:43:46.226924+00:00,AP_01,dev_62e4eb8d4981d69d,heartbeat,-47
2026-09-20T14:43:46.226924+00:00,AP_02,dev_e1493be4e7873c05,heartbeat,-53
2026-09-20T14:43:47.226924+00:00,AP_01,dev_445ccbc2b30f400c,heartbeat,-52
2026-09-20T14:43:47.226924+00:00,AP_01,dev_4f88e58b44e4f3e4,heartbeat,-51
2026-09-20T14:43:49.226924+00:00,AP_02,dev_2b173c18c059f8e9,heartbeat,-55
2026-09-20T14:43:50.226924+00:00,AP_01,dev_605e9822a32bf845,heartbeat,-50
2026-09-20T14:43:50.226924+00:00,AP_02,dev_55eaa3daf2dd130b,heartbeat,-54
2026-09-20T14:43:51.226924+00:00,AP_02,dev_89db6f69939e3a2d,heartbeat,-50
2026-09-20T14:43:52.226924+00:00,AP_02,dev_1f7d38735c96fb65,heartbeat,-49
2026-09-20T14:43:53.226924+00:00,AP_01,dev_101e46487f17e515,heartbeat,-48
2026-09-20T14:43:53.226924+00:00,AP_01,dev_c406cbd22ec99ead,heartbeat,-49
2026-09-20T14:43:53.226924+00:00,AP_02,dev_4ac84bb5b54bd1e2,heartbeat,-51
2026-09-20T14:43:54.226924+00:00,AP_01,dev_bc8d7b6196fcef34,heartbeat,-45
2026-09-20T14:43:54.226924+00:00,AP_02,dev_6e87a995d8ad91a8,heartbeat,-48
2026-09-20T14:43:54.226924+00:00,AP_02,dev_0f96d15f51d22665,heartbeat,-41
2026-09-20T14:43:54.226924+00:00,AP_02,dev_dba56be9de81f118,heartbeat,-48
2026-09-20T14:43:55.226924+00:00,AP_02,dev_44bae648792c87a3,heartbeat,-47
2026-09-20T14:43:57.226924+00:00,AP_01,dev_daba50eec8c1da46,heartbeat,-53
2026-09-20T14:43:58.226924+00:00,AP_01,dev_ea5204da7be6a53e,heartbeat,-51
2026-09-20T14:44:00.226924+00:00,AP_03,dev_0ee25486519d39a2,heartbeat,-47
2026-09-20T14:44:01.226924+00:00,AP_01,dev_35778c3c4e63c5e5,heartbeat,-53
2026-09-20T14:44:01.226924+00:00,AP_02,dev_7dc730154810b19b,heartbeat,-48
2026-09-20T14:44:02.226924+00:00,AP_01,dev_731b3d87b1dc7eee,heartbeat,-51
2026-09-20T14:44:03.226924+00:00,AP_02,dev_e880e41ccd1eeaca,heartbeat,-51
2026-09-20T14:44:03.226924+00:00,AP_02,dev_c4c59c0a301caf36,heartbeat,-51
2026-09-20T14:44:03.226924+00:00,AP_03,dev_a4b93ff51018f4c5,heartbeat,-50
2026-09-20T14:44:04.226924+00:00,AP_01,dev_b5f693bdb2568671,heartbeat,-52
2026-09-20T14:44:04.226924+00:00,AP_01,dev_932d334d0b33c912,heartbeat,-46
2026-09-20T14:44:05.226924+00:00,AP_03,dev_5873e32b3ae4395f,heartbeat,-56
2026-09-20T14:44:07.226924+00:00,AP_03,dev_07284014dce9133c,heartbeat,-46
2026-09-20T14:44:08.226924+00:00,AP_01,dev_0f1959ebaf2421f7,heartbeat,-51
2026-09-20T14:44:08.226924+00:00,AP_01,dev_7a7cb5ddf5eb7995,heartbeat,-46
2026-09-20T14:44:08.226924+00:00,AP_02,dev_e0901586fe4e5714,heartbeat,-50
2026-09-20T14:44:09.226924+00:00,AP_01,dev_539021518e086590,heartbeat,-53
2026-09-20T14:44:09.226924+00:00,AP_01,dev_dac99220a0ad0fd7,heartbeat,-47
2026-09-20T14:44:12.226924+00:00,AP_02,dev_349b3f24156b47ac,heartbeat,-44
2026-09-20T14:44:13.226924+00:00,AP_01,dev_bbc41c619e88bd47,heartbeat,-54
2026-09-20T14:44:13.226924+00:00,AP_02,dev_67afb0bc703b419b,heartbeat,-52
2026-09-20T14:44:15.226924+00:00,AP_01,dev_8036e1c3a6abbe3c,heartbeat,-47
2026-09-20T14:44:15.226924+00:00,AP_01,dev_4f88e58b44e4f3e4,heartbeat,-51
2026-09-20T14:44:16.226924+00:00,AP_02,dev_75cf3775171f19ea,heartbeat,-59
2026-09-20T14:44:17.226924+00:00,AP_01,dev_f50ad49c2c67a14f,heartbeat,-50
2026-09-20T14:44:17.226924+00:00,AP_01,dev_3685007455cd815a,heartbeat,-55
2026-09-20T14:44:18.226924+00:00,AP_01,dev_605e9822a32bf845,heartbeat,-50
2026-09-20T14:44:18.226924+00:00,AP_02,dev_89db6f69939e3a2d,heartbeat,-47
2026-09-20T14:44:19.226924+00:00,AP_01,dev_445ccbc2b30f400c,heartbeat,-44
2026-09-20T14:44:19.226924+00:00,AP_01,dev_62e4eb8d4981d69d,heartbeat,-42
2026-09-20T14:44:19.226924+00:00,AP_02,dev_55eaa3daf2dd130b,heartbeat,-48
2026-09-20T14:44:19.226924+00:00,AP_02,dev_e1493be4e7873c05,heartbeat,-51
2026-09-20T14:44:21.226924+00:00,AP_02,dev_2b173c18c059f8e9,heartbeat,-49
2026-09-20T14:44:22.226924+00:00,AP_02,dev_6e87a995d8ad91a8,heartbeat,-50
2026-09-20T14:44:22.226924+00:00,AP_02,dev_4ac84bb5b54bd1e2,heartbeat,-44
2026-09-20T14:44:22.226924+00:00,AP_02,dev_dba56be9de81f118,heartbeat,-48
2026-09-20T14:44:23.226924+00:00,AP_02,dev_44bae648792c87a3,heartbeat,-51
2026-09-20T14:44:24.226924+00:00,AP_01,dev_101e46487f17e515,heartbeat,-47
2026-09-20T14:44:25.226924+00:00,AP_01,dev_c406cbd22ec99ead,heartbeat,-51
2026-09-20T14:44:25.226924+00:00,AP_02,dev_1f7d38735c96fb65,heartbeat,-50
2026-09-20T14:44:26.226924+00:00,AP_01,dev_bc8d7b6196fcef34,heartbeat,-57
2026-09-20T14:44:26.226924+00:00,AP_02,dev_0f96d15f51d22665,heartbeat,-48
2026-09-20T14:44:27.226924+00:00,AP_03,dev_0ee25486519d39a2,heartbeat,-50
2026-09-20T14:44:28.226924+00:00,AP_01,dev_35778c3c4e63c5e5,heartbeat,-49
2026-09-20T14:44:29.226924+00:00,AP_01,dev_daba50eec8c1da46,heartbeat,-49
2026-09-20T14:44:30.226924+00:00,AP_01,dev_ea5204da7be6a53e,heartbeat,-51
2026-09-20T14:44:30.226924+00:00,AP_03,dev_a4b93ff51018f4c5,heartbeat,-49
2026-09-20T14:44:31.226924+00:00,AP_02,dev_e880e41ccd1eeaca,heartbeat,-51
2026-09-20T14:44:32.226924+00:00,AP_01,dev_932d334d0b33c912,heartbeat,-43
2026-09-20T14:44:32.226924+00:00,AP_02,dev_7dc730154810b19b,heartbeat,-49
2026-09-20T14:44:33.226924+00:00,AP_01,dev_731b3d87b1dc7eee,heartbeat,-48
2026-09-20T14:44:34.226924+00:00,AP_01,dev_b5f693bdb2568671,heartbeat,-52
2026-09-20T14:44:35.226924+00:00,AP_01,dev_7a7cb5ddf5eb7995,heartbeat,-53
2026-09-20T14:44:35.226924+00:00,AP_02,dev_c4c59c0a301caf36,heartbeat,-48
2026-09-20T14:44:35.226924+00:00,AP_03,dev_07284014dce9133c,heartbeat,-46
2026-09-20T14:44:36.226924+00:00,AP_01,dev_539021518e086590,heartbeat,-49
2026-09-20T14:44:36.226924+00:00,AP_01,dev_dac99220a0ad0fd7,heartbeat,-46
2026-09-20T14:44:36.226924+00:00,AP_02,dev_e0901586fe4e5714,heartbeat,-49
2026-09-20T14:44:37.226924+00:00,AP_03,dev_5873e32b3ae4395f,heartbeat,-51
2026-09-20T14:44:40.226924+00:00,AP_02,dev_67afb0bc703b419b,heartbeat,-50
2026-09-20T14:44:41.226924+00:00,AP_01,dev_0f1959ebaf2421f7,heartbeat,-48
2026-09-20T14:44:41.226924+00:00,AP_02,dev_349b3f24156b47ac,heartbeat,-52
2026-09-20T14:44:42.226924+00:00,AP_01,dev_4f88e58b44e4f3e4,heartbeat,-41
2026-09-20T14:44:43.226924+00:00,AP_01,dev_bbc41c619e88bd47,heartbeat,-49
2026-09-20T14:44:44.226924+00:00,AP_02,dev_75cf3775171f19ea,heartbeat,-50
2026-09-20T14:44:47.226924+00:00,AP_01,dev_f50ad49c2c67a14f,heartbeat,-54
2026-09-20T14:44:47.226924+00:00,AP_01,dev_3685007455cd815a,heartbeat,-54
2026-09-20T14:44:47.226924+00:00,AP_02,dev_55eaa3daf2dd130b,heartbeat,-41
2026-09-20T14:44:47.226924+00:00,AP_02,dev_e1493be4e7873c05,heartbeat,-51
2026-09-20T14:44:48.226924+00:00,AP_01,dev_8036e1c3a6abbe3c,heartbeat,-48
2026-09-20T14:44:49.226924+00:00,AP_01,dev_62e4eb8d4981d69d,heartbeat,-53
2026-09-20T14:44:50.226924+00:00,AP_01,dev_605e9822a32bf845,heartbeat,-45
2026-09-20T14:44:50.226924+00:00,AP_01,dev_445ccbc2b30f400c,heartbeat,-52
2026-09-20T14:44:50.226924+00:00,AP_02,dev_2b173c18c059f8e9,heartbeat,-51
2026-09-20T14:44:50.226924+00:00,AP_02,dev_44bae648792c87a3,heartbeat,-46
2026-09-20T14:44:51.226924+00:00,AP_02,dev_4ac84bb5b54bd1e2,heartbeat,-45
2026-09-20T14:44:51.226924+00:00,AP_02,dev_89db6f69939e3a2d,heartbeat,-52
2026-09-20T14:44:52.226924+00:00,AP_02,dev_6e87a995d8ad91a8,heartbeat,-49
2026-09-20T14:44:52.226924+00:00,AP_02,dev_dba56be9de81f118,heartbeat,-45
2026-09-20T14:44:53.226924+00:00,AP_01,dev_101e46487f17e515,heartbeat,-52
2026-09-20T14:44:54.226924+00:00,AP_02,dev_0f96d15f51d22665,heartbeat,-58
2026-09-20T14:44:54.226924+00:00,AP_02,dev_1f7d38735c96fb65,heartbeat,-53
2026-09-20T14:44:55.226924+00:00,AP_01,dev_c406cbd22ec99ead,heartbeat,-53
2026-09-20T14:44:56.226924+00:00,AP_01,dev_bc8d7b6196fcef34,heartbeat,-42
2026-09-20T14:44:57.226924+00:00,AP_03,dev_0ee25486519d39a2,heartbeat,-57
2026-09-20T14:44:59.226924+00:00,AP_01,dev_ea5204da7be6a53e,heartbeat,-48
2026-09-20T14:44:59.226924+00:00,AP_03,dev_a4b93ff51018f4c5,heartbeat,-49
2026-09-20T14:45:00.226924+00:00,AP_01,dev_35778c3c4e63c5e5,heartbeat,-51
2026-09-20T14:45:01.226924+00:00,AP_01,dev_daba50eec8c1da46,heartbeat,-49
2026-09-20T14:45:02.226924+00:00,AP_02,dev_7dc730154810b19b,heartbeat,-52
2026-09-20T14:45:02.226924+00:00,AP_02,dev_e880e41ccd1eeaca,heartbeat,-47
2026-09-20T14:45:02.226924+00:00,AP_02,dev_c4c59c0a301caf36,heartbeat,-51
2026-09-20T14:45:03.226924+00:00,AP_01,dev_932d334d0b33c912,heartbeat,-43
2026-09-20T14:45:03.226924+00:00,AP_01,dev_dac99220a0ad0fd7,heartbeat,-49
2026-09-20T14:45:04.226924+00:00,AP_01,dev_731b3d87b1dc7eee,heartbeat,-54
2026-09-20T14:45:04.226924+00:00,AP_01,dev_b5f693bdb2568671,heartbeat,-43
2026-09-20T14:45:06.226924+00:00,AP_01,dev_539021518e086590,heartbeat,-41
2026-09-20T14:45:06.226924+00:00,AP_01,dev_7a7cb5ddf5eb7995,heartbeat,-43
2026-09-20T14:45:07.226924+00:00,AP_02,dev_67afb0bc703b419b,heartbeat,-54
2026-09-20T14:45:07.226924+00:00,AP_03,dev_5873e32b3ae4395f,heartbeat,-48
2026-09-20T14:45:07.226924+00:00,AP_03,dev_07284014dce9133c,heartbeat,-46
2026-09-20T14:45:08.226924+00:00,AP_02,dev_349b3f24156b47ac,heartbeat,-50
2026-09-20T14:45:08.226924+00:00,AP_02,dev_e0901586fe4e5714,heartbeat,-48
2026-09-20T14:45:11.226924+00:00,AP_01,dev_0f1959ebaf2421f7,heartbeat,-48
2026-09-20T14:45:11.226924+00:00,AP_02,dev_f37aa2d1ed916211,connect,-86
2026-09-20T14:45:13.226924+00:00,AP_01,dev_4f88e58b44e4f3e4,heartbeat,-47
2026-09-20T14:45:14.226924+00:00,AP_02,dev_75cf3775171f19ea,heartbeat,-49
2026-09-20T14:45:15.226924+00:00,AP_01,dev_bbc41c619e88bd47,heartbeat,-50
2026-09-20T14:45:16.226924+00:00,AP_01,dev_8036e1c3a6abbe3c,heartbeat,-49
2026-09-20T14:45:17.226924+00:00,AP_01,dev_3685007455cd815a,heartbeat,-52
2026-09-20T14:45:17.226924+00:00,AP_02,dev_e1493be4e7873c05,heartbeat,-53
2026-09-20T14:45:18.226924+00:00,AP_01,dev_f50ad49c2c67a14f,heartbeat,-45
2026-09-20T14:45:18.226924+00:00,AP_02,dev_2b173c18c059f8e9,heartbeat,-44
2026-09-20T14:45:19.226924+00:00,AP_01,dev_62e4eb8d4981d69d,heartbeat,-52
2026-09-20T14:45:19.226924+00:00,AP_02,dev_55eaa3daf2dd130b,heartbeat,-48
2026-09-20T14:45:19.226924+00:00,AP_02,dev_4ac84bb5b54bd1e2,heartbeat,-47
2026-09-20T14:45:19.226924+00:00,AP_02,dev_44bae648792c87a3,heartbeat,-49
2026-09-20T14:45:19.226924+00:00,AP_03,dev_28592634abc2d737,connect,-85
2026-09-20T14:45:20.226924+00:00,AP_01,dev_445ccbc2b30f400c,heartbeat,-51
2026-09-20T14:45:20.226924+00:00,AP_02,dev_6e87a995d8ad91a8,heartbeat,-53
2026-09-20T14:45:23.226924+00:00,AP_01,dev_101e46487f17e515,heartbeat,-52
2026-09-20T14:45:23.226924+00:00,AP_01,dev_605e9822a32bf845,heartbeat,-52
2026-09-20T14:45:23.226924+00:00,AP_02,dev_0f96d15f51d22665,heartbeat,-54
2026-09-20T14:45:24.226924+00:00,AP_02,dev_f37aa2d1ed916211,disconnect,-83
2026-09-20T14:45:24.226924+00:00,AP_02,dev_89db6f69939e3a2d,heartbeat,-43
2026-09-20T14:45:25.226924+00:00,AP_01,dev_c406cbd22ec99ead,heartbeat,-50
2026-09-20T14:45:25.226924+00:00,AP_02,dev_1f7d38735c96fb65,heartbeat,-46
2026-09-20T14:45:25.226924+00:00,AP_02,dev_dba56be9de81f118,heartbeat,-50
2026-09-20T14:45:26.226924+00:00,AP_01,dev_bc8d7b6196fcef34,heartbeat,-52
2026-09-20T14:45:27.226924+00:00,AP_03,dev_0ee25486519d39a2,heartbeat,-50
2026-09-20T14:45:28.226924+00:00,AP_03,dev_a4b93ff51018f4c5,heartbeat,-51
2026-09-20T14:45:29.226924+00:00,AP_02,dev_c4c59c0a301caf36,heartbeat,-49
2026-09-20T14:45:30.226924+00:00,AP_02,dev_7dc730154810b19b,heartbeat,-50
2026-09-20T14:45:31.226924+00:00,AP_01,dev_daba50eec8c1da46,heartbeat,-47
2026-09-20T14:45:31.226924+00:00,AP_01,dev_ea5204da7be6a53e,heartbeat,-52
2026-09-20T14:45:31.226924+00:00,AP_01,dev_dac99220a0ad0fd7,heartbeat,-52
2026-09-20T14:45:31.226924+00:00,AP_02,dev_e880e41ccd1eeaca,heartbeat,-45
2026-09-20T14:45:32.226924+00:00,AP_01,dev_932d334d0b33c912,heartbeat,-51
2026-09-20T14:45:33.226924+00:00,AP_01,dev_35778c3c4e63c5e5,heartbeat,-51
2026-09-20T14:45:33.226924+00:00,AP_01,dev_b5f693bdb2568671,heartbeat,-51
2026-09-20T14:45:34.226924+00:00,AP_02,dev_67afb0bc703b419b,heartbeat,-52
2026-09-20T14:45:34.226924+00:00,AP_03,dev_5873e32b3ae4395f,heartbeat,-47
2026-09-20T14:45:34.226924+00:00,AP_03,dev_28592634abc2d737,disconnect,-78
2026-09-20T14:45:35.226924+00:00,AP_01,dev_731b3d87b1dc7eee,heartbeat,-54
2026-09-20T14:45:35.226924+00:00,AP_03,dev_8ab185ddc4f920ba,connect,-49
2026-09-20T14:45:38.226924+00:00,AP_01,dev_0f1959ebaf2421f7,heartbeat,-44
2026-09-20T14:45:38.226924+00:00,AP_01,dev_7a7cb5ddf5eb7995,heartbeat,-46
2026-09-20T14:45:38.226924+00:00,AP_02,dev_349b3f24156b47ac,heartbeat,-45
2026-09-20T14:45:39.226924+00:00,AP_01,dev_539021518e086590,heartbeat,-53
2026-09-20T14:45:40.226924+00:00,AP_02,dev_e0901586fe4e5714,heartbeat,-52
2026-09-20T14:45:40.226924+00:00,AP_03,dev_07284014dce9133c,heartbeat,-52
2026-09-20T14:45:41.226924+00:00,AP_02,dev_75cf3775171f19ea,heartbeat,-46
2026-09-20T14:45:43.226924+00:00,AP_01,dev_4f88e58b44e4f3e4,heartbeat,-56
2026-09-20T14:45:44.226924+00:00,AP_01,dev_bbc41c619e88bd47,heartbeat,-50
2026-09-20T14:45:45.226924+00:00,AP_01,dev_f50ad49c2c67a14f,heartbeat,-50
2026-09-20T14:45:46.226924+00:00,AP_01,dev_8036e1c3a6abbe3c,heartbeat,-52
2026-09-20T14:45:47.226924+00:00,AP_01,dev_3685007455cd815a,heartbeat,-42
2026-09-20T14:45:49.226924+00:00,AP_01,dev_445ccbc2b30f400c,heartbeat,-46
2026-09-20T14:45:49.226924+00:00,AP_01,dev_62e4eb8d4981d69d,heartbeat,-50
2026-09-20T14:45:49.226924+00:00,AP_02,dev_6e87a995d8ad91a8,heartbeat,-51
2026-09-20T14:45:49.226924+00:00,AP_02,dev_2b173c18c059f8e9,heartbeat,-50
2026-09-20T14:45:49.226924+00:00,AP_02,dev_44bae648792c87a3,heartbeat,-44
2026-09-20T14:45:50.226924+00:00,AP_02,dev_e1493be4e7873c05,heartbeat,-52
2026-09-20T14:45:51.226924+00:00,AP_02,dev_55eaa3daf2dd130b,heartbeat,-50
2026-09-20T14:45:51.226924+00:00,AP_02,dev_4ac84bb5b54bd1e2,heartbeat,-49
2026-09-20T14:45:53.226924+00:00,AP_01,dev_c406cbd22ec99ead,heartbeat,-55
2026-09-20T14:45:54.226924+00:00,AP_01,dev_101e46487f17e515,heartbeat,-51
2026-09-20T14:45:55.226924+00:00,AP_01,dev_605e9822a32bf845,heartbeat,-52
2026-09-20T14:45:55.226924+00:00,AP_01,dev_bc8d7b6196fcef34,heartbeat,-45
2026-09-20T14:45:55.226924+00:00,AP_02,dev_0f96d15f51d22665,heartbeat,-46
2026-09-20T14:45:55.226924+00:00,AP_02,dev_89db6f69939e3a2d,heartbeat,-48
2026-09-20T14:45:55.226924+00:00,AP_03,dev_0ee25486519d39a2,heartbeat,-51
2026-09-20T14:45:56.226924+00:00,AP_03,dev_a4b93ff51018f4c5,heartbeat,-52
2026-09-20T14:45:57.226924+00:00,AP_02,dev_dba56be9de81f118,heartbeat,-50
2026-09-20T14:45:58.226924+00:00,AP_01,dev_dac99220a0ad0fd7,heartbeat,-49
2026-09-20T14:45:58.226924+00:00,AP_02,dev_7dc730154810b19b,heartbeat,-47
2026-09-20T14:45:58.226924+00:00,AP_02,dev_1f7d38735c96fb65,heartbeat,-50
2026-09-20T14:45:59.226924+00:00,AP_01,dev_ea5204da7be6a53e,heartbeat,-51
2026-09-20T14:46:01.226924+00:00,AP_01,dev_35778c3c4e63c5e5,heartbeat,-44
2026-09-20T14:46:01.226924+00:00,AP_01,dev_932d334d0b33c912,heartbeat,-56
2026-09-20T14:46:01.226924+00:00,AP_02,dev_c4c59c0a301caf36,heartbeat,-50
2026-09-20T14:46:02.226924+00:00,AP_02,dev_e880e41ccd1eeaca,heartbeat,-47
2026-09-20T14:46:03.226924+00:00,AP_01,dev_731b3d87b1dc7eee,heartbeat,-56
2026-09-20T14:46:03.226924+00:00,AP_01,dev_daba50eec8c1da46,heartbeat,-46
2026-09-20T14:46:03.226924+00:00,AP_02,dev_67afb0bc703b419b,heartbeat,-52
2026-09-20T14:46:03.226924+00:00,AP_03,dev_5873e32b3ae4395f,heartbeat,-55
2026-09-20T14:46:05.226924+00:00,AP_01,dev_7a7cb5ddf5eb7995,heartbeat,-54
2026-09-20T14:46:05.226924+00:00,AP_03,dev_8ab185ddc4f920ba,heartbeat,-50
2026-09-20T14:46:06.226924+00:00,AP_01,dev_b5f693bdb2568671,heartbeat,-52
2026-09-20T14:46:09.226924+00:00,AP_02,dev_e0901586fe4e5714,heartbeat,-51
2026-09-20T14:46:10.226924+00:00,AP_01,dev_0f1959ebaf2421f7,heartbeat,-59
2026-09-20T14:46:10.226924+00:00,AP_02,dev_349b3f24156b47ac,heartbeat,-56
2026-09-20T14:46:10.226924+00:00,AP_03,dev_07284014dce9133c,heartbeat,-51
2026-09-20T14:46:11.226924+00:00,AP_02,dev_75cf3775171f19ea,heartbeat,-56
2026-09-20T14:46:12.226924+00:00,AP_01,dev_539021518e086590,heartbeat,-52
2026-09-20T14:46:14.226924+00:00,AP_01,dev_f50ad49c2c67a14f,heartbeat,-48
2026-09-20T14:46:15.226924+00:00,AP_01,dev_4f88e58b44e4f3e4,heartbeat,-47
2026-09-20T14:46:16.226924+00:00,AP_01,dev_bbc41c619e88bd47,heartbeat,-50
2026-09-20T14:46:17.226924+00:00,AP_01,dev_8036e1c3a6abbe3c,heartbeat,-50
2026-09-20T14:46:18.226924+00:00,AP_02,dev_4ac84bb5b54bd1e2,heartbeat,-54
2026-09-20T14:46:18.226924+00:00,AP_02,dev_44bae648792c87a3,heartbeat,-44
2026-09-20T14:46:19.226924+00:00,AP_01,dev_3685007455cd815a,heartbeat,-49
2026-09-20T14:46:21.226924+00:00,AP_01,dev_101e46487f17e515,heartbeat,-47
2026-09-20T14:46:21.226924+00:00,AP_01,dev_445ccbc2b30f400c,heartbeat,-41
2026-09-20T14:46:21.226924+00:00,AP_02,dev_2b173c18c059f8e9,heartbeat,-48
2026-09-20T14:46:22.226924+00:00,AP_01,dev_62e4eb8d4981d69d,heartbeat,-50
2026-09-20T14:46:22.226924+00:00,AP_02,dev_6e87a995d8ad91a8,heartbeat,-46
2026-09-20T14:46:23.226924+00:00,AP_02,dev_0f96d15f51d22665,heartbeat,-52
2026-09-20T14:46:23.226924+00:00,AP_02,dev_e1493be4e7873c05,heartbeat,-55
2026-09-20T14:46:24.226924+00:00,AP_02,dev_55eaa3daf2dd130b,heartbeat,-53
2026-09-20T14:46:24.226924+00:00,AP_02,dev_89db6f69939e3a2d,heartbeat,-48
2026-09-20T14:46:24.226924+00:00,AP_03,dev_0ee25486519d39a2,heartbeat,-45
2026-09-20T14:46:25.226924+00:00,AP_02,dev_7dc730154810b19b,heartbeat,-51
2026-09-20T14:46:25.226924+00:00,AP_02,dev_dba56be9de81f118,heartbeat,-54
2026-09-20T14:46:25.226924+00:00,AP_03,dev_a4b93ff51018f4c5,heartbeat,-45
2026-09-20T14:46:26.226924+00:00,AP_01,dev_605e9822a32bf845,heartbeat,-50
2026-09-20T14:46:26.226924+00:00,AP_01,dev_c406cbd22ec99ead,heartbeat,-52
2026-09-20T14:46:27.226924+00:00,AP_01,dev_ea5204da7be6a53e,heartbeat,-50
2026-09-20T14:46:28.226924+00:00,AP_01,dev_35778c3c4e63c5e5,heartbeat,-51
2026-09-20T14:46:28.226924+00:00,AP_01,dev_bc8d7b6196fcef34,heartbeat,-48
2026-09-20T14:46:28.226924+00:00,AP_02,dev_c4c59c0a301caf36,heartbeat,-50
2026-09-20T14:46:29.226924+00:00,AP_01,dev_932d334d0b33c912,heartbeat,-49
2026-09-20T14:46:30.226924+00:00,AP_02,dev_e880e41ccd1eeaca,heartbeat,-54
2026-09-20T14:46:30.226924+00:00,AP_02,dev_67afb0bc703b419b,heartbeat,-53
2026-09-20T14:46:31.226924+00:00,AP_01,dev_dac99220a0ad0fd7,heartbeat,-46
2026-09-20T14:46:31.226924+00:00,AP_02,dev_1f7d38735c96fb65,heartbeat,-54
2026-09-20T14:46:31.226924+00:00,AP_03,dev_5873e32b3ae4395f,heartbeat,-50
2026-09-20T14:46:32.226924+00:00,AP_01,dev_daba50eec8c1da46,heartbeat,-47
2026-09-20T14:46:32.226924+00:00,AP_01,dev_7a7cb5ddf5eb7995,heartbeat,-49
2026-09-20T14:46:34.226924+00:00,AP_03,dev_8ab185ddc4f920ba,heartbeat,-52
2026-09-20T14:46:35.226924+00:00,AP_01,dev_5b04e3a652d6313a,connect,-52
2026-09-20T14:46:35.226924+00:00,AP_01,dev_731b3d87b1dc7eee,heartbeat,-44
2026-09-20T14:46:35.226924+00:00,AP_02,dev_2ef071463abd9f1c,connect,-49
2026-09-20T14:46:37.226924+00:00,AP_01,dev_b5f693bdb2568671,heartbeat,-45
2026-09-20T14:46:39.226924+00:00,AP_01,dev_0f1959ebaf2421f7,heartbeat,-48
2026-09-20T14:46:39.226924+00:00,AP_02,dev_e0901586fe4e5714,heartbeat,-50
2026-09-20T14:46:42.226924+00:00,AP_01,dev_539021518e086590,heartbeat,-46
2026-09-20T14:46:43.226924+00:00,AP_01,dev_4f88e58b44e4f3e4,heartbeat,-48
2026-09-20T14:46:43.226924+00:00,AP_02,dev_75cf3775171f19ea,heartbeat,-57
2026-09-20T14:46:43.226924+00:00,AP_02,dev_349b3f24156b47ac,heartbeat,-49
2026-09-20T14:46:43.226924+00:00,AP_03,dev_07284014dce9133c,heartbeat,-48
2026-09-20T14:46:46.226924+00:00,AP_01,dev_bbc41c619e88bd47,heartbeat,-48
2026-09-20T14:46:47.226924+00:00,AP_01,dev_f50ad49c2c67a14f,heartbeat,-50
2026-09-20T14:46:47.226924+00:00,AP_01,dev_3685007455cd815a,heartbeat,-56
2026-09-20T14:46:47.226924+00:00,AP_02,dev_4ac84bb5b54bd1e2,heartbeat,-53
2026-09-20T14:46:48.226924+00:00,AP_01,dev_101e46487f17e515,heartbeat,-59
2026-09-20T14:46:48.226924+00:00,AP_01,dev_8036e1c3a6abbe3c,heartbeat,-48
2026-09-20T14:46:49.226924+00:00,AP_01,dev_445ccbc2b30f400c,heartbeat,-48
2026-09-20T14:46:49.226924+00:00,AP_02,dev_6e87a995d8ad91a8,heartbeat,-44
2026-09-20T14:46:51.226924+00:00,AP_02,dev_44bae648792c87a3,heartbeat,-47
2026-09-20T14:46:51.226924+00:00,AP_03,dev_0ee25486519d39a2,heartbeat,-52
2026-09-20T14:46:53.226924+00:00,AP_01,dev_62e4eb8d4981d69d,heartbeat,-43
2026-09-20T14:46:53.226924+00:00,AP_02,dev_7dc730154810b19b,heartbeat,-53
2026-09-20T14:46:53.226924+00:00,AP_03,dev_a4b93ff51018f4c5,heartbeat,-49
2026-09-20T14:46:54.226924+00:00,AP_02,dev_dba56be9de81f118,heartbeat,-48
2026-09-20T14:46:54.226924+00:00,AP_02,dev_2b173c18c059f8e9,heartbeat,-47
2026-09-20T14:46:55.226924+00:00,AP_02,dev_e1493be4e7873c05,heartbeat,-53
2026-09-20T14:46:56.226924+00:00,AP_02,dev_0f96d15f51d22665,heartbeat,-53
2026-09-20T14:46:56.226924+00:00,AP_02,dev_89db6f69939e3a2d,heartbeat,-56
2026-09-20T14:46:57.226924+00:00,AP_01,dev_bc8d7b6196fcef34,heartbeat,-47
2026-09-20T14:46:57.226924+00:00,AP_02,dev_e880e41ccd1eeaca,heartbeat,-46
2026-09-20T14:46:57.226924+00:00,AP_02,dev_55eaa3daf2dd130b,heartbeat,-49
2026-09-20T14:46:58.226924+00:00,AP_02,dev_c4c59c0a301caf36,heartbeat,-48
2026-09-20T14:46:59.226924+00:00,AP_01,dev_605e9822a32bf845,heartbeat,-47
2026-09-20T14:46:59.226924+00:00,AP_01,dev_c406cbd22ec99ead,heartbeat,-51
2026-09-20T14:47:00.226924+00:00,AP_01,dev_ea5204da7be6a53e,heartbeat,-52
2026-09-20T14:47:00.226924+00:00,AP_03,dev_5873e32b3ae4395f,heartbeat,-51
2026-09-20T14:47:01.226924+00:00,AP_01,dev_35778c3c4e63c5e5,heartbeat,-49
2026-09-20T14:47:01.226924+00:00,AP_01,dev_932d334d0b33c912,heartbeat,-53
2026-09-20T14:47:01.226924+00:00,AP_01,dev_7a7cb5ddf5eb7995,heartbeat,-48
2026-09-20T14:47:01.226924+00:00,AP_02,dev_1f7d38735c96fb65,heartbeat,-49
2026-09-20T14:47:02.226924+00:00,AP_01,dev_731b3d87b1dc7eee,heartbeat,-50
2026-09-20T14:47:02.226924+00:00,AP_02,dev_67afb0bc703b419b,heartbeat,-45
2026-09-20T14:47:03.226924+00:00,AP_01,dev_dac99220a0ad0fd7,heartbeat,-50
2026-09-20T14:47:04.226924+00:00,AP_01,dev_daba50eec8c1da46,heartbeat,-53
2026-09-20T14:47:04.226924+00:00,AP_03,dev_8ab185ddc4f920ba,heartbeat,-48
2026-09-20T14:47:05.226924+00:00,AP_01,dev_5b04e3a652d6313a,heartbeat,-51
2026-09-20T14:47:05.226924+00:00,AP_02,dev_2ef071463abd9f1c,heartbeat,-54
2026-09-20T14:47:06.226924+00:00,AP_01,dev_b5f693bdb2568671,heartbeat,-53
2026-09-20T14:47:09.226924+00:00,AP_01,dev_539021518e086590,heartbeat,-54
2026-09-20T14:47:12.226924+00:00,AP_01,dev_0f1959ebaf2421f7,heartbeat,-52
2026-09-20T14:47:12.226924+00:00,AP_02,dev_e0901586fe4e5714,heartbeat,-47
2026-09-20T14:47:15.226924+00:00,AP_01,dev_4f88e58b44e4f3e4,heartbeat,-43
2026-09-20T14:47:16.226924+00:00,AP_01,dev_f50ad49c2c67a14f,heartbeat,-50
2026-09-20T14:47:16.226924+00:00,AP_01,dev_8036e1c3a6abbe3c,heartbeat,-52
2026-09-20T14:47:16.226924+00:00,AP_02,dev_75cf3775171f19ea,heartbeat,-54
2026-09-20T14:47:16.226924+00:00,AP_02,dev_349b3f24156b47ac,heartbeat,-47
2026-09-20T14:47:16.226924+00:00,AP_03,dev_07284014dce9133c,heartbeat,-52
2026-09-20T14:47:17.226924+00:00,AP_01,dev_101e46487f17e515,heartbeat,-50
2026-09-20T14:47:18.226924+00:00,AP_01,dev_445ccbc2b30f400c,heartbeat,-49
2026-09-20T14:47:18.226924+00:00,AP_02,dev_6e87a995d8ad91a8,heartbeat,-52
2026-09-20T14:47:18.226924+00:00,AP_02,dev_44bae648792c87a3,heartbeat,-52
2026-09-20T14:47:19.226924+00:00,AP_01,dev_bbc41c619e88bd47,heartbeat,-45
2026-09-20T14:47:19.226924+00:00,AP_02,dev_4ac84bb5b54bd1e2,heartbeat,-44
2026-09-20T14:47:20.226924+00:00,AP_01,dev_3685007455cd815a,heartbeat,-48
2026-09-20T14:47:21.226924+00:00,AP_02,dev_2b173c18c059f8e9,heartbeat,-50
2026-09-20T14:47:22.226924+00:00,AP_02,dev_7dc730154810b19b,heartbeat,-51
2026-09-20T14:47:24.226924+00:00,AP_01,dev_62e4eb8d4981d69d,heartbeat,-51
2026-09-20T14:47:24.226924+00:00,AP_03,dev_0ee25486519d39a2,heartbeat,-41
2026-09-20T14:47:24.226924+00:00,AP_03,dev_a4b93ff51018f4c5,heartbeat,-42
2026-09-20T14:47:25.226924+00:00,AP_01,dev_bc8d7b6196fcef34,heartbeat,-52
2026-09-20T14:47:25.226924+00:00,AP_02,dev_0f96d15f51d22665,heartbeat,-48
2026-09-20T14:47:25.226924+00:00,AP_02,dev_c4c59c0a301caf36,heartbeat,-50
2026-09-20T14:47:26.226924+00:00,AP_01,dev_c406cbd22ec99ead,heartbeat,-50
2026-09-20T14:47:26.226924+00:00,AP_02,dev_e880e41ccd1eeaca,heartbeat,-45
2026-09-20T14:47:26.226924+00:00,AP_02,dev_e1493be4e7873c05,heartbeat,-51
2026-09-20T14:47:27.226924+00:00,AP_01,dev_ea5204da7be6a53e,heartbeat,-47
2026-09-20T14:47:27.226924+00:00,AP_02,dev_dba56be9de81f118,heartbeat,-58
2026-09-20T14:47:27.226924+00:00,AP_02,dev_89db6f69939e3a2d,heartbeat,-50
2026-09-20T14:47:27.226924+00:00,AP_03,dev_5873e32b3ae4395f,heartbeat,-40
2026-09-20T14:47:28.226924+00:00,AP_02,dev_55eaa3daf2dd130b,heartbeat,-53
2026-09-20T14:47:30.226924+00:00,AP_01,dev_605e9822a32bf845,heartbeat,-50
2026-09-20T14:47:30.226924+00:00,AP_01,dev_7a7cb5ddf5eb7995,heartbeat,-53
2026-09-20T14:47:32.226924+00:00,AP_01,dev_5b04e3a652d6313a,heartbeat,-50
2026-09-20T14:47:32.226924+00:00,AP_01,dev_dac99220a0ad0fd7,heartbeat,-51
2026-09-20T14:47:33.226924+00:00,AP_01,dev_35778c3c4e63c5e5,heartbeat,-45
2026-09-20T14:47:33.226924+00:00,AP_01,dev_731b3d87b1dc7eee,heartbeat,-48
2026-09-20T14:47:33.226924+00:00,AP_01,dev_b5f693bdb2568671,heartbeat,-48
2026-09-20T14:47:33.226924+00:00,AP_01,dev_932d334d0b33c912,heartbeat,-50
2026-09-20T14:47:34.226924+00:00,AP_02,dev_67afb0bc703b419b,heartbeat,-48
2026-09-20T14:47:34.226924+00:00,AP_02,dev_1f7d38735c96fb65,heartbeat,-41
2026-09-20T14:47:35.226924+00:00,AP_02,dev_2ef071463abd9f1c,heartbeat,-44
2026-09-20T14:47:36.226924+00:00,AP_01,dev_539021518e086590,heartbeat,-47
2026-09-20T14:47:36.226924+00:00,AP_03,dev_8ab185ddc4f920ba,heartbeat,-47
2026-09-20T14:47:37.226924+00:00,AP_01,dev_daba50eec8c1da46,heartbeat,-54
2026-09-20T14:47:41.226924+00:00,AP_02,dev_e0901586fe4e5714,heartbeat,-52
2026-09-20T14:47:42.226924+00:00,AP_01,dev_4f88e58b44e4f3e4,heartbeat,-47
2026-09-20T14:47:43.226924+00:00,AP_01,dev_0f1959ebaf2421f7,heartbeat,-47
2026-09-20T14:47:44.226924+00:00,AP_01,dev_f50ad49c2c67a14f,heartbeat,-51
2026-09-20T14:47:46.226924+00:00,AP_01,dev_8036e1c3a6abbe3c,heartbeat,-51
2026-09-20T14:47:46.226924+00:00,AP_01,dev_bbc41c619e88bd47,heartbeat,-51
2026-09-20T14:47:46.226924+00:00,AP_02,dev_6e87a995d8ad91a8,heartbeat,-44
2026-09-20T14:47:46.226924+00:00,AP_02,dev_75cf3775171f19ea,heartbeat,-46
2026-09-20T14:47:47.226924+00:00,AP_02,dev_4ac84bb5b54bd1e2,heartbeat,-46
2026-09-20T14:47:48.226924+00:00,AP_02,dev_349b3f24156b47ac,heartbeat,-50
2026-09-20T14:47:49.226924+00:00,AP_01,dev_101e46487f17e515,heartbeat,-48
2026-09-20T14:47:49.226924+00:00,AP_03,dev_07284014dce9133c,heartbeat,-45
2026-09-20T14:47:50.226924+00:00,AP_02,dev_2b173c18c059f8e9,heartbeat,-46
2026-09-20T14:47:51.226924+00:00,AP_01,dev_445ccbc2b30f400c,heartbeat,-45
2026-09-20T14:47:51.226924+00:00,AP_02,dev_44bae648792c87a3,heartbeat,-42
2026-09-20T14:47:52.226924+00:00,AP_01,dev_bc8d7b6196fcef34,heartbeat,-46
2026-09-20T14:47:52.226924+00:00,AP_02,dev_0f96d15f51d22665,heartbeat,-54
2026-09-20T14:47:53.226924+00:00,AP_01,dev_3685007455cd815a,heartbeat,-54
2026-09-20T14:47:53.226924+00:00,AP_02,dev_e880e41ccd1eeaca,heartbeat,-53
2026-09-20T14:47:53.226924+00:00,AP_03,dev_a4b93ff51018f4c5,heartbeat,-48
2026-09-20T14:47:54.226924+00:00,AP_01,dev_c406cbd22ec99ead,heartbeat,-47
2026-09-20T14:47:54.226924+00:00,AP_02,dev_7dc730154810b19b,heartbeat,-47
2026-09-20T14:47:55.226924+00:00,AP_01,dev_ea5204da7be6a53e,heartbeat,-52
2026-09-20T14:47:55.226924+00:00,AP_02,dev_c4c59c0a301caf36,heartbeat,-47
2026-09-20T14:47:55.226924+00:00,AP_03,dev_0ee25486519d39a2,heartbeat,-50
2026-09-20T14:47:57.226924+00:00,AP_01,dev_62e4eb8d4981d69d,heartbeat,-46
2026-09-20T14:47:57.226924+00:00,AP_02,dev_dba56be9de81f118,heartbeat,-45
2026-09-20T14:47:57.226924+00:00,AP_02,dev_89db6f69939e3a2d,heartbeat,-48
2026-09-20T14:47:58.226924+00:00,AP_02,dev_e1493be4e7873c05,heartbeat,-54
2026-09-20T14:47:59.226924+00:00,AP_01,dev_7a7cb5ddf5eb7995,heartbeat,-49
2026-09-20T14:47:59.226924+00:00,AP_02,dev_55eaa3daf2dd130b,heartbeat,-50
2026-09-20T14:48:00.226924+00:00,AP_01,dev_dac99220a0ad0fd7,heartbeat,-48
2026-09-20T14:48:00.226924+00:00,AP_03,dev_5873e32b3ae4395f,heartbeat,-51
2026-09-20T14:48:01.226924+00:00,AP_01,dev_731b3d87b1dc7eee,heartbeat,-50
2026-09-20T14:48:02.226924+00:00,AP_01,dev_35778c3c4e63c5e5,heartbeat,-50
2026-09-20T14:48:02.226924+00:00,AP_02,dev_1f7d38735c96fb65,heartbeat,-49
2026-09-20T14:48:02.226924+00:00,AP_02,dev_2ef071463abd9f1c,heartbeat,-51
2026-09-20T14:48:03.226924+00:00,AP_01,dev_5b04e3a652d6313a,heartbeat,-47
2026-09-20T14:48:03.226924+00:00,AP_01,dev_605e9822a32bf845,heartbeat,-53
2026-09-20T14:48:04.226924+00:00,AP_01,dev_539021518e086590,heartbeat,-50
2026-09-20T14:48:05.226924+00:00,AP_01,dev_b5f693bdb2568671,heartbeat,-42
2026-09-20T14:48:06.226924+00:00,AP_01,dev_daba50eec8c1da46,heartbeat,-49
2026-09-20T14:48:06.226924+00:00,AP_01,dev_932d334d0b33c912,heartbeat,-51
2026-09-20T14:48:07.226924+00:00,AP_02,dev_67afb0bc703b419b,heartbeat,-48
2026-09-20T14:48:08.226924+00:00,AP_03,dev_8ab185ddc4f920ba,heartbeat,-52
2026-09-20T14:48:09.226924+00:00,AP_02,dev_e0901586fe4e5714,heartbeat,-49
2026-09-20T14:48:10.226924+00:00,AP_01,dev_4f88e58b44e4f3e4,heartbeat,-50
2026-09-20T14:48:11.226924+00:00,AP_01,dev_0f1959ebaf2421f7,heartbeat,-50
2026-09-20T14:48:14.226924+00:00,AP_01,dev_8036e1c3a6abbe3c,heartbeat,-48
2026-09-20T14:48:15.226924+00:00,AP_02,dev_6e87a995d8ad91a8,heartbeat,-54
2026-09-20T14:48:15.226924+00:00,AP_02,dev_75cf3775171f19ea,heartbeat,-53
2026-09-20T14:48:15.226924+00:00,AP_02,dev_349b3f24156b47ac,heartbeat,-54
2026-09-20T14:48:16.226924+00:00,AP_01,dev_f50ad49c2c67a14f,heartbeat,-48
2026-09-20T14:48:16.226924+00:00,AP_03,dev_07284014dce9133c,heartbeat,-55
2026-09-20T14:48:17.226924+00:00,AP_01,dev_bbc41c619e88bd47,heartbeat,-56
2026-09-20T14:48:17.226924+00:00,AP_02,dev_4ac84bb5b54bd1e2,heartbeat,-55
2026-09-20T14:48:17.226924+00:00,AP_02,dev_2b173c18c059f8e9,heartbeat,-46
2026-09-20T14:48:18.226924+00:00,AP_01,dev_101e46487f17e515,heartbeat,-49
2026-09-20T14:48:19.226924+00:00,AP_01,dev_bc8d7b6196fcef34,heartbeat,-49
2026-09-20T14:48:19.226924+00:00,AP_02,dev_0f96d15f51d22665,heartbeat,-49
2026-09-20T14:48:21.226924+00:00,AP_02,dev_e880e41ccd1eeaca,heartbeat,-51
2026-09-20T14:48:21.226924+00:00,AP_02,dev_44bae648792c87a3,heartbeat,-44
2026-09-20T14:48:22.226924+00:00,AP_01,dev_445ccbc2b30f400c,heartbeat,-53
2026-09-20T14:48:22.226924+00:00,AP_02,dev_7dc730154810b19b,heartbeat,-50
2026-09-20T14:48:24.226924+00:00,AP_01,dev_c406cbd22ec99ead,heartbeat,-49
2026-09-20T14:48:24.226924+00:00,AP_02,dev_dba56be9de81f118,heartbeat,-52
2026-09-20T14:48:25.226924+00:00,AP_01,dev_ea5204da7be6a53e,heartbeat,-56
2026-09-20T14:48:25.226924+00:00,AP_01,dev_62e4eb8d4981d69d,heartbeat,-49
2026-09-20T14:48:25.226924+00:00,AP_02,dev_c4c59c0a301caf36,heartbeat,-51
2026-09-20T14:48:25.226924+00:00,AP_03,dev_a4b93ff51018f4c5,heartbeat,-46
2026-09-20T14:48:26.226924+00:00,AP_01,dev_3685007455cd815a,heartbeat,-50
2026-09-20T14:48:28.226924+00:00,AP_02,dev_55eaa3daf2dd130b,heartbeat,-51
2026-09-20T14:48:28.226924+00:00,AP_03,dev_0ee25486519d39a2,heartbeat,-53
2026-09-20T14:48:29.226924+00:00,AP_01,dev_7a7cb5ddf5eb7995,heartbeat,-47
2026-09-20T14:48:30.226924+00:00,AP_01,dev_dac99220a0ad0fd7,heartbeat,-48
2026-09-20T14:48:30.226924+00:00,AP_02,dev_e1493be4e7873c05,heartbeat,-47
2026-09-20T14:48:30.226924+00:00,AP_02,dev_89db6f69939e3a2d,heartbeat,-42
2026-09-20T14:48:31.226924+00:00,AP_01,dev_731b3d87b1dc7eee,heartbeat,-48
2026-09-20T14:48:31.226924+00:00,AP_01,dev_539021518e086590,heartbeat,-48
2026-09-20T14:48:31.226924+00:00,AP_02,dev_2ef071463abd9f1c,heartbeat,-46
2026-09-20T14:48:32.226924+00:00,AP_01,dev_605e9822a32bf845,heartbeat,-45
2026-09-20T14:48:32.226924+00:00,AP_03,dev_5873e32b3ae4395f,heartbeat,-46
2026-09-20T14:48:34.226924+00:00,AP_01,dev_35778c3c4e63c5e5,heartbeat,-46
2026-09-20T14:48:34.226924+00:00,AP_01,dev_daba50eec8c1da46,heartbeat,-55
2026-09-20T14:48:35.226924+00:00,AP_01,dev_5b04e3a652d6313a,heartbeat,-48
2026-09-20T14:48:35.226924+00:00,AP_01,dev_932d334d0b33c912,heartbeat,-49
2026-09-20T14:48:35.226924+00:00,AP_02,dev_1f7d38735c96fb65,heartbeat,-49
2026-09-20T14:48:36.226924+00:00,AP_01,dev_b5f693bdb2568671,heartbeat,-44
2026-09-20T14:48:36.226924+00:00,AP_03,dev_8ab185ddc4f920ba,heartbeat,-52
2026-09-20T14:48:38.226924+00:00,AP_02,dev_e0901586fe4e5714,heartbeat,-53
2026-09-20T14:48:40.226924+00:00,AP_01,dev_4f88e58b44e4f3e4,heartbeat,-54
2026-09-20T14:48:40.226924+00:00,AP_02,dev_67afb0bc703b419b,heartbeat,-49
2026-09-20T14:48:41.226924+00:00,AP_01,dev_0f1959ebaf2421f7,heartbeat,-50
2026-09-20T14:48:42.226924+00:00,AP_01,dev_8036e1c3a6abbe3c,heartbeat,-49
2026-09-20T14:48:43.226924+00:00,AP_01,dev_f50ad49c2c67a14f,heartbeat,-48
2026-09-20T14:48:43.226924+00:00,AP_02,dev_6e87a995d8ad91a8,heartbeat,-51
2026-09-20T14:48:43.226924+00:00,AP_02,dev_75cf3775171f19ea,heartbeat,-53
2026-09-20T14:48:45.226924+00:00,AP_02,dev_349b3f24156b47ac,heartbeat,-50
2026-09-20T14:48:45.226924+00:00,AP_03,dev_07284014dce9133c,heartbeat,-48
2026-09-20T14:48:48.226924+00:00,AP_01,dev_101e46487f17e515,heartbeat,-50
2026-09-20T14:48:48.226924+00:00,AP_02,dev_0f96d15f51d22665,heartbeat,-50
2026-09-20T14:48:48.226924+00:00,AP_02,dev_2b173c18c059f8e9,heartbeat,-49
2026-09-20T14:48:50.226924+00:00,AP_01,dev_bbc41c619e88bd47,heartbeat,-50
2026-09-20T14:48:50.226924+00:00,AP_01,dev_445ccbc2b30f400c,heartbeat,-53
2026-09-20T14:48:50.226924+00:00,AP_01,dev_bc8d7b6196fcef34,heartbeat,-51
2026-09-20T14:48:50.226924+00:00,AP_02,dev_4ac84bb5b54bd1e2,heartbeat,-53
2026-09-20T14:48:51.226924+00:00,AP_01,dev_c406cbd22ec99ead,heartbeat,-53
2026-09-20T14:48:51.226924+00:00,AP_02,dev_7dc730154810b19b,heartbeat,-45
2026-09-20T14:48:51.226924+00:00,AP_02,dev_44bae648792c87a3,heartbeat,-53
2026-09-20T14:48:52.226924+00:00,AP_02,dev_e880e41ccd1eeaca,heartbeat,-46
2026-09-20T14:48:54.226924+00:00,AP_01,dev_ea5204da7be6a53e,heartbeat,-47
2026-09-20T14:48:55.226924+00:00,AP_02,dev_dba56be9de81f118,heartbeat,-51
2026-09-20T14:48:55.226924+00:00,AP_02,dev_c4c59c0a301caf36,heartbeat,-55
2026-09-20T14:48:56.226924+00:00,AP_01,dev_3685007455cd815a,heartbeat,-57
2026-09-20T14:48:56.226924+00:00,AP_01,dev_62e4eb8d4981d69d,heartbeat,-50
2026-09-20T14:48:56.226924+00:00,AP_02,dev_55eaa3daf2dd130b,heartbeat,-54
2026-09-20T14:48:56.226924+00:00,AP_03,dev_a4b93ff51018f4c5,heartbeat,-51
2026-09-20T14:48:57.226924+00:00,AP_01,dev_7a7cb5ddf5eb7995,heartbeat,-49
2026-09-20T14:48:58.226924+00:00,AP_01,dev_539021518e086590,heartbeat,-53
2026-09-20T14:48:58.226924+00:00,AP_02,dev_e1493be4e7873c05,heartbeat,-58
2026-09-20T14:48:58.226924+00:00,AP_02,dev_ca40adfbd306185d,connect,-82
2026-09-20T14:48:59.226924+00:00,AP_01,dev_dac99220a0ad0fd7,heartbeat,-46
2026-09-20T14:49:00.226924+00:00,AP_01,dev_605e9822a32bf845,heartbeat,-43
2026-09-20T14:49:01.226924+00:00,AP_03,dev_5873e32b3ae4395f,heartbeat,-40
2026-09-20T14:49:01.226924+00:00,AP_03,dev_0ee25486519d39a2,heartbeat,-48
2026-09-20T14:49:02.226924+00:00,AP_01,dev_5b04e3a652d6313a,heartbeat,-53
2026-09-20T14:49:02.226924+00:00,AP_01,dev_daba50eec8c1da46,heartbeat,-48
2026-09-20T14:49:03.226924+00:00,AP_02,dev_89db6f69939e3a2d,heartbeat,-55
2026-09-20T14:49:04.226924+00:00,AP_01,dev_35778c3c4e63c5e5,heartbeat,-47
2026-09-20T14:49:04.226924+00:00,AP_01,dev_731b3d87b1dc7eee,heartbeat,-44
2026-09-20T14:49:04.226924+00:00,AP_01,dev_932d334d0b33c912,heartbeat,-54
2026-09-20T14:49:04.226924+00:00,AP_02,dev_2ef071463abd9f1c,heartbeat,-46
2026-09-20T14:49:04.226924+00:00,AP_02,dev_ca40adfbd306185d,disconnect,-82
2026-09-20T14:49:07.226924+00:00,AP_02,dev_1f7d38735c96fb65,heartbeat,-49
2026-09-20T14:49:08.226924+00:00,AP_01,dev_b5f693bdb2568671,heartbeat,-53
2026-09-20T14:49:08.226924+00:00,AP_02,dev_e0901586fe4e5714,heartbeat,-50
2026-09-20T14:49:08.226924+00:00,AP_03,dev_8ab185ddc4f920ba,heartbeat,-52
2026-09-20T14:49:09.226924+00:00,AP_01,dev_8036e1c3a6abbe3c,heartbeat,-46
2026-09-20T14:49:10.226924+00:00,AP_01,dev_4f88e58b44e4f3e4,heartbeat,-51
2026-09-20T14:49:10.226924+00:00,AP_01,dev_0f1959ebaf2421f7,heartbeat,-47
2026-09-20T14:49:10.226924+00:00,AP_02,dev_75cf3775171f19ea,heartbeat,-51
2026-09-20T14:49:12.226924+00:00,AP_02,dev_67afb0bc703b419b,heartbeat,-47
2026-09-20T14:49:12.226924+00:00,AP_02,dev_6e87a995d8ad91a8,heartbeat,-48
2026-09-20T14:49:13.226924+00:00,AP_02,dev_349b3f24156b47ac,heartbeat,-52
2026-09-20T14:49:15.226924+00:00,AP_01,dev_f50ad49c2c67a14f,heartbeat,-57
2026-09-20T14:49:15.226924+00:00,AP_02,dev_2b173c18c059f8e9,heartbeat,-54
2026-09-20T14:49:16.226924+00:00,AP_03,dev_07284014dce9133c,heartbeat,-50
2026-09-20T14:49:17.226924+00:00,AP_01,dev_bc8d7b6196fcef34,heartbeat,-50
2026-09-20T14:49:19.226924+00:00,AP_01,dev_101e46487f17e515,heartbeat,-49
2026-09-20T14:49:21.226924+00:00,AP_01,dev_c406cbd22ec99ead,heartbeat,-48
2026-09-20T14:49:21.226924+00:00,AP_01,dev_445ccbc2b30f400c,heartbeat,-45
2026-09-20T14:49:21.226924+00:00,AP_01,dev_ea5204da7be6a53e,heartbeat,-53
2026-09-20T14:49:21.226924+00:00,AP_02,dev_7dc730154810b19b,heartbeat,-49
2026-09-20T14:49:21.226924+00:00,AP_02,dev_0f96d15f51d22665,heartbeat,-49
2026-09-20T14:49:21.226924+00:00,AP_02,dev_4ac84bb5b54bd1e2,heartbeat,-52
2026-09-20T14:49:22.226924+00:00,AP_01,dev_bbc41c619e88bd47,heartbeat,-50
2026-09-20T14:49:22.226924+00:00,AP_02,dev_e880e41ccd1eeaca,heartbeat,-54
2026-09-20T14:49:22.226924+00:00,AP_02,dev_44bae648792c87a3,heartbeat,-46
2026-09-20T14:49:23.226924+00:00,AP_01,dev_3685007455cd815a,heartbeat,-49
2026-09-20T14:49:25.226924+00:00,AP_02,dev_c4c59c0a301caf36,heartbeat,-47
2026-09-20T14:49:26.226924+00:00,AP_03,dev_a4b93ff51018f4c5,heartbeat,-48
2026-09-20T14:49:27.226924+00:00,AP_01,dev_605e9822a32bf845,heartbeat,-51
2026-09-20T14:49:27.226924+00:00,AP_01,dev_539021518e086590,heartbeat,-55
2026-09-20T14:49:27.226924+00:00,AP_01,dev_dac99220a0ad0fd7,heartbeat,-54
2026-09-20T14:49:27.226924+00:00,AP_02,dev_dba56be9de81f118,heartbeat,-59
2026-09-20T14:49:28.226924+00:00,AP_02,dev_e1493be4e7873c05,heartbeat,-49
2026-09-20T14:49:28.226924+00:00,AP_03,dev_0ee25486519d39a2,heartbeat,-54
2026-09-20T14:49:29.226924+00:00,AP_01,dev_62e4eb8d4981d69d,heartbeat,-47
2026-09-20T14:49:29.226924+00:00,AP_02,dev_55eaa3daf2dd130b,heartbeat,-45
2026-09-20T14:49:30.226924+00:00,AP_01,dev_5b04e3a652d6313a,heartbeat,-47
2026-09-20T14:49:30.226924+00:00,AP_01,dev_7a7cb5ddf5eb7995,heartbeat,-53
2026-09-20T14:49:30.226924+00:00,AP_03,dev_5873e32b3ae4395f,heartbeat,-50
2026-09-20T14:49:33.226924+00:00,AP_01,dev_731b3d87b1dc7eee,heartbeat,-51
2026-09-20T14:49:34.226924+00:00,AP_01,dev_35778c3c4e63c5e5,heartbeat,-49
2026-09-20T14:49:34.226924+00:00,AP_01,dev_daba50eec8c1da46,heartbeat,-46
2026-09-20T14:49:34.226924+00:00,AP_02,dev_2ef071463abd9f1c,heartbeat,-45
2026-09-20T14:49:36.226924+00:00,AP_01,dev_b5f693bdb2568671,heartbeat,-46
2026-09-20T14:49:36.226924+00:00,AP_01,dev_932d334d0b33c912,heartbeat,-47
2026-09-20T14:49:36.226924+00:00,AP_02,dev_1f7d38735c96fb65,heartbeat,-48
2026-09-20T14:49:36.226924+00:00,AP_02,dev_89db6f69939e3a2d,heartbeat,-48
2026-09-20T14:49:37.226924+00:00,AP_02,dev_e0901586fe4e5714,heartbeat,-50
2026-09-20T14:49:40.226924+00:00,AP_02,dev_6e87a995d8ad91a8,heartbeat,-53
2026-09-20T14:49:41.226924+00:00,AP_02,dev_67afb0bc703b419b,heartbeat,-53
2026-09-20T14:49:41.226924+00:00,AP_03,dev_8ab185ddc4f920ba,heartbeat,-54
2026-09-20T14:49:42.226924+00:00,AP_01,dev_8036e1c3a6abbe3c,heartbeat,-48
2026-09-20T14:49:42.226924+00:00,AP_02,dev_75cf3775171f19ea,heartbeat,-50
2026-09-20T14:49:43.226924+00:00,AP_01,dev_4f88e58b44e4f3e4,heartbeat,-55
2026-09-20T14:49:43.226924+00:00,AP_01,dev_0f1959ebaf2421f7,heartbeat,-49
2026-09-20T14:49:44.226924+00:00,AP_02,dev_349b3f24156b47ac,heartbeat,-49
2026-09-20T14:49:45.226924+00:00,AP_01,dev_bc8d7b6196fcef34,heartbeat,-56
2026-09-20T14:49:46.226924+00:00,AP_02,dev_2b173c18c059f8e9,heartbeat,-50
2026-09-20T14:49:47.226924+00:00,AP_01,dev_f50ad49c2c67a14f,heartbeat,-55
2026-09-20T14:49:47.226924+00:00,AP_03,dev_07284014dce9133c,heartbeat,-54
2026-09-20T14:49:49.226924+00:00,AP_02,dev_0f96d15f51d22665,heartbeat,-46
2026-09-20T14:49:49.226924+00:00,AP_02,dev_4ac84bb5b54bd1e2,heartbeat,-46
2026-09-20T14:49:51.226924+00:00,AP_01,dev_ea5204da7be6a53e,heartbeat,-56
2026-09-20T14:49:51.226924+00:00,AP_02,dev_44bae648792c87a3,heartbeat,-49
2026-09-20T14:49:52.226924+00:00,AP_01,dev_101e46487f17e515,heartbeat,-51
2026-09-20T14:49:52.226924+00:00,AP_02,dev_7dc730154810b19b,heartbeat,-49
2026-09-20T14:49:53.226924+00:00,AP_01,dev_c406cbd22ec99ead,heartbeat,-46
2026-09-20T14:49:54.226924+00:00,AP_01,dev_445ccbc2b30f400c,heartbeat,-53
2026-09-20T14:49:54.226924+00:00,AP_01,dev_dac99220a0ad0fd7,heartbeat,-51
2026-09-20T14:49:55.226924+00:00,AP_01,dev_bbc41c619e88bd47,heartbeat,-53
2026-09-20T14:49:55.226924+00:00,AP_02,dev_e880e41ccd1eeaca,heartbeat,-48
2026-09-20T14:49:55.226924+00:00,AP_03,dev_a4b93ff51018f4c5,heartbeat,-54
2026-09-20T14:49:56.226924+00:00,AP_01,dev_3685007455cd815a,heartbeat,-46
2026-09-20T14:49:56.226924+00:00,AP_01,dev_539021518e086590,heartbeat,-53
2026-09-20T14:49:56.226924+00:00,AP_02,dev_dba56be9de81f118,heartbeat,-50
2026-09-20T14:49:56.226924+00:00,AP_02,dev_e1493be4e7873c05,heartbeat,-46
2026-09-20T14:49:57.226924+00:00,AP_02,dev_c4c59c0a301caf36,heartbeat,-56
2026-09-20T14:49:58.226924+00:00,AP_01,dev_62e4eb8d4981d69d,heartbeat,-53
2026-09-20T14:49:59.226924+00:00,AP_01,dev_605e9822a32bf845,heartbeat,-47
2026-09-20T14:50:00.226924+00:00,AP_03,dev_0ee25486519d39a2,heartbeat,-48
2026-09-20T14:50:01.226924+00:00,AP_01,dev_7a7cb5ddf5eb7995,heartbeat,-50
2026-09-20T14:50:01.226924+00:00,AP_02,dev_55eaa3daf2dd130b,heartbeat,-49
2026-09-20T14:50:02.226924+00:00,AP_01,dev_35778c3c4e63c5e5,heartbeat,-51
2026-09-20T14:50:02.226924+00:00,AP_03,dev_5873e32b3ae4395f,heartbeat,-50
2026-09-20T14:50:03.226924+00:00,AP_01,dev_5b04e3a652d6313a,heartbeat,-49
2026-09-20T14:50:03.226924+00:00,AP_01,dev_731b3d87b1dc7eee,heartbeat,-49
2026-09-20T14:50:03.226924+00:00,AP_02,dev_1f7d38735c96fb65,heartbeat,-51
2026-09-20T14:50:05.226924+00:00,AP_01,dev_932d334d0b33c912,heartbeat,-50
2026-09-20T14:50:06.226924+00:00,AP_01,dev_daba50eec8c1da46,heartbeat,-47
2026-09-20T14:50:06.226924+00:00,AP_01,dev_b5f693bdb2568671,heartbeat,-48
2026-09-20T14:50:06.226924+00:00,AP_02,dev_2ef071463abd9f1c,heartbeat,-52
2026-09-20T14:50:07.226924+00:00,AP_02,dev_e0901586fe4e5714,heartbeat,-44
2026-09-20T14:50:08.226924+00:00,AP_02,dev_89db6f69939e3a2d,heartbeat,-51
2026-09-20T14:50:08.226924+00:00,AP_03,dev_8ab185ddc4f920ba,heartbeat,-47
2026-09-20T14:50:09.226924+00:00,AP_02,dev_67afb0bc703b419b,heartbeat,-53
2026-09-20T14:50:09.226924+00:00,AP_02,dev_75cf3775171f19ea,heartbeat,-54
2026-09-20T14:50:10.226924+00:00,AP_01,dev_0f1959ebaf2421f7,heartbeat,-52
2026-09-20T14:50:12.226924+00:00,AP_01,dev_8036e1c3a6abbe3c,heartbeat,-55
2026-09-20T14:50:13.226924+00:00,AP_01,dev_bc8d7b6196fcef34,heartbeat,-44
2026-09-20T14:50:13.226924+00:00,AP_02,dev_6e87a995d8ad91a8,heartbeat,-50
2026-09-20T14:50:14.226924+00:00,AP_02,dev_349b3f24156b47ac,heartbeat,-50
2026-09-20T14:50:15.226924+00:00,AP_02,dev_2b173c18c059f8e9,heartbeat,-55
2026-09-20T14:50:16.226924+00:00,AP_01,dev_4f88e58b44e4f3e4,heartbeat,-51
2026-09-20T14:50:16.226924+00:00,AP_03,dev_07284014dce9133c,heartbeat,-48
2026-09-20T14:50:17.226924+00:00,AP_01,dev_f50ad49c2c67a14f,heartbeat,-48
2026-09-20T14:50:18.226924+00:00,AP_02,dev_0f96d15f51d22665,heartbeat,-52
2026-09-20T14:50:18.226924+00:00,AP_02,dev_44bae648792c87a3,heartbeat,-49
2026-09-20T14:50:19.226924+00:00,AP_01,dev_ea5204da7be6a53e,heartbeat,-46
2026-09-20T14:50:20.226924+00:00,AP_01,dev_c406cbd22ec99ead,heartbeat,-50
2026-09-20T14:50:22.226924+00:00,AP_01,dev_445ccbc2b30f400c,heartbeat,-45
2026-09-20T14:50:22.226924+00:00,AP_01,dev_dac99220a0ad0fd7,heartbeat,-51
2026-09-20T14:50:22.226924+00:00,AP_02,dev_4ac84bb5b54bd1e2,heartbeat,-53
2026-09-20T14:50:23.226924+00:00,AP_02,dev_e880e41ccd1eeaca,heartbeat,-47
2026-09-20T14:50:24.226924+00:00,AP_01,dev_101e46487f17e515,heartbeat,-58
2026-09-20T14:50:24.226924+00:00,AP_01,dev_bbc41c619e88bd47,heartbeat,-50
2026-09-20T14:50:24.226924+00:00,AP_01,dev_539021518e086590,heartbeat,-50
2026-09-20T14:50:24.226924+00:00,AP_02,dev_7dc730154810b19b,heartbeat,-44
2026-09-20T14:50:25.226924+00:00,AP_02,dev_dba56be9de81f118,heartbeat,-47
2026-09-20T14:50:25.226924+00:00,AP_02,dev_c4c59c0a301caf36,heartbeat,-51
2026-09-20T14:50:25.226924+00:00,AP_03,dev_a4b93ff51018f4c5,heartbeat,-49
2026-09-20T14:50:26.226924+00:00,AP_01,dev_62e4eb8d4981d69d,heartbeat,-46
2026-09-20T14:50:28.226924+00:00,AP_01,dev_605e9822a32bf845,heartbeat,-53
2026-09-20T14:50:28.226924+00:00,AP_01,dev_7a7cb5ddf5eb7995,heartbeat,-56
2026-09-20T14:50:28.226924+00:00,AP_02,dev_55eaa3daf2dd130b,heartbeat,-56
2026-09-20T14:50:29.226924+00:00,AP_01,dev_3685007455cd815a,heartbeat,-51
2026-09-20T14:50:29.226924+00:00,AP_02,dev_e1493be4e7873c05,heartbeat,-47
2026-09-20T14:50:30.226924+00:00,AP_01,dev_5b04e3a652d6313a,heartbeat,-53
2026-09-20T14:50:31.226924+00:00,AP_01,dev_35778c3c4e63c5e5,heartbeat,-45
2026-09-20T14:50:31.226924+00:00,AP_01,dev_731b3d87b1dc7eee,heartbeat,-49
2026-09-20T14:50:31.226924+00:00,AP_03,dev_0ee25486519d39a2,heartbeat,-47
2026-09-20T14:50:33.226924+00:00,AP_01,dev_daba50eec8c1da46,heartbeat,-48
2026-09-20T14:50:33.226924+00:00,AP_01,dev_932d334d0b33c912,heartbeat,-54
2026-09-20T14:50:34.226924+00:00,AP_02,dev_1f7d38735c96fb65,heartbeat,-51
2026-09-20T14:50:34.226924+00:00,AP_03,dev_5873e32b3ae4395f,heartbeat,-47
2026-09-20T14:50:35.226924+00:00,AP_01,dev_069605993fcd64eb,connect,-47
2026-09-20T14:50:35.226924+00:00,AP_02,dev_2ef071463abd9f1c,heartbeat,-48
2026-09-20T14:50:37.226924+00:00,AP_01,dev_b5f693bdb2568671,heartbeat,-52
2026-09-20T14:50:37.226924+00:00,AP_02,dev_75cf3775171f19ea,heartbeat,-50
2026-09-20T14:50:37.226924+00:00,AP_02,dev_e0901586fe4e5714,heartbeat,-52
2026-09-20T14:50:38.226924+00:00,AP_03,dev_8ab185ddc4f920ba,heartbeat,-50
2026-09-20T14:50:40.226924+00:00,AP_02,dev_6e87a995d8ad91a8,heartbeat,-51
2026-09-20T14:50:40.226924+00:00,AP_02,dev_89db6f69939e3a2d,heartbeat,-53
2026-09-20T14:50:41.226924+00:00,AP_01,dev_0f1959ebaf2421f7,heartbeat,-49
2026-09-20T14:50:42.226924+00:00,AP_01,dev_8036e1c3a6abbe3c,heartbeat,-49
2026-09-20T14:50:42.226924+00:00,AP_02,dev_67afb0bc703b419b,heartbeat,-50
2026-09-20T14:50:45.226924+00:00,AP_02,dev_349b3f24156b47ac,heartbeat,-54
2026-09-20T14:50:46.226924+00:00,AP_01,dev_f50ad49c2c67a14f,heartbeat,-50
2026-09-20T14:50:46.226924+00:00,AP_01,dev_bc8d7b6196fcef34,heartbeat,-41
2026-09-20T14:50:46.226924+00:00,AP_02,dev_0f96d15f51d22665,heartbeat,-45
2026-09-20T14:50:46.226924+00:00,AP_02,dev_44bae648792c87a3,heartbeat,-52
2026-09-20T14:50:47.226924+00:00,AP_01,dev_ea5204da7be6a53e,heartbeat,-54
2026-09-20T14:50:47.226924+00:00,AP_01,dev_4f88e58b44e4f3e4,heartbeat,-49
2026-09-20T14:50:47.226924+00:00,AP_02,dev_2b173c18c059f8e9,heartbeat,-48
2026-09-20T14:50:48.226924+00:00,AP_03,dev_07284014dce9133c,heartbeat,-53
2026-09-20T14:50:52.226924+00:00,AP_02,dev_4ac84bb5b54bd1e2,heartbeat,-50
2026-09-20T14:50:53.226924+00:00,AP_01,dev_c406cbd22ec99ead,heartbeat,-55
2026-09-20T14:50:53.226924+00:00,AP_01,dev_dac99220a0ad0fd7,heartbeat,-48
2026-09-20T14:50:53.226924+00:00,AP_02,dev_e880e41ccd1eeaca,heartbeat,-48
2026-09-20T14:50:53.226924+00:00,AP_02,dev_dba56be9de81f118,heartbeat,-44
2026-09-20T14:50:53.226924+00:00,AP_03,dev_a4b93ff51018f4c5,heartbeat,-51
2026-09-20T14:50:54.226924+00:00,AP_01,dev_101e46487f17e515,heartbeat,-48
2026-09-20T14:50:54.226924+00:00,AP_01,dev_445ccbc2b30f400c,heartbeat,-52
2026-09-20T14:50:54.226924+00:00,AP_01,dev_62e4eb8d4981d69d,heartbeat,-50
2026-09-20T14:50:55.226924+00:00,AP_02,dev_55eaa3daf2dd130b,heartbeat,-51
2026-09-20T14:50:56.226924+00:00,AP_01,dev_bbc41c619e88bd47,heartbeat,-47
2026-09-20T14:50:56.226924+00:00,AP_01,dev_539021518e086590,heartbeat,-40
2026-09-20T14:50:57.226924+00:00,AP_01,dev_3685007455cd815a,heartbeat,-46
2026-09-20T14:50:57.226924+00:00,AP_01,dev_605e9822a32bf845,heartbeat,-46
2026-09-20T14:50:57.226924+00:00,AP_02,dev_7dc730154810b19b,heartbeat,-53
2026-09-20T14:50:58.226924+00:00,AP_01,dev_7a7cb5ddf5eb7995,heartbeat,-53
2026-09-20T14:50:58.226924+00:00,AP_02,dev_c4c59c0a301caf36,heartbeat,-47
2026-09-20T14:50:59.226924+00:00,AP_01,dev_5b04e3a652d6313a,heartbeat,-58
2026-09-20T14:51:01.226924+00:00,AP_01,dev_731b3d87b1dc7eee,heartbeat,-51
2026-09-20T14:51:01.226924+00:00,AP_01,dev_932d334d0b33c912,heartbeat,-50
2026-09-20T14:51:02.226924+00:00,AP_02,dev_e1493be4e7873c05,heartbeat,-50
2026-09-20T14:51:03.226924+00:00,AP_01,dev_35778c3c4e63c5e5,heartbeat,-46
2026-09-20T14:51:04.226924+00:00,AP_02,dev_e0901586fe4e5714,heartbeat,-52
2026-09-20T14:51:04.226924+00:00,AP_03,dev_0ee25486519d39a2,heartbeat,-43
2026-09-20T14:51:05.226924+00:00,AP_01,dev_069605993fcd64eb,heartbeat,-53
2026-09-20T14:51:05.226924+00:00,AP_01,dev_b5f693bdb2568671,heartbeat,-54
2026-09-20T14:51:05.226924+00:00,AP_02,dev_1f7d38735c96fb65,heartbeat,-48
2026-09-20T14:51:06.226924+00:00,AP_01,dev_daba50eec8c1da46,heartbeat,-54
2026-09-20T14:51:06.226924+00:00,AP_03,dev_5873e32b3ae4395f,heartbeat,-45
2026-09-20T14:51:07.226924+00:00,AP_02,dev_6e87a995d8ad91a8,heartbeat,-47
2026-09-20T14:51:07.226924+00:00,AP_02,dev_75cf3775171f19ea,heartbeat,-52
2026-09-20T14:51:07.226924+00:00,AP_02,dev_2ef071463abd9f1c,heartbeat,-54
2026-09-20T14:51:09.226924+00:00,AP_03,dev_8ab185ddc4f920ba,heartbeat,-47
2026-09-20T14:51:10.226924+00:00,AP_01,dev_0f1959ebaf2421f7,heartbeat,-54
2026-09-20T14:51:12.226924+00:00,AP_01,dev_8036e1c3a6abbe3c,heartbeat,-48
2026-09-20T14:51:12.226924+00:00,AP_02,dev_89db6f69939e3a2d,heartbeat,-51
2026-09-20T14:51:14.226924+00:00,AP_01,dev_ea5204da7be6a53e,heartbeat,-49
2026-09-20T14:51:14.226924+00:00,AP_02,dev_67afb0bc703b419b,heartbeat,-46
2026-09-20T14:51:15.226924+00:00,AP_01,dev_bc8d7b6196fcef34,heartbeat,-49
2026-09-20T14:51:15.226924+00:00,AP_02,dev_349b3f24156b47ac,heartbeat,-49
2026-09-20T14:51:15.226924+00:00,AP_02,dev_2b173c18c059f8e9,heartbeat,-49
2026-09-20T14:51:16.226924+00:00,AP_02,dev_0f96d15f51d22665,heartbeat,-47
2026-09-20T14:51:18.226924+00:00,AP_01,dev_f50ad49c2c67a14f,heartbeat,-51
2026-09-20T14:51:18.226924+00:00,AP_02,dev_44bae648792c87a3,heartbeat,-47
2026-09-20T14:51:19.226924+00:00,AP_03,dev_07284014dce9133c,heartbeat,-42
2026-09-20T14:51:20.226924+00:00,AP_01,dev_4f88e58b44e4f3e4,heartbeat,-51
2026-09-20T14:51:21.226924+00:00,AP_02,dev_e880e41ccd1eeaca,heartbeat,-48
2026-09-20T14:51:21.226924+00:00,AP_02,dev_4ac84bb5b54bd1e2,heartbeat,-45
2026-09-20T14:51:22.226924+00:00,AP_01,dev_dac99220a0ad0fd7,heartbeat,-46
2026-09-20T14:51:22.226924+00:00,AP_02,dev_55eaa3daf2dd130b,heartbeat,-45
2026-09-20T14:51:23.226924+00:00,AP_01,dev_bbc41c619e88bd47,heartbeat,-46
2026-09-20T14:51:23.226924+00:00,AP_01,dev_539021518e086590,heartbeat,-54
2026-09-20T14:51:24.226924+00:00,AP_01,dev_605e9822a32bf845,heartbeat,-53
2026-09-20T14:51:25.226924+00:00,AP_01,dev_101e46487f17e515,heartbeat,-44
2026-09-20T14:51:25.226924+00:00,AP_03,dev_a4b93ff51018f4c5,heartbeat,-51
2026-09-20T14:51:26.226924+00:00,AP_01,dev_5b04e3a652d6313a,heartbeat,-50
2026-09-20T14:51:26.226924+00:00,AP_01,dev_c406cbd22ec99ead,heartbeat,-55
2026-09-20T14:51:26.226924+00:00,AP_01,dev_445ccbc2b30f400c,heartbeat,-47
2026-09-20T14:51:26.226924+00:00,AP_01,dev_7a7cb5ddf5eb7995,heartbeat,-48
2026-09-20T14:51:26.226924+00:00,AP_02,dev_dba56be9de81f118,heartbeat,-40
2026-09-20T14:51:27.226924+00:00,AP_01,dev_3685007455cd815a,heartbeat,-46
2026-09-20T14:51:27.226924+00:00,AP_01,dev_62e4eb8d4981d69d,heartbeat,-51
2026-09-20T14:51:29.226924+00:00,AP_01,dev_731b3d87b1dc7eee,heartbeat,-45
2026-09-20T14:51:29.226924+00:00,AP_01,dev_932d334d0b33c912,heartbeat,-50
2026-09-20T14:51:29.226924+00:00,AP_02,dev_7dc730154810b19b,heartbeat,-47
2026-09-20T14:51:30.226924+00:00,AP_01,dev_35778c3c4e63c5e5,heartbeat,-53
2026-09-20T14:51:30.226924+00:00,AP_02,dev_e1493be4e7873c05,heartbeat,-51
2026-09-20T14:51:31.226924+00:00,AP_02,dev_c4c59c0a301caf36,heartbeat,-40
2026-09-20T14:51:32.226924+00:00,AP_01,dev_b5f693bdb2568671,heartbeat,-49
2026-09-20T14:51:33.226924+00:00,AP_03,dev_5873e32b3ae4395f,heartbeat,-44
2026-09-20T14:51:34.226924+00:00,AP_02,dev_2ef071463abd9f1c,heartbeat,-50
2026-09-20T14:51:35.226924+00:00,AP_02,dev_75cf3775171f19ea,heartbeat,-47
2026-09-20T14:51:36.226924+00:00,AP_01,dev_069605993fcd64eb,heartbeat,-46
2026-09-20T14:51:36.226924+00:00,AP_02,dev_1f7d38735c96fb65,heartbeat,-46
2026-09-20T14:51:37.226924+00:00,AP_02,dev_e0901586fe4e5714,heartbeat,-41
2026-09-20T14:51:37.226924+00:00,AP_03,dev_0ee25486519d39a2,heartbeat,-53
2026-09-20T14:51:39.226924+00:00,AP_01,dev_daba50eec8c1da46,heartbeat,-51
2026-09-20T14:51:40.226924+00:00,AP_01,dev_0f1959ebaf2421f7,heartbeat,-50
2026-09-20T14:51:40.226924+00:00,AP_02,dev_6e87a995d8ad91a8,heartbeat,-48
2026-09-20T14:51:41.226924+00:00,AP_01,dev_8036e1c3a6abbe3c,heartbeat,-51
2026-09-20T14:51:42.226924+00:00,AP_02,dev_67afb0bc703b419b,heartbeat,-55
2026-09-20T14:51:42.226924+00:00,AP_03,dev_8ab185ddc4f920ba,heartbeat,-52
2026-09-20T14:51:43.226924+00:00,AP_01,dev_ea5204da7be6a53e,heartbeat,-48
2026-09-20T14:51:43.226924+00:00,AP_02,dev_0f96d15f51d22665,heartbeat,-51
2026-09-20T14:51:43.226924+00:00,AP_02,dev_2b173c18c059f8e9,heartbeat,-54
2026-09-20T14:51:44.226924+00:00,AP_02,dev_89db6f69939e3a2d,heartbeat,-48
2026-09-20T14:51:45.226924+00:00,AP_02,dev_349b3f24156b47ac,heartbeat,-51
2026-09-20T14:51:46.226924+00:00,AP_01,dev_bc8d7b6196fcef34,heartbeat,-51
2026-09-20T14:51:46.226924+00:00,AP_03,dev_07284014dce9133c,heartbeat,-50
2026-09-20T14:51:47.226924+00:00,AP_01,dev_4f88e58b44e4f3e4,heartbeat,-54
2026-09-20T14:51:50.226924+00:00,AP_01,dev_f50ad49c2c67a14f,heartbeat,-51
2026-09-20T14:51:51.226924+00:00,AP_02,dev_44bae648792c87a3,heartbeat,-51
2026-09-20T14:51:52.226924+00:00,AP_01,dev_101e46487f17e515,heartbeat,-47
2026-09-20T14:51:52.226924+00:00,AP_02,dev_4ac84bb5b54bd1e2,heartbeat,-44
2026-09-20T14:51:53.226924+00:00,AP_01,dev_dac99220a0ad0fd7,heartbeat,-49
2026-09-20T14:51:53.226924+00:00,AP_02,dev_dba56be9de81f118,heartbeat,-52
2026-09-20T14:51:54.226924+00:00,AP_01,dev_3685007455cd815a,heartbeat,-48
2026-09-20T14:51:54.226924+00:00,AP_01,dev_bbc41c619e88bd47,heartbeat,-52
2026-09-20T14:51:54.226924+00:00,AP_02,dev_e880e41ccd1eeaca,heartbeat,-52
2026-09-20T14:51:54.226924+00:00,AP_02,dev_55eaa3daf2dd130b,heartbeat,-48
2026-09-20T14:51:55.226924+00:00,AP_01,dev_605e9822a32bf845,heartbeat,-52
2026-09-20T14:51:55.226924+00:00,AP_01,dev_539021518e086590,heartbeat,-42
2026-09-20T14:51:56.226924+00:00,AP_01,dev_445ccbc2b30f400c,heartbeat,-50
2026-09-20T14:51:56.226924+00:00,AP_01,dev_932d334d0b33c912,heartbeat,-45
2026-09-20T14:51:56.226924+00:00,AP_01,dev_7a7cb5ddf5eb7995,heartbeat,-47
2026-09-20T14:51:56.226924+00:00,AP_03,dev_a4b93ff51018f4c5,heartbeat,-52
2026-09-20T14:51:57.226924+00:00,AP_02,dev_7dc730154810b19b,heartbeat,-50
2026-09-20T14:51:58.226924+00:00,AP_01,dev_62e4eb8d4981d69d,heartbeat,-49
2026-09-20T14:51:59.226924+00:00,AP_01,dev_5b04e3a652d6313a,heartbeat,-51
2026-09-20T14:51:59.226924+00:00,AP_01,dev_731b3d87b1dc7eee,heartbeat,-50
2026-09-20T14:51:59.226924+00:00,AP_01,dev_c406cbd22ec99ead,heartbeat,-46
2026-09-20T14:51:59.226924+00:00,AP_01,dev_b5f693bdb2568671,heartbeat,-49
2026-09-20T14:52:00.226924+00:00,AP_03,dev_5873e32b3ae4395f,heartbeat,-54
2026-09-20T14:52:01.226924+00:00,AP_02,dev_c4c59c0a301caf36,heartbeat,-41
2026-09-20T14:52:02.226924+00:00,AP_01,dev_35778c3c4e63c5e5,heartbeat,-49
2026-09-20T14:52:03.226924+00:00,AP_02,dev_e1493be4e7873c05,heartbeat,-52
2026-09-20T14:52:04.226924+00:00,AP_01,dev_069605993fcd64eb,heartbeat,-53
2026-09-20T14:52:04.226924+00:00,AP_02,dev_1f7d38735c96fb65,heartbeat,-52
2026-09-20T14:52:05.226924+00:00,AP_02,dev_2ef071463abd9f1c,heartbeat,-52
2026-09-20T14:52:05.226924+00:00,AP_02,dev_e0901586fe4e5714,heartbeat,-43
2026-09-20T14:52:05.226924+00:00,AP_03,dev_0ee25486519d39a2,heartbeat,-49
2026-09-20T14:52:07.226924+00:00,AP_02,dev_75cf3775171f19ea,heartbeat,-46
2026-09-20T14:52:09.226924+00:00,AP_01,dev_daba50eec8c1da46,heartbeat,-50
2026-09-20T14:52:10.226924+00:00,AP_01,dev_0f1959ebaf2421f7,heartbeat,-44
2026-09-20T14:52:10.226924+00:00,AP_02,dev_67afb0bc703b419b,heartbeat,-50
2026-09-20T14:52:10.226924+00:00,AP_02,dev_0f96d15f51d22665,heartbeat,-51
2026-09-20T14:52:10.226924+00:00,AP_03,dev_8ab185ddc4f920ba,heartbeat,-49
2026-09-20T14:52:12.226924+00:00,AP_01,dev_8036e1c3a6abbe3c,heartbeat,-50
2026-09-20T14:52:12.226924+00:00,AP_02,dev_6e87a995d8ad91a8,heartbeat,-49
2026-09-20T14:52:13.226924+00:00,AP_02,dev_2b173c18c059f8e9,heartbeat,-47
2026-09-20T14:52:14.226924+00:00,AP_01,dev_bc8d7b6196fcef34,heartbeat,-57
2026-09-20T14:52:15.226924+00:00,AP_01,dev_ea5204da7be6a53e,heartbeat,-52
2026-09-20T14:52:16.226924+00:00,AP_02,dev_89db6f69939e3a2d,heartbeat,-49
2026-09-20T14:52:17.226924+00:00,AP_01,dev_4f88e58b44e4f3e4,heartbeat,-57
2026-09-20T14:52:17.226924+00:00,AP_02,dev_349b3f24156b47ac,heartbeat,-51
2026-09-20T14:52:18.226924+00:00,AP_02,dev_44bae648792c87a3,heartbeat,-51
2026-09-20T14:52:19.226924+00:00,AP_03,dev_07284014dce9133c,heartbeat,-49
2026-09-20T14:52:20.226924+00:00,AP_01,dev_101e46487f17e515,heartbeat,-57
2026-09-20T14:52:20.226924+00:00,AP_01,dev_dac99220a0ad0fd7,heartbeat,-43
2026-09-20T14:52:22.226924+00:00,AP_01,dev_f50ad49c2c67a14f,heartbeat,-49
2026-09-20T14:52:22.226924+00:00,AP_01,dev_bbc41c619e88bd47,heartbeat,-49
2026-09-20T14:52:23.226924+00:00,AP_02,dev_55eaa3daf2dd130b,heartbeat,-47
2026-09-20T14:52:23.226924+00:00,AP_02,dev_4ac84bb5b54bd1e2,heartbeat,-47
2026-09-20T14:52:23.226924+00:00,AP_02,dev_dba56be9de81f118,heartbeat,-53
2026-09-20T14:52:25.226924+00:00,AP_01,dev_445ccbc2b30f400c,heartbeat,-44
2026-09-20T14:52:25.226924+00:00,AP_02,dev_e880e41ccd1eeaca,heartbeat,-48
2026-09-20T14:52:26.226924+00:00,AP_01,dev_3685007455cd815a,heartbeat,-55
2026-09-20T14:52:27.226924+00:00,AP_01,dev_c406cbd22ec99ead,heartbeat,-45
2026-09-20T14:52:27.226924+00:00,AP_01,dev_539021518e086590,heartbeat,-50
2026-09-20T14:52:28.226924+00:00,AP_01,dev_605e9822a32bf845,heartbeat,-48
2026-09-20T14:52:28.226924+00:00,AP_01,dev_b5f693bdb2568671,heartbeat,-50
2026-09-20T14:52:28.226924+00:00,AP_01,dev_932d334d0b33c912,heartbeat,-49
2026-09-20T14:52:28.226924+00:00,AP_01,dev_7a7cb5ddf5eb7995,heartbeat,-49
2026-09-20T14:52:28.226924+00:00,AP_02,dev_7dc730154810b19b,heartbeat,-53
2026-09-20T14:52:28.226924+00:00,AP_02,dev_c4c59c0a301caf36,heartbeat,-47
2026-09-20T14:52:29.226924+00:00,AP_01,dev_731b3d87b1dc7eee,heartbeat,-47
2026-09-20T14:52:29.226924+00:00,AP_03,dev_a4b93ff51018f4c5,heartbeat,-51
2026-09-20T14:52:30.226924+00:00,AP_01,dev_62e4eb8d4981d69d,heartbeat,-50
2026-09-20T14:52:30.226924+00:00,AP_02,dev_e1493be4e7873c05,heartbeat,-50
2026-09-20T14:52:31.226924+00:00,AP_01,dev_5b04e3a652d6313a,heartbeat,-51
2026-09-20T14:52:32.226924+00:00,AP_02,dev_1f7d38735c96fb65,heartbeat,-47
2026-09-20T14:52:32.226924+00:00,AP_03,dev_5873e32b3ae4395f,heartbeat,-53
2026-09-20T14:52:33.226924+00:00,AP_01,dev_35778c3c4e63c5e5,heartbeat,-48
2026-09-20T14:52:33.226924+00:00,AP_02,dev_e0901586fe4e5714,heartbeat,-52
2026-09-20T14:52:35.226924+00:00,AP_02,dev_2ef071463abd9f1c,heartbeat,-53
2026-09-20T14:52:36.226924+00:00,AP_01,dev_069605993fcd64eb,heartbeat,-52
2026-09-20T14:52:36.226924+00:00,AP_03,dev_0ee25486519d39a2,heartbeat,-54
2026-09-20T14:52:37.226924+00:00,AP_01,dev_daba50eec8c1da46,heartbeat,-52
2026-09-20T14:52:38.226924+00:00,AP_02,dev_75cf3775171f19ea,heartbeat,-49
2026-09-20T14:52:38.226924+00:00,AP_02,dev_0f96d15f51d22665,heartbeat,-44
2026-09-20T14:52:40.226924+00:00,AP_02,dev_67afb0bc703b419b,heartbeat,-55
2026-09-20T14:52:41.226924+00:00,AP_02,dev_2b173c18c059f8e9,heartbeat,-48
2026-09-20T14:52:42.226924+00:00,AP_01,dev_ea5204da7be6a53e,heartbeat,-50
2026-09-20T14:52:42.226924+00:00,AP_02,dev_6e87a995d8ad91a8,heartbeat,-48
2026-09-20T14:52:43.226924+00:00,AP_01,dev_0f1959ebaf2421f7,heartbeat,-49
2026-09-20T14:52:43.226924+00:00,AP_03,dev_8ab185ddc4f920ba,heartbeat,-50
2026-09-20T14:52:45.226924+00:00,AP_01,dev_8036e1c3a6abbe3c,heartbeat,-53
2026-09-20T14:52:45.226924+00:00,AP_01,dev_bc8d7b6196fcef34,heartbeat,-48
2026-09-20T14:52:46.226924+00:00,AP_02,dev_349b3f24156b47ac,heartbeat,-49
2026-09-20T14:52:46.226924+00:00,AP_02,dev_89db6f69939e3a2d,heartbeat,-48
2026-09-20T14:52:47.226924+00:00,AP_01,dev_dac99220a0ad0fd7,heartbeat,-50
2026-09-20T14:52:47.226924+00:00,AP_03,dev_07284014dce9133c,heartbeat,-50
2026-09-20T14:52:48.226924+00:00,AP_01,dev_4f88e58b44e4f3e4,heartbeat,-56
2026-09-20T14:52:50.226924+00:00,AP_01,dev_f50ad49c2c67a14f,heartbeat,-54
2026-09-20T14:52:50.226924+00:00,AP_02,dev_4ac84bb5b54bd1e2,heartbeat,-54
2026-09-20T14:52:50.226924+00:00,AP_02,dev_dba56be9de81f118,heartbeat,-53
2026-09-20T14:52:50.226924+00:00,AP_02,dev_44bae648792c87a3,heartbeat,-48
2026-09-20T14:52:53.226924+00:00,AP_01,dev_101e46487f17e515,heartbeat,-45
2026-09-20T14:52:53.226924+00:00,AP_01,dev_bbc41c619e88bd47,heartbeat,-44
2026-09-20T14:52:53.226924+00:00,AP_01,dev_445ccbc2b30f400c,heartbeat,-52
2026-09-20T14:52:53.226924+00:00,AP_02,dev_e880e41ccd1eeaca,heartbeat,-53
2026-09-20T14:52:54.226924+00:00,AP_01,dev_3685007455cd815a,heartbeat,-50
2026-09-20T14:52:54.226924+00:00,AP_02,dev_55eaa3daf2dd130b,heartbeat,-50
2026-09-20T14:52:56.226924+00:00,AP_02,dev_7dc730154810b19b,heartbeat,-43
2026-09-20T14:52:57.226924+00:00,AP_01,dev_62e4eb8d4981d69d,heartbeat,-48
2026-09-20T14:52:58.226924+00:00,AP_01,dev_5b04e3a652d6313a,heartbeat,-49
2026-09-20T14:52:58.226924+00:00,AP_01,dev_539021518e086590,heartbeat,-51
2026-09-20T14:52:58.226924+00:00,AP_02,dev_e1493be4e7873c05,heartbeat,-49
2026-09-20T14:52:59.226924+00:00,AP_01,dev_605e9822a32bf845,heartbeat,-57
2026-09-20T14:52:59.226924+00:00,AP_01,dev_932d334d0b33c912,heartbeat,-47
2026-09-20T14:52:59.226924+00:00,AP_02,dev_c4c59c0a301caf36,heartbeat,-42
2026-09-20T14:53:00.226924+00:00,AP_01,dev_c406cbd22ec99ead,heartbeat,-55
2026-09-20T14:53:00.226924+00:00,AP_03,dev_5873e32b3ae4395f,heartbeat,-44
2026-09-20T14:53:01.226924+00:00,AP_01,dev_35778c3c4e63c5e5,heartbeat,-60
2026-09-20T14:53:01.226924+00:00,AP_01,dev_b5f693bdb2568671,heartbeat,-50
2026-09-20T14:53:01.226924+00:00,AP_01,dev_7a7cb5ddf5eb7995,heartbeat,-49
2026-09-20T14:53:01.226924+00:00,AP_02,dev_e0901586fe4e5714,heartbeat,-47
2026-09-20T14:53:01.226924+00:00,AP_03,dev_a4b93ff51018f4c5,heartbeat,-48
2026-09-20T14:53:02.226924+00:00,AP_01,dev_731b3d87b1dc7eee,heartbeat,-48
2026-09-20T14:53:04.226924+00:00,AP_02,dev_1f7d38735c96fb65,heartbeat,-50
2026-09-20T14:53:04.226924+00:00,AP_02,dev_2ef071463abd9f1c,heartbeat,-52
2026-09-20T14:53:07.226924+00:00,AP_01,dev_069605993fcd64eb,heartbeat,-49
2026-09-20T14:53:07.226924+00:00,AP_02,dev_75cf3775171f19ea,heartbeat,-50
2026-09-20T14:53:07.226924+00:00,AP_03,dev_0ee25486519d39a2,heartbeat,-52
2026-09-20T14:53:09.226924+00:00,AP_02,dev_0f96d15f51d22665,heartbeat,-48
2026-09-20T14:53:10.226924+00:00,AP_01,dev_daba50eec8c1da46,heartbeat,-49
2026-09-20T14:53:10.226924+00:00,AP_01,dev_ea5204da7be6a53e,heartbeat,-49
2026-09-20T14:53:10.226924+00:00,AP_02,dev_67afb0bc703b419b,heartbeat,-47
2026-09-20T14:53:11.226924+00:00,AP_03,dev_8ab185ddc4f920ba,heartbeat,-49
2026-09-20T14:53:12.226924+00:00,AP_01,dev_bc8d7b6196fcef34,heartbeat,-49
2026-09-20T14:53:14.226924+00:00,AP_02,dev_2b173c18c059f8e9,heartbeat,-51
2026-09-20T14:53:15.226924+00:00,AP_01,dev_8036e1c3a6abbe3c,heartbeat,-50
2026-09-20T14:53:15.226924+00:00,AP_02,dev_6e87a995d8ad91a8,heartbeat,-54
2026-09-20T14:53:16.226924+00:00,AP_01,dev_0f1959ebaf2421f7,heartbeat,-48
2026-09-20T14:53:18.226924+00:00,AP_01,dev_f50ad49c2c67a14f,heartbeat,-48
2026-09-20T14:53:18.226924+00:00,AP_02,dev_89db6f69939e3a2d,heartbeat,-52
2026-09-20T14:53:18.226924+00:00,AP_02,dev_44bae648792c87a3,heartbeat,-56
2026-09-20T14:53:19.226924+00:00,AP_01,dev_dac99220a0ad0fd7,heartbeat,-44
2026-09-20T14:53:19.226924+00:00,AP_02,dev_349b3f24156b47ac,heartbeat,-51
2026-09-20T14:53:20.226924+00:00,AP_02,dev_dba56be9de81f118,heartbeat,-54
2026-09-20T14:53:20.226924+00:00,AP_03,dev_07284014dce9133c,heartbeat,-51
2026-09-20T14:53:21.226924+00:00,AP_01,dev_4f88e58b44e4f3e4,heartbeat,-52
2026-09-20T14:53:21.226924+00:00,AP_02,dev_e880e41ccd1eeaca,heartbeat,-58
2026-09-20T14:53:21.226924+00:00,AP_02,dev_55eaa3daf2dd130b,heartbeat,-50
2026-09-20T14:53:22.226924+00:00,AP_01,dev_101e46487f17e515,heartbeat,-54
2026-09-20T14:53:22.226924+00:00,AP_01,dev_bbc41c619e88bd47,heartbeat,-44
2026-09-20T14:53:23.226924+00:00,AP_01,dev_3685007455cd815a,heartbeat,-47
2026-09-20T14:53:23.226924+00:00,AP_02,dev_4ac84bb5b54bd1e2,heartbeat,-46
2026-09-20T14:53:24.226924+00:00,AP_01,dev_62e4eb8d4981d69d,heartbeat,-53
2026-09-20T14:53:24.226924+00:00,AP_02,dev_7dc730154810b19b,heartbeat,-49
2026-09-20T14:53:26.226924+00:00,AP_01,dev_605e9822a32bf845,heartbeat,-52
2026-09-20T14:53:26.226924+00:00,AP_01,dev_445ccbc2b30f400c,heartbeat,-52
2026-09-20T14:53:29.226924+00:00,AP_01,dev_5b04e3a652d6313a,heartbeat,-46
2026-09-20T14:53:29.226924+00:00,AP_01,dev_731b3d87b1dc7eee,heartbeat,-52
2026-09-20T14:53:29.226924+00:00,AP_01,dev_c406cbd22ec99ead,heartbeat,-50
2026-09-20T14:53:29.226924+00:00,AP_01,dev_539021518e086590,heartbeat,-50
2026-09-20T14:53:29.226924+00:00,AP_02,dev_e1493be4e7873c05,heartbeat,-54
2026-09-20T14:53:29.226924+00:00,AP_02,dev_e0901586fe4e5714,heartbeat,-48
2026-09-20T14:53:29.226924+00:00,AP_03,dev_a4b93ff51018f4c5,heartbeat,-45
2026-09-20T14:53:30.226924+00:00,AP_01,dev_35778c3c4e63c5e5,heartbeat,-51
2026-09-20T14:53:30.226924+00:00,AP_01,dev_b5f693bdb2568671,heartbeat,-56
2026-09-20T14:53:30.226924+00:00,AP_01,dev_7a7cb5ddf5eb7995,heartbeat,-48
2026-09-20T14:53:30.226924+00:00,AP_03,dev_5873e32b3ae4395f,heartbeat,-45
2026-09-20T14:53:31.226924+00:00,AP_02,dev_2ef071463abd9f1c,heartbeat,-53
2026-09-20T14:53:32.226924+00:00,AP_01,dev_932d334d0b33c912,heartbeat,-49
2026-09-20T14:53:32.226924+00:00,AP_02,dev_c4c59c0a301caf36,heartbeat,-43
2026-09-20T14:53:36.226924+00:00,AP_02,dev_1f7d38735c96fb65,heartbeat,-54
2026-09-20T14:53:36.226924+00:00,AP_03,dev_0ee25486519d39a2,heartbeat,-48
2026-09-20T14:53:37.226924+00:00,AP_02,dev_75cf3775171f19ea,heartbeat,-54
2026-09-20T14:53:38.226924+00:00,AP_01,dev_ea5204da7be6a53e,heartbeat,-50
2026-09-20T14:53:39.226924+00:00,AP_02,dev_67afb0bc703b419b,heartbeat,-49
2026-09-20T14:53:39.226924+00:00,AP_02,dev_0f96d15f51d22665,heartbeat,-45
2026-09-20T14:53:40.226924+00:00,AP_01,dev_069605993fcd64eb,heartbeat,-52
2026-09-20T14:53:40.226924+00:00,AP_03,dev_8ab185ddc4f920ba,heartbeat,-55
2026-09-20T14:53:42.226924+00:00,AP_01,dev_daba50eec8c1da46,heartbeat,-43
2026-09-20T14:53:42.226924+00:00,AP_01,dev_bc8d7b6196fcef34,heartbeat,-52
2026-09-20T14:53:45.226924+00:00,AP_01,dev_8036e1c3a6abbe3c,heartbeat,-43
2026-09-20T14:53:45.226924+00:00,AP_02,dev_89db6f69939e3a2d,heartbeat,-45
2026-09-20T14:53:46.226924+00:00,AP_02,dev_2b173c18c059f8e9,heartbeat,-49
2026-09-20T14:53:47.226924+00:00,AP_01,dev_dac99220a0ad0fd7,heartbeat,-44
2026-09-20T14:53:47.226924+00:00,AP_01,dev_0f1959ebaf2421f7,heartbeat,-55
2026-09-20T14:53:48.226924+00:00,AP_02,dev_6e87a995d8ad91a8,heartbeat,-48
2026-09-20T14:53:49.226924+00:00,AP_01,dev_4f88e58b44e4f3e4,heartbeat,-49
2026-09-20T14:53:49.226924+00:00,AP_02,dev_e880e41ccd1eeaca,heartbeat,-48
2026-09-20T14:53:49.226924+00:00,AP_02,dev_55eaa3daf2dd130b,heartbeat,-44
2026-09-20T14:53:49.226924+00:00,AP_02,dev_349b3f24156b47ac,heartbeat,-52
2026-09-20T14:53:49.226924+00:00,AP_03,dev_07284014dce9133c,heartbeat,-51
2026-09-20T14:53:50.226924+00:00,AP_01,dev_f50ad49c2c67a14f,heartbeat,-56
2026-09-20T14:53:50.226924+00:00,AP_02,dev_dba56be9de81f118,heartbeat,-50
2026-09-20T14:53:50.226924+00:00,AP_02,dev_44bae648792c87a3,heartbeat,-57
2026-09-20T14:53:52.226924+00:00,AP_01,dev_101e46487f17e515,heartbeat,-48
2026-09-20T14:53:54.226924+00:00,AP_01,dev_bbc41c619e88bd47,heartbeat,-53
2026-09-20T14:53:54.226924+00:00,AP_01,dev_445ccbc2b30f400c,heartbeat,-46
2026-09-20T14:53:54.226924+00:00,AP_01,dev_62e4eb8d4981d69d,heartbeat,-58
2026-09-20T14:53:54.226924+00:00,AP_02,dev_4ac84bb5b54bd1e2,heartbeat,-52
2026-09-20T14:53:55.226924+00:00,AP_01,dev_3685007455cd815a,heartbeat,-45
2026-09-20T14:53:55.226924+00:00,AP_02,dev_7dc730154810b19b,heartbeat,-49
2026-09-20T14:53:56.226924+00:00,AP_02,dev_e0901586fe4e5714,heartbeat,-48
2026-09-20T14:53:57.226924+00:00,AP_01,dev_5b04e3a652d6313a,heartbeat,-44
2026-09-20T14:53:57.226924+00:00,AP_02,dev_e1493be4e7873c05,heartbeat,-48
2026-09-20T14:53:57.226924+00:00,AP_03,dev_5873e32b3ae4395f,heartbeat,-51
2026-09-20T14:53:58.226924+00:00,AP_01,dev_35778c3c4e63c5e5,heartbeat,-46
2026-09-20T14:53:58.226924+00:00,AP_01,dev_731b3d87b1dc7eee,heartbeat,-51
2026-09-20T14:53:59.226924+00:00,AP_01,dev_605e9822a32bf845,heartbeat,-60
2026-09-20T14:54:00.226924+00:00,AP_01,dev_c406cbd22ec99ead,heartbeat,-52
2026-09-20T14:54:00.226924+00:00,AP_01,dev_b5f693bdb2568671,heartbeat,-47
2026-09-20T14:54:00.226924+00:00,AP_01,dev_539021518e086590,heartbeat,-51
2026-09-20T14:54:00.226924+00:00,AP_01,dev_7a7cb5ddf5eb7995,heartbeat,-51
2026-09-20T14:54:01.226924+00:00,AP_02,dev_c4c59c0a301caf36,heartbeat,-52
2026-09-20T14:54:02.226924+00:00,AP_03,dev_a4b93ff51018f4c5,heartbeat,-48
2026-09-20T14:54:03.226924+00:00,AP_01,dev_932d334d0b33c912,heartbeat,-48
2026-09-20T14:54:04.226924+00:00,AP_02,dev_1f7d38735c96fb65,heartbeat,-44
2026-09-20T14:54:04.226924+00:00,AP_02,dev_2ef071463abd9f1c,heartbeat,-47
2026-09-20T14:54:04.226924+00:00,AP_03,dev_0ee25486519d39a2,heartbeat,-44
2026-09-20T14:54:05.226924+00:00,AP_01,dev_ea5204da7be6a53e,heartbeat,-47
2026-09-20T14:54:08.226924+00:00,AP_03,dev_8ab185ddc4f920ba,heartbeat,-54
2026-09-20T14:54:09.226924+00:00,AP_02,dev_75cf3775171f19ea,heartbeat,-48
2026-09-20T14:54:10.226924+00:00,AP_01,dev_069605993fcd64eb,heartbeat,-47
2026-09-20T14:54:10.226924+00:00,AP_01,dev_bc8d7b6196fcef34,heartbeat,-58
2026-09-20T14:54:11.226924+00:00,AP_02,dev_0f96d15f51d22665,heartbeat,-45
2026-09-20T14:54:12.226924+00:00,AP_02,dev_67afb0bc703b419b,heartbeat,-48
2026-09-20T14:54:12.226924+00:00,AP_02,dev_89db6f69939e3a2d,heartbeat,-55
2026-09-20T14:54:13.226924+00:00,AP_01,dev_daba50eec8c1da46,heartbeat,-46
2026-09-20T14:54:13.226924+00:00,AP_02,dev_2b173c18c059f8e9,heartbeat,-51
2026-09-20T14:54:14.226924+00:00,AP_01,dev_8036e1c3a6abbe3c,heartbeat,-55
2026-09-20T14:54:14.226924+00:00,AP_01,dev_0f1959ebaf2421f7,heartbeat,-50
2026-09-20T14:54:16.226924+00:00,AP_01,dev_dac99220a0ad0fd7,heartbeat,-52
2026-09-20T14:54:16.226924+00:00,AP_03,dev_07284014dce9133c,heartbeat,-54
2026-09-20T14:54:17.226924+00:00,AP_02,dev_6e87a995d8ad91a8,heartbeat,-55
2026-09-20T14:54:18.226924+00:00,AP_02,dev_e880e41ccd1eeaca,heartbeat,-45
2026-09-20T14:54:19.226924+00:00,AP_01,dev_101e46487f17e515,heartbeat,-46
2026-09-20T14:54:19.226924+00:00,AP_02,dev_44bae648792c87a3,heartbeat,-48
2026-09-20T14:54:20.226924+00:00,AP_02,dev_55eaa3daf2dd130b,heartbeat,-57
2026-09-20T14:54:20.226924+00:00,AP_02,dev_349b3f24156b47ac,heartbeat,-46
2026-09-20T14:54:21.226924+00:00,AP_01,dev_445ccbc2b30f400c,heartbeat,-47
2026-09-20T14:54:22.226924+00:00,AP_01,dev_62e4eb8d4981d69d,heartbeat,-47
2026-09-20T14:54:22.226924+00:00,AP_01,dev_4f88e58b44e4f3e4,heartbeat,-57
2026-09-20T14:54:23.226924+00:00,AP_01,dev_f50ad49c2c67a14f,heartbeat,-52
2026-09-20T14:54:23.226924+00:00,AP_02,dev_dba56be9de81f118,heartbeat,-49
2026-09-20T14:54:24.226924+00:00,AP_02,dev_7dc730154810b19b,heartbeat,-48
2026-09-20T14:54:25.226924+00:00,AP_01,dev_5b04e3a652d6313a,heartbeat,-44
2026-09-20T14:54:25.226924+00:00,AP_01,dev_35778c3c4e63c5e5,heartbeat,-54
2026-09-20T14:54:25.226924+00:00,AP_02,dev_e0901586fe4e5714,heartbeat,-48
2026-09-20T14:54:26.226924+00:00,AP_01,dev_605e9822a32bf845,heartbeat,-47
2026-09-20T14:54:27.226924+00:00,AP_01,dev_3685007455cd815a,heartbeat,-48
2026-09-20T14:54:27.226924+00:00,AP_01,dev_bbc41c619e88bd47,heartbeat,-52
2026-09-20T14:54:27.226924+00:00,AP_01,dev_7a7cb5ddf5eb7995,heartbeat,-49
2026-09-20T14:54:27.226924+00:00,AP_02,dev_4ac84bb5b54bd1e2,heartbeat,-48
2026-09-20T14:54:27.226924+00:00,AP_03,dev_5873e32b3ae4395f,heartbeat,-47
2026-09-20T14:54:29.226924+00:00,AP_01,dev_731b3d87b1dc7eee,heartbeat,-48
2026-09-20T14:54:29.226924+00:00,AP_01,dev_c406cbd22ec99ead,heartbeat,-50
2026-09-20T14:54:29.226924+00:00,AP_02,dev_e1493be4e7873c05,heartbeat,-51
2026-09-20T14:54:30.226924+00:00,AP_01,dev_932d334d0b33c912,heartbeat,-44
2026-09-20T14:54:30.226924+00:00,AP_01,dev_539021518e086590,heartbeat,-57
2026-09-20T14:54:31.226924+00:00,AP_01,dev_b5f693bdb2568671,heartbeat,-48
2026-09-20T14:54:31.226924+00:00,AP_02,dev_1f7d38735c96fb65,heartbeat,-50
2026-09-20T14:54:31.226924+00:00,AP_02,dev_c4c59c0a301caf36,heartbeat,-52
2026-09-20T14:54:32.226924+00:00,AP_02,dev_2ef071463abd9f1c,heartbeat,-45
2026-09-20T14:54:34.226924+00:00,AP_01,dev_ea5204da7be6a53e,heartbeat,-46
2026-09-20T14:54:35.226924+00:00,AP_03,dev_0ee25486519d39a2,heartbeat,-48
2026-09-20T14:54:35.226924+00:00,AP_03,dev_a4b93ff51018f4c5,heartbeat,-51
2026-09-20T14:54:37.226924+00:00,AP_03,dev_8ab185ddc4f920ba,heartbeat,-48
2026-09-20T14:54:39.226924+00:00,AP_02,dev_67afb0bc703b419b,heartbeat,-47
2026-09-20T14:54:39.226924+00:00,AP_02,dev_89db6f69939e3a2d,heartbeat,-49
2026-09-20T14:54:40.226924+00:00,AP_02,dev_75cf3775171f19ea,heartbeat,-50
2026-09-20T14:54:41.226924+00:00,AP_01,dev_bc8d7b6196fcef34,heartbeat,-56
2026-09-20T14:54:41.226924+00:00,AP_02,dev_0f96d15f51d22665,heartbeat,-52
2026-09-20T14:54:42.226924+00:00,AP_02,dev_2b173c18c059f8e9,heartbeat,-48
2026-09-20T14:54:43.226924+00:00,AP_01,dev_069605993fcd64eb,heartbeat,-50
2026-09-20T14:54:44.226924+00:00,AP_01,dev_daba50eec8c1da46,heartbeat,-49
2026-09-20T14:54:45.226924+00:00,AP_01,dev_8036e1c3a6abbe3c,heartbeat,-51
2026-09-20T14:54:45.226924+00:00,AP_01,dev_dac99220a0ad0fd7,heartbeat,-49
2026-09-20T14:54:46.226924+00:00,AP_01,dev_101e46487f17e515,heartbeat,-45
2026-09-20T14:54:46.226924+00:00,AP_01,dev_0f1959ebaf2421f7,heartbeat,-48
2026-09-20T14:54:47.226924+00:00,AP_02,dev_55eaa3daf2dd130b,heartbeat,-48
2026-09-20T14:54:48.226924+00:00,AP_02,dev_e880e41ccd1eeaca,heartbeat,-51
2026-09-20T14:54:48.226924+00:00,AP_03,dev_07284014dce9133c,heartbeat,-52
2026-09-20T14:54:50.226924+00:00,AP_01,dev_f50ad49c2c67a14f,heartbeat,-46
2026-09-20T14:54:50.226924+00:00,AP_02,dev_6e87a995d8ad91a8,heartbeat,-52
2026-09-20T14:54:51.226924+00:00,AP_01,dev_445ccbc2b30f400c,heartbeat,-50
2026-09-20T14:54:51.226924+00:00,AP_02,dev_44bae648792c87a3,heartbeat,-46
2026-09-20T14:54:52.226924+00:00,AP_01,dev_4f88e58b44e4f3e4,heartbeat,-46
2026-09-20T14:54:52.226924+00:00,AP_02,dev_349b3f24156b47ac,heartbeat,-41
2026-09-20T14:54:52.226924+00:00,AP_02,dev_dba56be9de81f118,heartbeat,-53
2026-09-20T14:54:53.226924+00:00,AP_01,dev_5b04e3a652d6313a,heartbeat,-53
2026-09-20T14:54:53.226924+00:00,AP_01,dev_605e9822a32bf845,heartbeat,-52
2026-09-20T14:54:54.226924+00:00,AP_01,dev_62e4eb8d4981d69d,heartbeat,-57
2026-09-20T14:54:54.226924+00:00,AP_02,dev_e0901586fe4e5714,heartbeat,-45
2026-09-20T14:54:55.226924+00:00,AP_01,dev_bbc41c619e88bd47,heartbeat,-51
2026-09-20T14:54:56.226924+00:00,AP_01,dev_c406cbd22ec99ead,heartbeat,-48
2026-09-20T14:54:56.226924+00:00,AP_02,dev_7dc730154810b19b,heartbeat,-57
2026-09-20T14:54:56.226924+00:00,AP_03,dev_5873e32b3ae4395f,heartbeat,-46
2026-09-20T14:54:58.226924+00:00,AP_01,dev_35778c3c4e63c5e5,heartbeat,-51
2026-09-20T14:54:58.226924+00:00,AP_01,dev_539021518e086590,heartbeat,-44
2026-09-20T14:54:58.226924+00:00,AP_02,dev_4ac84bb5b54bd1e2,heartbeat,-46
2026-09-20T14:54:58.226924+00:00,AP_02,dev_e1493be4e7873c05,heartbeat,-48
2026-09-20T14:54:59.226924+00:00,AP_01,dev_3685007455cd815a,heartbeat,-44
2026-09-20T14:54:59.226924+00:00,AP_01,dev_731b3d87b1dc7eee,heartbeat,-48
2026-09-20T14:54:59.226924+00:00,AP_01,dev_7a7cb5ddf5eb7995,heartbeat,-48
2026-09-20T14:55:01.226924+00:00,AP_01,dev_932d334d0b33c912,heartbeat,-52
2026-09-20T14:55:01.226924+00:00,AP_02,dev_1f7d38735c96fb65,heartbeat,-50
2026-09-20T14:55:03.226924+00:00,AP_01,dev_ea5204da7be6a53e,heartbeat,-45
2026-09-20T14:55:03.226924+00:00,AP_02,dev_c4c59c0a301caf36,heartbeat,-46
2026-09-20T14:55:04.226924+00:00,AP_01,dev_b5f693bdb2568671,heartbeat,-46
2026-09-20T14:55:04.226924+00:00,AP_02,dev_2ef071463abd9f1c,heartbeat,-54
2026-09-20T14:55:05.226924+00:00,AP_03,dev_8ab185ddc4f920ba,heartbeat,-52
2026-09-20T14:55:06.226924+00:00,AP_02,dev_89db6f69939e3a2d,heartbeat,-54
2026-09-20T14:55:07.226924+00:00,AP_02,dev_67afb0bc703b419b,heartbeat,-44
2026-09-20T14:55:07.226924+00:00,AP_02,dev_75cf3775171f19ea,heartbeat,-52
2026-09-20T14:55:07.226924+00:00,AP_03,dev_0ee25486519d39a2,heartbeat,-47
2026-09-20T14:55:08.226924+00:00,AP_01,dev_bc8d7b6196fcef34,heartbeat,-46
2026-09-20T14:55:08.226924+00:00,AP_02,dev_0f96d15f51d22665,heartbeat,-55
2026-09-20T14:55:08.226924+00:00,AP_03,dev_a4b93ff51018f4c5,heartbeat,-46
2026-09-20T14:55:12.226924+00:00,AP_01,dev_069605993fcd64eb,heartbeat,-49
2026-09-20T14:55:12.226924+00:00,AP_02,dev_2b173c18c059f8e9,heartbeat,-49
2026-09-20T14:55:13.226924+00:00,AP_01,dev_daba50eec8c1da46,heartbeat,-46
2026-09-20T14:55:13.226924+00:00,AP_01,dev_8036e1c3a6abbe3c,heartbeat,-45
2026-09-20T14:55:15.226924+00:00,AP_01,dev_0f1959ebaf2421f7,heartbeat,-49
2026-09-20T14:55:16.226924+00:00,AP_01,dev_dac99220a0ad0fd7,heartbeat,-47
2026-09-20T14:55:17.226924+00:00,AP_01,dev_101e46487f17e515,heartbeat,-46
2026-09-20T14:55:18.226924+00:00,AP_02,dev_6e87a995d8ad91a8,heartbeat,-57
2026-09-20T14:55:18.226924+00:00,AP_02,dev_55eaa3daf2dd130b,heartbeat,-52
2026-09-20T14:55:20.226924+00:00,AP_02,dev_44bae648792c87a3,heartbeat,-53
2026-09-20T14:55:21.226924+00:00,AP_01,dev_f50ad49c2c67a14f,heartbeat,-56
2026-09-20T14:55:21.226924+00:00,AP_01,dev_605e9822a32bf845,heartbeat,-50
2026-09-20T14:55:21.226924+00:00,AP_01,dev_62e4eb8d4981d69d,heartbeat,-56
2026-09-20T14:55:21.226924+00:00,AP_02,dev_e880e41ccd1eeaca,heartbeat,-50
2026-09-20T14:55:21.226924+00:00,AP_02,dev_dba56be9de81f118,heartbeat,-47
2026-09-20T14:55:21.226924+00:00,AP_03,dev_07284014dce9133c,heartbeat,-52
2026-09-20T14:55:23.226924+00:00,AP_01,dev_445ccbc2b30f400c,heartbeat,-49
2026-09-20T14:55:23.226924+00:00,AP_01,dev_4f88e58b44e4f3e4,heartbeat,-53
2026-09-20T14:55:23.226924+00:00,AP_02,dev_349b3f24156b47ac,heartbeat,-52
2026-09-20T14:55:24.226924+00:00,AP_01,dev_5b04e3a652d6313a,heartbeat,-47
2026-09-20T14:55:24.226924+00:00,AP_02,dev_7dc730154810b19b,heartbeat,-47
2026-09-20T14:55:24.226924+00:00,AP_02,dev_e0901586fe4e5714,heartbeat,-47
2026-09-20T14:55:24.226924+00:00,AP_03,dev_5873e32b3ae4395f,heartbeat,-43
2026-09-20T14:55:26.226924+00:00,AP_01,dev_7a7cb5ddf5eb7995,heartbeat,-49
2026-09-20T14:55:27.226924+00:00,AP_01,dev_35778c3c4e63c5e5,heartbeat,-48
2026-09-20T14:55:27.226924+00:00,AP_01,dev_731b3d87b1dc7eee,heartbeat,-52
2026-09-20T14:55:27.226924+00:00,AP_01,dev_c406cbd22ec99ead,heartbeat,-49
2026-09-20T14:55:28.226924+00:00,AP_01,dev_bbc41c619e88bd47,heartbeat,-48
2026-09-20T14:55:28.226924+00:00,AP_02,dev_4ac84bb5b54bd1e2,heartbeat,-50
2026-09-20T14:55:29.226924+00:00,AP_01,dev_539021518e086590,heartbeat,-55
2026-09-20T14:55:31.226924+00:00,AP_02,dev_e1493be4e7873c05,heartbeat,-47
2026-09-20T14:55:32.226924+00:00,AP_01,dev_3685007455cd815a,heartbeat,-50
2026-09-20T14:55:32.226924+00:00,AP_01,dev_ea5204da7be6a53e,heartbeat,-44
2026-09-20T14:55:32.226924+00:00,AP_03,dev_8ab185ddc4f920ba,heartbeat,-54
2026-09-20T14:55:33.226924+00:00,AP_01,dev_932d334d0b33c912,heartbeat,-45
2026-09-20T14:55:33.226924+00:00,AP_02,dev_1f7d38735c96fb65,heartbeat,-51
2026-09-20T14:55:34.226924+00:00,AP_02,dev_67afb0bc703b419b,heartbeat,-52
2026-09-20T14:55:34.226924+00:00,AP_02,dev_2ef071463abd9f1c,heartbeat,-45
2026-09-20T14:55:35.226924+00:00,AP_02,dev_75cf3775171f19ea,heartbeat,-50
2026-09-20T14:55:36.226924+00:00,AP_01,dev_b5f693bdb2568671,heartbeat,-44
2026-09-20T14:55:36.226924+00:00,AP_02,dev_c4c59c0a301caf36,heartbeat,-40
2026-09-20T14:55:37.226924+00:00,AP_02,dev_89db6f69939e3a2d,heartbeat,-41
2026-09-20T14:55:37.226924+00:00,AP_03,dev_a4b93ff51018f4c5,heartbeat,-48
2026-09-20T14:55:38.226924+00:00,AP_03,dev_0ee25486519d39a2,heartbeat,-48
2026-09-20T14:55:39.226924+00:00,AP_01,dev_bc8d7b6196fcef34,heartbeat,-49
2026-09-20T14:55:40.226924+00:00,AP_01,dev_069605993fcd64eb,heartbeat,-48
2026-09-20T14:55:41.226924+00:00,AP_02,dev_0f96d15f51d22665,heartbeat,-53
2026-09-20T14:55:41.226924+00:00,AP_02,dev_2b173c18c059f8e9,heartbeat,-49
2026-09-20T14:55:42.226924+00:00,AP_01,dev_8036e1c3a6abbe3c,heartbeat,-45
2026-09-20T14:55:44.226924+00:00,AP_01,dev_daba50eec8c1da46,heartbeat,-50
2026-09-20T14:55:46.226924+00:00,AP_02,dev_55eaa3daf2dd130b,heartbeat,-51
2026-09-20T14:55:48.226924+00:00,AP_01,dev_f50ad49c2c67a14f,heartbeat,-49
2026-09-20T14:55:48.226924+00:00,AP_01,dev_dac99220a0ad0fd7,heartbeat,-44
2026-09-20T14:55:48.226924+00:00,AP_01,dev_0f1959ebaf2421f7,heartbeat,-55
2026-09-20T14:55:49.226924+00:00,AP_02,dev_6e87a995d8ad91a8,heartbeat,-50
2026-09-20T14:55:50.226924+00:00,AP_01,dev_101e46487f17e515,heartbeat,-56
2026-09-20T14:55:51.226924+00:00,AP_01,dev_445ccbc2b30f400c,heartbeat,-56
2026-09-20T14:55:51.226924+00:00,AP_02,dev_349b3f24156b47ac,heartbeat,-49
2026-09-20T14:55:51.226924+00:00,AP_02,dev_44bae648792c87a3,heartbeat,-53
2026-09-20T14:55:51.226924+00:00,AP_03,dev_07284014dce9133c,heartbeat,-55
2026-09-20T14:55:52.226924+00:00,AP_01,dev_605e9822a32bf845,heartbeat,-50
2026-09-20T14:55:52.226924+00:00,AP_02,dev_e880e41ccd1eeaca,heartbeat,-52
2026-09-20T14:55:53.226924+00:00,AP_02,dev_dba56be9de81f118,heartbeat,-52
2026-09-20T14:55:54.226924+00:00,AP_01,dev_35778c3c4e63c5e5,heartbeat,-55
2026-09-20T14:55:54.226924+00:00,AP_01,dev_62e4eb8d4981d69d,heartbeat,-46
2026-09-20T14:55:54.226924+00:00,AP_03,dev_5873e32b3ae4395f,heartbeat,-51
2026-09-20T14:55:55.226924+00:00,AP_02,dev_7dc730154810b19b,heartbeat,-55
2026-09-20T14:55:55.226924+00:00,AP_02,dev_e0901586fe4e5714,heartbeat,-49
2026-09-20T14:55:56.226924+00:00,AP_01,dev_4f88e58b44e4f3e4,heartbeat,-47
2026-09-20T14:55:57.226924+00:00,AP_01,dev_5b04e3a652d6313a,heartbeat,-52
2026-09-20T14:55:57.226924+00:00,AP_01,dev_7a7cb5ddf5eb7995,heartbeat,-53
2026-09-20T14:55:57.226924+00:00,AP_02,dev_4ac84bb5b54bd1e2,heartbeat,-54
2026-09-20T14:55:58.226924+00:00,AP_01,dev_c406cbd22ec99ead,heartbeat,-54
2026-09-20T14:55:59.226924+00:00,AP_01,dev_731b3d87b1dc7eee,heartbeat,-56
2026-09-20T14:55:59.226924+00:00,AP_01,dev_539021518e086590,heartbeat,-47
2026-09-20T14:55:59.226924+00:00,AP_02,dev_e1493be4e7873c05,heartbeat,-48
2026-09-20T14:56:00.226924+00:00,AP_01,dev_3685007455cd815a,heartbeat,-49
2026-09-20T14:56:01.226924+00:00,AP_01,dev_bbc41c619e88bd47,heartbeat,-43
2026-09-20T14:56:02.226924+00:00,AP_01,dev_ea5204da7be6a53e,heartbeat,-50
2026-09-20T14:56:02.226924+00:00,AP_01,dev_932d334d0b33c912,heartbeat,-55
2026-09-20T14:56:02.226924+00:00,AP_02,dev_67afb0bc703b419b,heartbeat,-51
2026-09-20T14:56:02.226924+00:00,AP_02,dev_1f7d38735c96fb65,heartbeat,-51
2026-09-20T14:56:02.226924+00:00,AP_02,dev_2ef071463abd9f1c,heartbeat,-48
2026-09-20T14:56:02.226924+00:00,AP_03,dev_8ab185ddc4f920ba,heartbeat,-46
2026-09-20T14:56:06.226924+00:00,AP_02,dev_75cf3775171f19ea,heartbeat,-48
2026-09-20T14:56:07.226924+00:00,AP_01,dev_069605993fcd64eb,heartbeat,-55
2026-09-20T14:56:07.226924+00:00,AP_01,dev_b5f693bdb2568671,heartbeat,-47
2026-09-20T14:56:08.226924+00:00,AP_01,dev_bc8d7b6196fcef34,heartbeat,-45
2026-09-20T14:56:08.226924+00:00,AP_02,dev_c4c59c0a301caf36,heartbeat,-55
2026-09-20T14:56:08.226924+00:00,AP_03,dev_a4b93ff51018f4c5,heartbeat,-47
2026-09-20T14:56:09.226924+00:00,AP_02,dev_89db6f69939e3a2d,heartbeat,-55
2026-09-20T14:56:09.226924+00:00,AP_03,dev_0ee25486519d39a2,heartbeat,-47
2026-09-20T14:56:10.226924+00:00,AP_01,dev_8036e1c3a6abbe3c,heartbeat,-47
2026-09-20T14:56:10.226924+00:00,AP_02,dev_2b173c18c059f8e9,heartbeat,-45
2026-09-20T14:56:11.226924+00:00,AP_02,dev_0f96d15f51d22665,heartbeat,-52
2026-09-20T14:56:13.226924+00:00,AP_02,dev_55eaa3daf2dd130b,heartbeat,-50
2026-09-20T14:56:15.226924+00:00,AP_01,dev_daba50eec8c1da46,heartbeat,-47
2026-09-20T14:56:17.226924+00:00,AP_01,dev_0f1959ebaf2421f7,heartbeat,-50
2026-09-20T14:56:18.226924+00:00,AP_01,dev_dac99220a0ad0fd7,heartbeat,-56
2026-09-20T14:56:19.226924+00:00,AP_02,dev_349b3f24156b47ac,heartbeat,-51
2026-09-20T14:56:20.226924+00:00,AP_01,dev_f50ad49c2c67a14f,heartbeat,-56
2026-09-20T14:56:21.226924+00:00,AP_02,dev_6e87a995d8ad91a8,heartbeat,-53
2026-09-20T14:56:21.226924+00:00,AP_02,dev_44bae648792c87a3,heartbeat,-47
2026-09-20T14:56:22.226924+00:00,AP_01,dev_605e9822a32bf845,heartbeat,-54
2026-09-20T14:56:22.226924+00:00,AP_01,dev_445ccbc2b30f400c,heartbeat,-49
2026-09-20T14:56:22.226924+00:00,AP_03,dev_5873e32b3ae4395f,heartbeat,-47
2026-09-20T14:56:22.226924+00:00,AP_03,dev_07284014dce9133c,heartbeat,-47
2026-09-20T14:56:23.226924+00:00,AP_01,dev_101e46487f17e515,heartbeat,-45
2026-09-20T14:56:23.226924+00:00,AP_01,dev_62e4eb8d4981d69d,heartbeat,-46
2026-09-20T14:56:23.226924+00:00,AP_02,dev_dba56be9de81f118,heartbeat,-51
2026-09-20T14:56:23.226924+00:00,AP_02,dev_e0901586fe4e5714,heartbeat,-46
2026-09-20T14:56:24.226924+00:00,AP_02,dev_7dc730154810b19b,heartbeat,-42
2026-09-20T14:56:25.226924+00:00,AP_02,dev_e880e41ccd1eeaca,heartbeat,-53
2026-09-20T14:56:27.226924+00:00,AP_01,dev_35778c3c4e63c5e5,heartbeat,-55
2026-09-20T14:56:27.226924+00:00,AP_01,dev_c406cbd22ec99ead,heartbeat,-48
2026-09-20T14:56:27.226924+00:00,AP_02,dev_4ac84bb5b54bd1e2,heartbeat,-54
2026-09-20T14:56:28.226924+00:00,AP_01,dev_4f88e58b44e4f3e4,heartbeat,-51
2026-09-20T14:56:29.226924+00:00,AP_01,dev_7a7cb5ddf5eb7995,heartbeat,-45
2026-09-20T14:56:30.226924+00:00,AP_01,dev_5b04e3a652d6313a,heartbeat,-44
2026-09-20T14:56:30.226924+00:00,AP_02,dev_1f7d38735c96fb65,heartbeat,-51
2026-09-20T14:56:31.226924+00:00,AP_01,dev_3685007455cd815a,heartbeat,-48
2026-09-20T14:56:31.226924+00:00,AP_01,dev_731b3d87b1dc7eee,heartbeat,-51
2026-09-20T14:56:31.226924+00:00,AP_01,dev_bbc41c619e88bd47,heartbeat,-48
2026-09-20T14:56:31.226924+00:00,AP_01,dev_539021518e086590,heartbeat,-50
2026-09-20T14:56:31.226924+00:00,AP_02,dev_e1493be4e7873c05,heartbeat,-48
2026-09-20T14:56:32.226924+00:00,AP_01,dev_ea5204da7be6a53e,heartbeat,-49
2026-09-20T14:56:35.226924+00:00,AP_01,dev_932d334d0b33c912,heartbeat,-48
2026-09-20T14:56:35.226924+00:00,AP_02,dev_67afb0bc703b419b,heartbeat,-48
2026-09-20T14:56:35.226924+00:00,AP_02,dev_2ef071463abd9f1c,heartbeat,-51
2026-09-20T14:56:35.226924+00:00,AP_03,dev_8ab185ddc4f920ba,heartbeat,-49
2026-09-20T14:56:35.226924+00:00,AP_03,dev_a4b93ff51018f4c5,heartbeat,-47
2026-09-20T14:56:36.226924+00:00,AP_02,dev_c4c59c0a301caf36,heartbeat,-46
2026-09-20T14:56:37.226924+00:00,AP_01,dev_8036e1c3a6abbe3c,heartbeat,-51
2026-09-20T14:56:37.226924+00:00,AP_01,dev_bc8d7b6196fcef34,heartbeat,-56
2026-09-20T14:56:38.226924+00:00,AP_01,dev_b5f693bdb2568671,heartbeat,-54
2026-09-20T14:56:38.226924+00:00,AP_02,dev_75cf3775171f19ea,heartbeat,-51
2026-09-20T14:56:38.226924+00:00,AP_02,dev_2b173c18c059f8e9,heartbeat,-49
2026-09-20T14:56:38.226924+00:00,AP_02,dev_89db6f69939e3a2d,heartbeat,-45
2026-09-20T14:56:39.226924+00:00,AP_01,dev_069605993fcd64eb,heartbeat,-46
2026-09-20T14:56:39.226924+00:00,AP_02,dev_0f96d15f51d22665,heartbeat,-48
2026-09-20T14:56:39.226924+00:00,AP_03,dev_0ee25486519d39a2,heartbeat,-52
2026-09-20T14:56:42.226924+00:00,AP_01,dev_daba50eec8c1da46,heartbeat,-51
2026-09-20T14:56:43.226924+00:00,AP_02,dev_55eaa3daf2dd130b,heartbeat,-54
2026-09-20T14:56:46.226924+00:00,AP_01,dev_dac99220a0ad0fd7,heartbeat,-53
2026-09-20T14:56:47.226924+00:00,AP_01,dev_0f1959ebaf2421f7,heartbeat,-48
2026-09-20T14:56:48.226924+00:00,AP_02,dev_349b3f24156b47ac,heartbeat,-48
2026-09-20T14:56:50.226924+00:00,AP_01,dev_605e9822a32bf845,heartbeat,-47
2026-09-20T14:56:50.226924+00:00,AP_02,dev_44bae648792c87a3,heartbeat,-50
2026-09-20T14:56:51.226924+00:00,AP_02,dev_7dc730154810b19b,heartbeat,-49
2026-09-20T14:56:51.226924+00:00,AP_02,dev_6e87a995d8ad91a8,heartbeat,-47
2026-09-20T14:56:51.226924+00:00,AP_03,dev_5873e32b3ae4395f,heartbeat,-48
2026-09-20T14:56:52.226924+00:00,AP_02,dev_e880e41ccd1eeaca,heartbeat,-50
2026-09-20T14:56:52.226924+00:00,AP_03,dev_07284014dce9133c,heartbeat,-50
2026-09-20T14:56:53.226924+00:00,AP_01,dev_101e46487f17e515,heartbeat,-54
2026-09-20T14:56:53.226924+00:00,AP_01,dev_f50ad49c2c67a14f,heartbeat,-55
2026-09-20T14:56:53.226924+00:00,AP_01,dev_62e4eb8d4981d69d,heartbeat,-51
2026-09-20T14:56:54.226924+00:00,AP_01,dev_35778c3c4e63c5e5,heartbeat,-47
2026-09-20T14:56:55.226924+00:00,AP_01,dev_445ccbc2b30f400c,heartbeat,-52
2026-09-20T14:56:55.226924+00:00,AP_02,dev_dba56be9de81f118,heartbeat,-47
2026-09-20T14:56:56.226924+00:00,AP_01,dev_c406cbd22ec99ead,heartbeat,-53
2026-09-20T14:56:56.226924+00:00,AP_02,dev_e0901586fe4e5714,heartbeat,-53
2026-09-20T14:56:58.226924+00:00,AP_01,dev_731b3d87b1dc7eee,heartbeat,-49
2026-09-20T14:56:58.226924+00:00,AP_01,dev_7a7cb5ddf5eb7995,heartbeat,-52
2026-09-20T14:56:59.226924+00:00,AP_01,dev_4f88e58b44e4f3e4,heartbeat,-52
2026-09-20T14:56:59.226924+00:00,AP_02,dev_4ac84bb5b54bd1e2,heartbeat,-47
2026-09-20T14:57:00.226924+00:00,AP_01,dev_bbc41c619e88bd47,heartbeat,-50
2026-09-20T14:57:00.226924+00:00,AP_01,dev_539021518e086590,heartbeat,-49
2026-09-20T14:57:01.226924+00:00,AP_01,dev_ea5204da7be6a53e,heartbeat,-48
2026-09-20T14:57:02.226924+00:00,AP_01,dev_5b04e3a652d6313a,heartbeat,-46
2026-09-20T14:57:02.226924+00:00,AP_02,dev_1f7d38735c96fb65,heartbeat,-49
2026-09-20T14:57:03.226924+00:00,AP_02,dev_67afb0bc703b419b,heartbeat,-47
2026-09-20T14:57:03.226924+00:00,AP_02,dev_e1493be4e7873c05,heartbeat,-49
2026-09-20T14:57:04.226924+00:00,AP_01,dev_3685007455cd815a,heartbeat,-49
2026-09-20T14:57:04.226924+00:00,AP_01,dev_8036e1c3a6abbe3c,heartbeat,-53
2026-09-20T14:57:05.226924+00:00,AP_03,dev_8ab185ddc4f920ba,heartbeat,-51
2026-09-20T14:57:05.226924+00:00,AP_03,dev_a4b93ff51018f4c5,heartbeat,-46
2026-09-20T14:57:06.226924+00:00,AP_02,dev_0f96d15f51d22665,heartbeat,-46
2026-09-20T14:57:06.226924+00:00,AP_02,dev_2ef071463abd9f1c,heartbeat,-48
2026-09-20T14:57:07.226924+00:00,AP_01,dev_932d334d0b33c912,heartbeat,-46
2026-09-20T14:57:07.226924+00:00,AP_02,dev_75cf3775171f19ea,heartbeat,-58
2026-09-20T14:57:07.226924+00:00,AP_02,dev_c4c59c0a301caf36,heartbeat,-52
2026-09-20T14:57:07.226924+00:00,AP_02,dev_89db6f69939e3a2d,heartbeat,-49
2026-09-20T14:57:09.226924+00:00,AP_01,dev_daba50eec8c1da46,heartbeat,-50
2026-09-20T14:57:09.226924+00:00,AP_01,dev_bc8d7b6196fcef34,heartbeat,-50
2026-09-20T14:57:09.226924+00:00,AP_03,dev_0ee25486519d39a2,heartbeat,-49
2026-09-20T14:57:10.226924+00:00,AP_02,dev_2b173c18c059f8e9,heartbeat,-42
2026-09-20T14:57:11.226924+00:00,AP_01,dev_069605993fcd64eb,heartbeat,-53
2026-09-20T14:57:11.226924+00:00,AP_01,dev_b5f693bdb2568671,heartbeat,-46
2026-09-20T14:57:14.226924+00:00,AP_01,dev_dac99220a0ad0fd7,heartbeat,-53
2026-09-20T14:57:14.226924+00:00,AP_02,dev_55eaa3daf2dd130b,heartbeat,-44
2026-09-20T14:57:15.226924+00:00,AP_01,dev_0f1959ebaf2421f7,heartbeat,-48
2026-09-20T14:57:17.226924+00:00,AP_02,dev_349b3f24156b47ac,heartbeat,-57
2026-09-20T14:57:17.226924+00:00,AP_02,dev_44bae648792c87a3,heartbeat,-51
2026-09-20T14:57:18.226924+00:00,AP_02,dev_7dc730154810b19b,heartbeat,-56
2026-09-20T14:57:19.226924+00:00,AP_03,dev_5873e32b3ae4395f,heartbeat,-55
2026-09-20T14:57:20.226924+00:00,AP_01,dev_62e4eb8d4981d69d,heartbeat,-41
2026-09-20T14:57:20.226924+00:00,AP_03,dev_07284014dce9133c,heartbeat,-52
2026-09-20T14:57:23.226924+00:00,AP_01,dev_35778c3c4e63c5e5,heartbeat,-54
2026-09-20T14:57:23.226924+00:00,AP_01,dev_605e9822a32bf845,heartbeat,-44
2026-09-20T14:57:24.226924+00:00,AP_01,dev_f50ad49c2c67a14f,heartbeat,-54
2026-09-20T14:57:24.226924+00:00,AP_02,dev_6e87a995d8ad91a8,heartbeat,-53
2026-09-20T14:57:25.226924+00:00,AP_02,dev_e880e41ccd1eeaca,heartbeat,-54
2026-09-20T14:57:26.226924+00:00,AP_01,dev_101e46487f17e515,heartbeat,-47
2026-09-20T14:57:26.226924+00:00,AP_01,dev_c406cbd22ec99ead,heartbeat,-42
2026-09-20T14:57:26.226924+00:00,AP_02,dev_dba56be9de81f118,heartbeat,-52
2026-09-20T14:57:27.226924+00:00,AP_01,dev_4f88e58b44e4f3e4,heartbeat,-51
2026-09-20T14:57:28.226924+00:00,AP_01,dev_445ccbc2b30f400c,heartbeat,-50
2026-09-20T14:57:29.226924+00:00,AP_01,dev_ea5204da7be6a53e,heartbeat,-52
2026-09-20T14:57:29.226924+00:00,AP_01,dev_7a7cb5ddf5eb7995,heartbeat,-47
2026-09-20T14:57:29.226924+00:00,AP_02,dev_e0901586fe4e5714,heartbeat,-45
2026-09-20T14:57:30.226924+00:00,AP_02,dev_e1493be4e7873c05,heartbeat,-52
2026-09-20T14:57:31.226924+00:00,AP_01,dev_731b3d87b1dc7eee,heartbeat,-49
2026-09-20T14:57:31.226924+00:00,AP_01,dev_bbc41c619e88bd47,heartbeat,-43
2026-09-20T14:57:31.226924+00:00,AP_02,dev_4ac84bb5b54bd1e2,heartbeat,-51
2026-09-20T14:57:32.226924+00:00,AP_02,dev_67afb0bc703b419b,heartbeat,-49
2026-09-20T14:57:33.226924+00:00,AP_01,dev_5b04e3a652d6313a,heartbeat,-49
2026-09-20T14:57:33.226924+00:00,AP_01,dev_539021518e086590,heartbeat,-43
2026-09-20T14:57:33.226924+00:00,AP_02,dev_0f96d15f51d22665,heartbeat,-53
2026-09-20T14:57:33.226924+00:00,AP_03,dev_8ab185ddc4f920ba,heartbeat,-46
2026-09-20T14:57:34.226924+00:00,AP_01,dev_3685007455cd815a,heartbeat,-42
2026-09-20T14:57:34.226924+00:00,AP_01,dev_8036e1c3a6abbe3c,heartbeat,-46
2026-09-20T14:57:35.226924+00:00,AP_02,dev_1f7d38735c96fb65,heartbeat,-51
2026-09-20T14:57:35.226924+00:00,AP_02,dev_89db6f69939e3a2d,heartbeat,-47
2026-09-20T14:57:36.226924+00:00,AP_02,dev_2ef071463abd9f1c,heartbeat,-48
2026-09-20T14:57:37.226924+00:00,AP_03,dev_a4b93ff51018f4c5,heartbeat,-53
2026-09-20T14:57:39.226924+00:00,AP_01,dev_069605993fcd64eb,heartbeat,-46
2026-09-20T14:57:39.226924+00:00,AP_02,dev_75cf3775171f19ea,heartbeat,-45
2026-09-20T14:57:39.226924+00:00,AP_02,dev_2b173c18c059f8e9,heartbeat,-49
2026-09-20T14:57:39.226924+00:00,AP_03,dev_0ee25486519d39a2,heartbeat,-50
2026-09-20T14:57:40.226924+00:00,AP_01,dev_b5f693bdb2568671,heartbeat,-44
2026-09-20T14:57:40.226924+00:00,AP_01,dev_932d334d0b33c912,heartbeat,-53
2026-09-20T14:57:40.226924+00:00,AP_02,dev_c4c59c0a301caf36,heartbeat,-43
2026-09-20T14:57:41.226924+00:00,AP_01,dev_daba50eec8c1da46,heartbeat,-44
2026-09-20T14:57:41.226924+00:00,AP_01,dev_bc8d7b6196fcef34,heartbeat,-58
2026-09-20T14:57:41.226924+00:00,AP_02,dev_55eaa3daf2dd130b,heartbeat,-52
2026-09-20T14:57:42.226924+00:00,AP_01,dev_dac99220a0ad0fd7,heartbeat,-48
2026-09-20T14:57:46.226924+00:00,AP_01,dev_0f1959ebaf2421f7,heartbeat,-50
2026-09-20T14:57:46.226924+00:00,AP_02,dev_44bae648792c87a3,heartbeat,-50
2026-09-20T14:57:46.226924+00:00,AP_03,dev_5873e32b3ae4395f,heartbeat,-50
2026-09-20T14:57:47.226924+00:00,AP_01,dev_62e4eb8d4981d69d,heartbeat,-50
2026-09-20T14:57:50.226924+00:00,AP_02,dev_7dc730154810b19b,heartbeat,-49
2026-09-20T14:57:50.226924+00:00,AP_02,dev_349b3f24156b47ac,heartbeat,-57
2026-09-20T14:57:53.226924+00:00,AP_02,dev_6e87a995d8ad91a8,heartbeat,-44
2026-09-20T14:57:53.226924+00:00,AP_03,dev_07284014dce9133c,heartbeat,-53
2026-09-20T14:57:54.226924+00:00,AP_01,dev_c406cbd22ec99ead,heartbeat,-51
2026-09-20T14:57:55.226924+00:00,AP_01,dev_f50ad49c2c67a14f,heartbeat,-48
2026-09-20T14:57:55.226924+00:00,AP_01,dev_605e9822a32bf845,heartbeat,-49
2026-09-20T14:57:55.226924+00:00,AP_02,dev_e880e41ccd1eeaca,heartbeat,-51
2026-09-20T14:57:55.226924+00:00,AP_02,dev_dba56be9de81f118,heartbeat,-48
2026-09-20T14:57:56.226924+00:00,AP_01,dev_35778c3c4e63c5e5,heartbeat,-51
2026-09-20T14:57:56.226924+00:00,AP_01,dev_445ccbc2b30f400c,heartbeat,-47
2026-09-20T14:57:56.226924+00:00,AP_01,dev_ea5204da7be6a53e,heartbeat,-51
2026-09-20T14:57:56.226924+00:00,AP_02,dev_e0901586fe4e5714,heartbeat,-46
2026-09-20T14:57:57.226924+00:00,AP_01,dev_4f88e58b44e4f3e4,heartbeat,-50
2026-09-20T14:57:58.226924+00:00,AP_01,dev_3603e49573a42f71,connect,-74
2026-09-20T14:57:59.226924+00:00,AP_01,dev_101e46487f17e515,heartbeat,-50
2026-09-20T14:57:59.226924+00:00,AP_01,dev_bbc41c619e88bd47,heartbeat,-47
2026-09-20T14:57:59.226924+00:00,AP_01,dev_7a7cb5ddf5eb7995,heartbeat,-54
2026-09-20T14:57:59.226924+00:00,AP_02,dev_e1493be4e7873c05,heartbeat,-49
2026-09-20T14:58:00.226924+00:00,AP_01,dev_731b3d87b1dc7eee,heartbeat,-50
2026-09-20T14:58:00.226924+00:00,AP_02,dev_4ac84bb5b54bd1e2,heartbeat,-45
2026-09-20T14:58:00.226924+00:00,AP_03,dev_8ab185ddc4f920ba,heartbeat,-55
2026-09-20T14:58:01.226924+00:00,AP_01,dev_5b04e3a652d6313a,heartbeat,-51
2026-09-20T14:58:02.226924+00:00,AP_01,dev_3685007455cd815a,heartbeat,-53
2026-09-20T14:58:02.226924+00:00,AP_01,dev_539021518e086590,heartbeat,-49
2026-09-20T14:58:03.226924+00:00,AP_01,dev_8036e1c3a6abbe3c,heartbeat,-47
2026-09-20T14:58:03.226924+00:00,AP_02,dev_67afb0bc703b419b,heartbeat,-52
2026-09-20T14:58:04.226924+00:00,AP_03,dev_a4b93ff51018f4c5,heartbeat,-45
2026-09-20T14:58:05.226924+00:00,AP_02,dev_1f7d38735c96fb65,heartbeat,-47
2026-09-20T14:58:06.226924+00:00,AP_02,dev_0f96d15f51d22665,heartbeat,-54
2026-09-20T14:58:06.226924+00:00,AP_02,dev_89db6f69939e3a2d,heartbeat,-53
2026-09-20T14:58:07.226924+00:00,AP_02,dev_75cf3775171f19ea,heartbeat,-51
2026-09-20T14:58:07.226924+00:00,AP_03,dev_0ee25486519d39a2,heartbeat,-48
2026-09-20T14:58:08.226924+00:00,AP_01,dev_069605993fcd64eb,heartbeat,-52
2026-09-20T14:58:08.226924+00:00,AP_01,dev_bc8d7b6196fcef34,heartbeat,-52
2026-09-20T14:58:09.226924+00:00,AP_01,dev_b5f693bdb2568671,heartbeat,-53
2026-09-20T14:58:09.226924+00:00,AP_02,dev_2ef071463abd9f1c,heartbeat,-56
2026-09-20T14:58:10.226924+00:00,AP_01,dev_daba50eec8c1da46,heartbeat,-50
2026-09-20T14:58:10.226924+00:00,AP_01,dev_932d334d0b33c912,heartbeat,-59
2026-09-20T14:58:11.226924+00:00,AP_01,dev_dac99220a0ad0fd7,heartbeat,-48
2026-09-20T14:58:11.226924+00:00,AP_02,dev_c4c59c0a301caf36,heartbeat,-46
2026-09-20T14:58:11.226924+00:00,AP_02,dev_2b173c18c059f8e9,heartbeat,-55
2026-09-20T14:58:12.226924+00:00,AP_02,dev_55eaa3daf2dd130b,heartbeat,-49
2026-09-20T14:58:13.226924+00:00,AP_01,dev_3603e49573a42f71,disconnect,-74
2026-09-20T14:58:14.226924+00:00,AP_01,dev_0f1959ebaf2421f7,heartbeat,-44
2026-09-20T14:58:15.226924+00:00,AP_01,dev_62e4eb8d4981d69d,heartbeat,-50
2026-09-20T14:58:17.226924+00:00,AP_03,dev_5873e32b3ae4395f,heartbeat,-53
2026-09-20T14:58:19.226924+00:00,AP_02,dev_44bae648792c87a3,heartbeat,-48
2026-09-20T14:58:21.226924+00:00,AP_02,dev_349b3f24156b47ac,heartbeat,-46
2026-09-20T14:58:22.226924+00:00,AP_01,dev_c406cbd22ec99ead,heartbeat,-52
2026-09-20T14:58:22.226924+00:00,AP_03,dev_07284014dce9133c,heartbeat,-50
2026-09-20T14:58:23.226924+00:00,AP_02,dev_7dc730154810b19b,heartbeat,-50
2026-09-20T14:58:25.226924+00:00,AP_02,dev_6e87a995d8ad91a8,heartbeat,-49
2026-09-20T14:58:25.226924+00:00,AP_02,dev_e0901586fe4e5714,heartbeat,-44
2026-09-20T14:58:26.226924+00:00,AP_01,dev_f50ad49c2c67a14f,heartbeat,-45
2026-09-20T14:58:26.226924+00:00,AP_01,dev_35778c3c4e63c5e5,heartbeat,-54
2026-09-20T14:58:26.226924+00:00,AP_01,dev_445ccbc2b30f400c,heartbeat,-49
2026-09-20T14:58:26.226924+00:00,AP_01,dev_ea5204da7be6a53e,heartbeat,-51
2026-09-20T14:58:26.226924+00:00,AP_02,dev_dba56be9de81f118,heartbeat,-55
2026-09-20T14:58:27.226924+00:00,AP_02,dev_e880e41ccd1eeaca,heartbeat,-51
2026-09-20T14:58:28.226924+00:00,AP_01,dev_101e46487f17e515,heartbeat,-44
2026-09-20T14:58:28.226924+00:00,AP_01,dev_605e9822a32bf845,heartbeat,-57
2026-09-20T14:58:29.226924+00:00,AP_01,dev_bbc41c619e88bd47,heartbeat,-50
2026-09-20T14:58:29.226924+00:00,AP_01,dev_4f88e58b44e4f3e4,heartbeat,-50
2026-09-20T14:58:30.226924+00:00,AP_01,dev_539021518e086590,heartbeat,-50
2026-09-20T14:58:30.226924+00:00,AP_02,dev_4ac84bb5b54bd1e2,heartbeat,-53
2026-09-20T14:58:30.226924+00:00,AP_02,dev_e1493be4e7873c05,heartbeat,-53
2026-09-20T14:58:31.226924+00:00,AP_01,dev_5b04e3a652d6313a,heartbeat,-59
2026-09-20T14:58:31.226924+00:00,AP_01,dev_7a7cb5ddf5eb7995,heartbeat,-46
2026-09-20T14:58:32.226924+00:00,AP_03,dev_8ab185ddc4f920ba,heartbeat,-48
2026-09-20T14:58:33.226924+00:00,AP_01,dev_731b3d87b1dc7eee,heartbeat,-42
2026-09-20T14:58:34.226924+00:00,AP_02,dev_67afb0bc703b419b,heartbeat,-47
2026-09-20T14:58:34.226924+00:00,AP_02,dev_1f7d38735c96fb65,heartbeat,-51
2026-09-20T14:58:35.226924+00:00,AP_01,dev_3685007455cd815a,heartbeat,-46
2026-09-20T14:58:35.226924+00:00,AP_01,dev_8036e1c3a6abbe3c,heartbeat,-52
2026-09-20T14:58:36.226924+00:00,AP_01,dev_069605993fcd64eb,heartbeat,-52
2026-09-20T14:58:36.226924+00:00,AP_03,dev_0ee25486519d39a2,heartbeat,-51
2026-09-20T14:58:36.226924+00:00,AP_03,dev_a4b93ff51018f4c5,heartbeat,-46
2026-09-20T14:58:38.226924+00:00,AP_01,dev_b5f693bdb2568671,heartbeat,-50
2026-09-20T14:58:38.226924+00:00,AP_02,dev_75cf3775171f19ea,heartbeat,-56
2026-09-20T14:58:38.226924+00:00,AP_02,dev_2b173c18c059f8e9,heartbeat,-53
2026-09-20T14:58:38.226924+00:00,AP_02,dev_89db6f69939e3a2d,heartbeat,-47
2026-09-20T14:58:39.226924+00:00,AP_02,dev_0f96d15f51d22665,heartbeat,-45
2026-09-20T14:58:40.226924+00:00,AP_01,dev_daba50eec8c1da46,heartbeat,-48
2026-09-20T14:58:40.226924+00:00,AP_01,dev_bc8d7b6196fcef34,heartbeat,-51
2026-09-20T14:58:40.226924+00:00,AP_02,dev_c4c59c0a301caf36,heartbeat,-47
2026-09-20T14:58:41.226924+00:00,AP_01,dev_932d334d0b33c912,heartbeat,-49
2026-09-20T14:58:41.226924+00:00,AP_01,dev_0f1959ebaf2421f7,heartbeat,-51
2026-09-20T14:58:41.226924+00:00,AP_02,dev_55eaa3daf2dd130b,heartbeat,-50
2026-09-20T14:58:42.226924+00:00,AP_01,dev_dac99220a0ad0fd7,heartbeat,-44
2026-09-20T14:58:42.226924+00:00,AP_02,dev_2ef071463abd9f1c,heartbeat,-49
2026-09-20T14:58:44.226924+00:00,AP_01,dev_62e4eb8d4981d69d,heartbeat,-55
2026-09-20T14:58:47.226924+00:00,AP_03,dev_5873e32b3ae4395f,heartbeat,-52
2026-09-20T14:58:49.226924+00:00,AP_01,dev_c406cbd22ec99ead,heartbeat,-42
2026-09-20T14:58:50.226924+00:00,AP_02,dev_349b3f24156b47ac,heartbeat,-48
2026-09-20T14:58:50.226924+00:00,AP_03,dev_07284014dce9133c,heartbeat,-50
2026-09-20T14:58:52.226924+00:00,AP_02,dev_7dc730154810b19b,heartbeat,-60
2026-09-20T14:58:52.226924+00:00,AP_02,dev_6e87a995d8ad91a8,heartbeat,-50
2026-09-20T14:58:52.226924+00:00,AP_02,dev_e0901586fe4e5714,heartbeat,-52
2026-09-20T14:58:52.226924+00:00,AP_02,dev_44bae648792c87a3,heartbeat,-49
2026-09-20T14:58:53.226924+00:00,AP_02,dev_dba56be9de81f118,heartbeat,-49
2026-09-20T14:58:54.226924+00:00,AP_01,dev_f50ad49c2c67a14f,heartbeat,-49
2026-09-20T14:58:54.226924+00:00,AP_01,dev_35778c3c4e63c5e5,heartbeat,-52
2026-09-20T14:58:55.226924+00:00,AP_01,dev_101e46487f17e515,heartbeat,-52
2026-09-20T14:58:56.226924+00:00,AP_01,dev_605e9822a32bf845,heartbeat,-55
2026-09-20T14:58:56.226924+00:00,AP_01,dev_445ccbc2b30f400c,heartbeat,-51
2026-09-20T14:58:56.226924+00:00,AP_01,dev_ea5204da7be6a53e,heartbeat,-47
2026-09-20T14:58:56.226924+00:00,AP_01,dev_4f88e58b44e4f3e4,heartbeat,-48
2026-09-20T14:58:56.226924+00:00,AP_02,dev_e880e41ccd1eeaca,heartbeat,-50
2026-09-20T14:58:58.226924+00:00,AP_01,dev_5b04e3a652d6313a,heartbeat,-49
2026-09-20T14:58:58.226924+00:00,AP_01,dev_7a7cb5ddf5eb7995,heartbeat,-47
2026-09-20T14:58:58.226924+00:00,AP_02,dev_e1493be4e7873c05,heartbeat,-47
2026-09-20T14:59:00.226924+00:00,AP_02,dev_4ac84bb5b54bd1e2,heartbeat,-53
2026-09-20T14:59:01.226924+00:00,AP_01,dev_731b3d87b1dc7eee,heartbeat,-50
2026-09-20T14:59:01.226924+00:00,AP_01,dev_bbc41c619e88bd47,heartbeat,-58
2026-09-20T14:59:01.226924+00:00,AP_03,dev_8ab185ddc4f920ba,heartbeat,-50
2026-09-20T14:59:02.226924+00:00,AP_01,dev_539021518e086590,heartbeat,-43
2026-09-20T14:59:04.226924+00:00,AP_01,dev_8036e1c3a6abbe3c,heartbeat,-57
2026-09-20T14:59:04.226924+00:00,AP_03,dev_a4b93ff51018f4c5,heartbeat,-48
2026-09-20T14:59:05.226924+00:00,AP_02,dev_67afb0bc703b419b,heartbeat,-52
2026-09-20T14:59:05.226924+00:00,AP_02,dev_1f7d38735c96fb65,heartbeat,-53
2026-09-20T14:59:07.226924+00:00,AP_01,dev_3685007455cd815a,heartbeat,-50
2026-09-20T14:59:07.226924+00:00,AP_03,dev_0ee25486519d39a2,heartbeat,-51
2026-09-20T14:59:08.226924+00:00,AP_01,dev_069605993fcd64eb,heartbeat,-45
2026-09-20T14:59:08.226924+00:00,AP_01,dev_b5f693bdb2568671,heartbeat,-53
2026-09-20T14:59:08.226924+00:00,AP_01,dev_bc8d7b6196fcef34,heartbeat,-40
2026-09-20T14:59:08.226924+00:00,AP_02,dev_0f96d15f51d22665,heartbeat,-48
2026-09-20T14:59:08.226924+00:00,AP_02,dev_c4c59c0a301caf36,heartbeat,-51
2026-09-20T14:59:09.226924+00:00,AP_02,dev_dbbf82bce68c57e4,connect,-75
2026-09-20T14:59:10.226924+00:00,AP_02,dev_2b173c18c059f8e9,heartbeat,-42
2026-09-20T14:59:10.226924+00:00,AP_02,dev_2ef071463abd9f1c,heartbeat,-50
2026-09-20T14:59:11.226924+00:00,AP_01,dev_932d334d0b33c912,heartbeat,-48
2026-09-20T14:59:11.226924+00:00,AP_02,dev_75cf3775171f19ea,heartbeat,-58
2026-09-20T14:59:11.226924+00:00,AP_02,dev_55eaa3daf2dd130b,heartbeat,-55
2026-09-20T14:59:11.226924+00:00,AP_02,dev_89db6f69939e3a2d,heartbeat,-47
2026-09-20T14:59:12.226924+00:00,AP_01,dev_0f1959ebaf2421f7,heartbeat,-38
2026-09-20T14:59:13.226924+00:00,AP_01,dev_daba50eec8c1da46,heartbeat,-43
2026-09-20T14:59:13.226924+00:00,AP_01,dev_62e4eb8d4981d69d,heartbeat,-49
2026-09-20T14:59:14.226924+00:00,AP_01,dev_dac99220a0ad0fd7,heartbeat,-45
2026-09-20T14:59:18.226924+00:00,AP_03,dev_5873e32b3ae4395f,heartbeat,-46
2026-09-20T14:59:19.226924+00:00,AP_02,dev_6e87a995d8ad91a8,heartbeat,-51
2026-09-20T14:59:19.226924+00:00,AP_03,dev_07284014dce9133c,heartbeat,-47
2026-09-20T14:59:20.226924+00:00,AP_02,dev_dba56be9de81f118,heartbeat,-48
2026-09-20T14:59:21.226924+00:00,AP_01,dev_c406cbd22ec99ead,heartbeat,-49
2026-09-20T14:59:22.226924+00:00,AP_01,dev_f50ad49c2c67a14f,heartbeat,-47
2026-09-20T14:59:23.226924+00:00,AP_01,dev_445ccbc2b30f400c,heartbeat,-47
2026-09-20T14:59:23.226924+00:00,AP_02,dev_349b3f24156b47ac,heartbeat,-53
2026-09-20T14:59:24.226924+00:00,AP_01,dev_35778c3c4e63c5e5,heartbeat,-51
2026-09-20T14:59:24.226924+00:00,AP_01,dev_ea5204da7be6a53e,heartbeat,-51
2026-09-20T14:59:24.226924+00:00,AP_02,dev_dbbf82bce68c57e4,disconnect,-80
2026-09-20T14:59:24.226924+00:00,AP_02,dev_e0901586fe4e5714,heartbeat,-50
2026-09-20T14:59:25.226924+00:00,AP_01,dev_101e46487f17e515,heartbeat,-49
2026-09-20T14:59:25.226924+00:00,AP_02,dev_7dc730154810b19b,heartbeat,-49
2026-09-20T14:59:25.226924+00:00,AP_02,dev_e880e41ccd1eeaca,heartbeat,-55
2026-09-20T14:59:25.226924+00:00,AP_02,dev_44bae648792c87a3,heartbeat,-50
2026-09-20T14:59:26.226924+00:00,AP_01,dev_605e9822a32bf845,heartbeat,-50
2026-09-20T14:59:26.226924+00:00,AP_02,dev_e1493be4e7873c05,heartbeat,-49
2026-09-20T14:59:27.226924+00:00,AP_01,dev_93f102b6fef07e60,connect,-90
2026-09-20T14:59:27.226924+00:00,AP_02,dev_4ac84bb5b54bd1e2,heartbeat,-51
2026-09-20T14:59:29.226924+00:00,AP_01,dev_5b04e3a652d6313a,heartbeat,-51
2026-09-20T14:59:29.226924+00:00,AP_01,dev_731b3d87b1dc7eee,heartbeat,-46
2026-09-20T14:59:29.226924+00:00,AP_01,dev_bbc41c619e88bd47,heartbeat,-48
2026-09-20T14:59:29.226924+00:00,AP_01,dev_4f88e58b44e4f3e4,heartbeat,-47
2026-09-20T14:59:30.226924+00:00,AP_01,dev_7a7cb5ddf5eb7995,heartbeat,-50
2026-09-20T14:59:30.226924+00:00,AP_03,dev_8ab185ddc4f920ba,heartbeat,-52
2026-09-20T14:59:32.226924+00:00,AP_01,dev_539021518e086590,heartbeat,-55
2026-09-20T14:59:32.226924+00:00,AP_02,dev_1f7d38735c96fb65,heartbeat,-47
2026-09-20T14:59:35.226924+00:00,AP_01,dev_8036e1c3a6abbe3c,heartbeat,-46
2026-09-20T14:59:37.226924+00:00,AP_02,dev_67afb0bc703b419b,heartbeat,-49
2026-09-20T14:59:37.226924+00:00,AP_03,dev_a4b93ff51018f4c5,heartbeat,-49
2026-09-20T14:59:38.226924+00:00,AP_01,dev_069605993fcd64eb,heartbeat,-52
2026-09-20T14:59:38.226924+00:00,AP_02,dev_0f96d15f51d22665,heartbeat,-53
2026-09-20T14:59:38.226924+00:00,AP_03,dev_0ee25486519d39a2,heartbeat,-51
2026-09-20T14:59:39.226924+00:00,AP_01,dev_3685007455cd815a,heartbeat,-55
2026-09-20T14:59:39.226924+00:00,AP_01,dev_932d334d0b33c912,heartbeat,-49
2026-09-20T14:59:40.226924+00:00,AP_01,dev_bc8d7b6196fcef34,heartbeat,-50
2026-09-20T14:59:40.226924+00:00,AP_01,dev_0f1959ebaf2421f7,heartbeat,-47
2026-09-20T14:59:40.226924+00:00,AP_02,dev_55eaa3daf2dd130b,heartbeat,-48
2026-09-20T14:59:40.226924+00:00,AP_02,dev_89db6f69939e3a2d,heartbeat,-45
2026-09-20T14:59:41.226924+00:00,AP_01,dev_daba50eec8c1da46,heartbeat,-40
2026-09-20T14:59:41.226924+00:00,AP_01,dev_b5f693bdb2568671,heartbeat,-51
2026-09-20T14:59:41.226924+00:00,AP_01,dev_62e4eb8d4981d69d,heartbeat,-49
2026-09-20T14:59:41.226924+00:00,AP_01,dev_93f102b6fef07e60,disconnect,-83
2026-09-20T14:59:41.226924+00:00,AP_02,dev_c4c59c0a301caf36,heartbeat,-48
2026-09-20T14:59:43.226924+00:00,AP_02,dev_75cf3775171f19ea,heartbeat,-51
2026-09-20T14:59:43.226924+00:00,AP_02,dev_2b173c18c059f8e9,heartbeat,-54
2026-09-20T14:59:43.226924+00:00,AP_02,dev_2ef071463abd9f1c,heartbeat,-49
2026-09-20T14:59:44.226924+00:00,AP_01,dev_dac99220a0ad0fd7,heartbeat,-47
2026-09-20T14:59:49.226924+00:00,AP_01,dev_c406cbd22ec99ead,heartbeat,-46
2026-09-20T14:59:49.226924+00:00,AP_02,dev_dba56be9de81f118,heartbeat,-51
2026-09-20T14:59:50.226924+00:00,AP_02,dev_6e87a995d8ad91a8,heartbeat,-58
2026-09-20T14:59:51.226924+00:00,AP_01,dev_ea5204da7be6a53e,heartbeat,-47
2026-09-20T14:59:51.226924+00:00,AP_02,dev_e0901586fe4e5714,heartbeat,-46
2026-09-20T14:59:51.226924+00:00,AP_03,dev_5873e32b3ae4395f,heartbeat,-44
2026-09-20T14:59:52.226924+00:00,AP_03,dev_07284014dce9133c,heartbeat,-50
2026-09-20T14:59:53.226924+00:00,AP_01,dev_f50ad49c2c67a14f,heartbeat,-49
2026-09-20T14:59:54.226924+00:00,AP_01,dev_445ccbc2b30f400c,heartbeat,-49
2026-09-20T14:59:54.226924+00:00,AP_02,dev_4ac84bb5b54bd1e2,heartbeat,-46
2026-09-20T14:59:54.226924+00:00,AP_02,dev_349b3f24156b47ac,heartbeat,-48
2026-09-20T14:59:56.226924+00:00,AP_02,dev_44bae648792c87a3,heartbeat,-50
2026-09-20T14:59:57.226924+00:00,AP_01,dev_35778c3c4e63c5e5,heartbeat,-42
2026-09-20T14:59:57.226924+00:00,AP_01,dev_605e9822a32bf845,heartbeat,-55
2026-09-20T14:59:57.226924+00:00,AP_02,dev_7dc730154810b19b,heartbeat,-54
2026-09-20T14:59:57.226924+00:00,AP_02,dev_e880e41ccd1eeaca,heartbeat,-49
2026-09-20T14:59:58.226924+00:00,AP_01,dev_101e46487f17e515,heartbeat,-53
2026-09-20T14:59:58.226924+00:00,AP_01,dev_731b3d87b1dc7eee,heartbeat,-49
2026-09-20T14:59:58.226924+00:00,AP_02,dev_e1493be4e7873c05,heartbeat,-50
2026-09-20T14:59:59.226924+00:00,AP_01,dev_4f88e58b44e4f3e4,heartbeat,-52
2026-09-20T14:59:59.226924+00:00,AP_03,dev_8ab185ddc4f920ba,heartbeat,-51
2026-09-20T15:00:00.226924+00:00,AP_01,dev_5b04e3a652d6313a,heartbeat,-50
2026-09-20T15:00:01.226924+00:00,AP_01,dev_539021518e086590,heartbeat,-52
2026-09-20T15:00:02.226924+00:00,AP_01,dev_bbc41c619e88bd47,heartbeat,-46
2026-09-20T15:00:02.226924+00:00,AP_02,dev_1f7d38735c96fb65,heartbeat,-46
2026-09-20T15:00:03.226924+00:00,AP_01,dev_7a7cb5ddf5eb7995,heartbeat,-44
2026-09-20T15:00:05.226924+00:00,AP_02,dev_67afb0bc703b419b,heartbeat,-47
2026-09-20T15:00:06.226924+00:00,AP_01,dev_069605993fcd64eb,heartbeat,-50
2026-09-20T15:00:06.226924+00:00,AP_01,dev_8036e1c3a6abbe3c,heartbeat,-51
2026-09-20T15:00:06.226924+00:00,AP_01,dev_932d334d0b33c912,heartbeat,-51
2026-09-20T15:00:07.226924+00:00,AP_01,dev_0f1959ebaf2421f7,heartbeat,-55
2026-09-20T15:00:08.226924+00:00,AP_01,dev_daba50eec8c1da46,heartbeat,-50
2026-09-20T15:00:08.226924+00:00,AP_02,dev_0f96d15f51d22665,heartbeat,-50
2026-09-20T15:00:09.226924+00:00,AP_01,dev_62e4eb8d4981d69d,heartbeat,-50
2026-09-20T15:00:09.226924+00:00,AP_02,dev_89db6f69939e3a2d,heartbeat,-48
2026-09-20T15:00:09.226924+00:00,AP_03,dev_a4b93ff51018f4c5,heartbeat,-47
2026-09-20T15:00:10.226924+00:00,AP_01,dev_3685007455cd815a,heartbeat,-49
2026-09-20T15:00:10.226924+00:00,AP_02,dev_75cf3775171f19ea,heartbeat,-50
2026-09-20T15:00:10.226924+00:00,AP_02,dev_55eaa3daf2dd130b,heartbeat,-46
2026-09-20T15:00:10.226924+00:00,AP_02,dev_c4c59c0a301caf36,heartbeat,-52
2026-09-20T15:00:10.226924+00:00,AP_03,dev_0ee25486519d39a2,heartbeat,-54
2026-09-20T15:00:12.226924+00:00,AP_01,dev_b5f693bdb2568671,heartbeat,-50
2026-09-20T15:00:12.226924+00:00,AP_01,dev_bc8d7b6196fcef34,heartbeat,-48
2026-09-20T15:00:13.226924+00:00,AP_02,dev_2b173c18c059f8e9,heartbeat,-48
2026-09-20T15:00:14.226924+00:00,AP_02,dev_2ef071463abd9f1c,heartbeat,-47
2026-09-20T15:00:16.226924+00:00,AP_01,dev_dac99220a0ad0fd7,heartbeat,-49
2026-09-20T15:00:18.226924+00:00,AP_02,dev_6e87a995d8ad91a8,heartbeat,-46
2026-09-20T15:00:18.226924+00:00,AP_03,dev_5873e32b3ae4395f,heartbeat,-45
2026-09-20T15:00:19.226924+00:00,AP_02,dev_dba56be9de81f118,heartbeat,-47
2026-09-20T15:00:19.226924+00:00,AP_03,dev_07284014dce9133c,heartbeat,-54
2026-09-20T15:00:21.226924+00:00,AP_01,dev_c406cbd22ec99ead,heartbeat,-49
2026-09-20T15:00:21.226924+00:00,AP_01,dev_445ccbc2b30f400c,heartbeat,-53
2026-09-20T15:00:23.226924+00:00,AP_02,dev_e0901586fe4e5714,heartbeat,-51
2026-09-20T15:00:23.226924+00:00,AP_02,dev_44bae648792c87a3,heartbeat,-52
2026-09-20T15:00:24.226924+00:00,AP_01,dev_f50ad49c2c67a14f,heartbeat,-48
2026-09-20T15:00:24.226924+00:00,AP_01,dev_ea5204da7be6a53e,heartbeat,-53
2026-09-20T15:00:24.226924+00:00,AP_02,dev_4ac84bb5b54bd1e2,heartbeat,-50
2026-09-20T15:00:24.226924+00:00,AP_02,dev_349b3f24156b47ac,heartbeat,-46
2026-09-20T15:00:25.226924+00:00,AP_01,dev_731b3d87b1dc7eee,heartbeat,-55
2026-09-20T15:00:25.226924+00:00,AP_02,dev_e1493be4e7873c05,heartbeat,-43
2026-09-20T15:00:27.226924+00:00,AP_01,dev_5b04e3a652d6313a,heartbeat,-44
2026-09-20T15:00:27.226924+00:00,AP_01,dev_605e9822a32bf845,heartbeat,-48
2026-09-20T15:00:27.226924+00:00,AP_02,dev_7dc730154810b19b,heartbeat,-45
2026-09-20T15:00:28.226924+00:00,AP_01,dev_35778c3c4e63c5e5,heartbeat,-45
2026-09-20T15:00:28.226924+00:00,AP_02,dev_e880e41ccd1eeaca,heartbeat,-47
2026-09-20T15:00:29.226924+00:00,AP_02,dev_1f7d38735c96fb65,heartbeat,-52
2026-09-20T15:00:30.226924+00:00,AP_01,dev_101e46487f17e515,heartbeat,-50
2026-09-20T15:00:30.226924+00:00,AP_03,dev_8ab185ddc4f920ba,heartbeat,-51
2026-09-20T15:00:31.226924+00:00,AP_01,dev_4f88e58b44e4f3e4,heartbeat,-49
2026-09-20T15:00:32.226924+00:00,AP_01,dev_bbc41c619e88bd47,heartbeat,-50
2026-09-20T15:00:33.226924+00:00,AP_01,dev_8036e1c3a6abbe3c,heartbeat,-49
2026-09-20T15:00:34.226924+00:00,AP_01,dev_539021518e086590,heartbeat,-53
2026-09-20T15:00:34.226924+00:00,AP_01,dev_0f1959ebaf2421f7,heartbeat,-48
2026-09-20T15:00:35.226924+00:00,AP_02,dev_0f96d15f51d22665,heartbeat,-45
2026-09-20T15:00:36.226924+00:00,AP_01,dev_daba50eec8c1da46,heartbeat,-44
2026-09-20T15:00:36.226924+00:00,AP_01,dev_7a7cb5ddf5eb7995,heartbeat,-48
2026-09-20T15:00:36.226924+00:00,AP_02,dev_89db6f69939e3a2d,heartbeat,-50
2026-09-20T15:00:37.226924+00:00,AP_01,dev_932d334d0b33c912,heartbeat,-48
2026-09-20T15:00:37.226924+00:00,AP_01,dev_62e4eb8d4981d69d,heartbeat,-51
2026-09-20T15:00:37.226924+00:00,AP_02,dev_67afb0bc703b419b,heartbeat,-45
2026-09-20T15:00:38.226924+00:00,AP_01,dev_069605993fcd64eb,heartbeat,-47
2026-09-20T15:00:38.226924+00:00,AP_01,dev_3685007455cd815a,heartbeat,-44
2026-09-20T15:00:40.226924+00:00,AP_01,dev_bc8d7b6196fcef34,heartbeat,-42
2026-09-20T15:00:41.226924+00:00,AP_02,dev_55eaa3daf2dd130b,heartbeat,-50
2026-09-20T15:00:42.226924+00:00,AP_02,dev_75cf3775171f19ea,heartbeat,-50
2026-09-20T15:00:42.226924+00:00,AP_02,dev_c4c59c0a301caf36,heartbeat,-45
2026-09-20T15:00:42.226924+00:00,AP_03,dev_a4b93ff51018f4c5,heartbeat,-51
2026-09-20T15:00:43.226924+00:00,AP_03,dev_0ee25486519d39a2,heartbeat,-50
2026-09-20T15:00:44.226924+00:00,AP_01,dev_b5f693bdb2568671,heartbeat,-48
2026-09-20T15:00:46.226924+00:00,AP_01,dev_dac99220a0ad0fd7,heartbeat,-56
2026-09-20T15:00:46.226924+00:00,AP_02,dev_2b173c18c059f8e9,heartbeat,-53
2026-09-20T15:00:47.226924+00:00,AP_02,dev_6e87a995d8ad91a8,heartbeat,-54
2026-09-20T15:00:47.226924+00:00,AP_02,dev_2ef071463abd9f1c,heartbeat,-47
2026-09-20T15:00:48.226924+00:00,AP_03,dev_07284014dce9133c,heartbeat,-52
2026-09-20T15:00:49.226924+00:00,AP_02,dev_dba56be9de81f118,heartbeat,-50
2026-09-20T15:00:51.226924+00:00,AP_01,dev_f50ad49c2c67a14f,heartbeat,-47
2026-09-20T15:00:51.226924+00:00,AP_02,dev_44bae648792c87a3,heartbeat,-53
2026-09-20T15:00:51.226924+00:00,AP_03,dev_5873e32b3ae4395f,heartbeat,-46
2026-09-20T15:00:52.226924+00:00,AP_02,dev_349b3f24156b47ac,heartbeat,-54
2026-09-20T15:00:52.226924+00:00,AP_02,dev_e0901586fe4e5714,heartbeat,-52
2026-09-20T15:00:53.226924+00:00,AP_01,dev_c406cbd22ec99ead,heartbeat,-51
2026-09-20T15:00:53.226924+00:00,AP_01,dev_445ccbc2b30f400c,heartbeat,-53
2026-09-20T15:00:53.226924+00:00,AP_02,dev_4ac84bb5b54bd1e2,heartbeat,-45
2026-09-20T15:00:54.226924+00:00,AP_02,dev_e1493be4e7873c05,heartbeat,-49
2026-09-20T15:00:55.226924+00:00,AP_02,dev_e880e41ccd1eeaca,heartbeat,-57
2026-09-20T15:00:56.226924+00:00,AP_01,dev_5b04e3a652d6313a,heartbeat,-54
2026-09-20T15:00:56.226924+00:00,AP_01,dev_605e9822a32bf845,heartbeat,-46
2026-09-20T15:00:57.226924+00:00,AP_01,dev_731b3d87b1dc7eee,heartbeat,-49
2026-09-20T15:00:57.226924+00:00,AP_01,dev_ea5204da7be6a53e,heartbeat,-47
2026-09-20T15:00:57.226924+00:00,AP_02,dev_7dc730154810b19b,heartbeat,-52
2026-09-20T15:00:58.226924+00:00,AP_01,dev_4f88e58b44e4f3e4,heartbeat,-52
2026-09-20T15:01:01.226924+00:00,AP_01,dev_35778c3c4e63c5e5,heartbeat,-55
2026-09-20T15:01:01.226924+00:00,AP_01,dev_bbc41c619e88bd47,heartbeat,-53
2026-09-20T15:01:01.226924+00:00,AP_01,dev_0f1959ebaf2421f7,heartbeat,-52
2026-09-20T15:01:01.226924+00:00,AP_03,dev_8ab185ddc4f920ba,heartbeat,-44
2026-09-20T15:01:02.226924+00:00,AP_01,dev_101e46487f17e515,heartbeat,-49
2026-09-20T15:01:02.226924+00:00,AP_01,dev_8036e1c3a6abbe3c,heartbeat,-53
2026-09-20T15:01:02.226924+00:00,AP_02,dev_1f7d38735c96fb65,heartbeat,-50
2026-09-20T15:01:03.226924+00:00,AP_01,dev_7a7cb5ddf5eb7995,heartbeat,-51
2026-09-20T15:01:03.226924+00:00,AP_02,dev_89db6f69939e3a2d,heartbeat,-52
2026-09-20T15:01:04.226924+00:00,AP_01,dev_932d334d0b33c912,heartbeat,-49
2026-09-20T15:01:05.226924+00:00,AP_01,dev_069605993fcd64eb,heartbeat,-52
2026-09-20T15:01:05.226924+00:00,AP_01,dev_daba50eec8c1da46,heartbeat,-50
2026-09-20T15:01:05.226924+00:00,AP_01,dev_539021518e086590,heartbeat,-49
2026-09-20T15:01:06.226924+00:00,AP_01,dev_62e4eb8d4981d69d,heartbeat,-56
2026-09-20T15:01:07.226924+00:00,AP_02,dev_0f96d15f51d22665,heartbeat,-46
2026-09-20T15:01:08.226924+00:00,AP_01,dev_bc8d7b6196fcef34,heartbeat,-50
2026-09-20T15:01:08.226924+00:00,AP_02,dev_55eaa3daf2dd130b,heartbeat,-47
2026-09-20T15:01:09.226924+00:00,AP_01,dev_3685007455cd815a,heartbeat,-47
2026-09-20T15:01:09.226924+00:00,AP_02,dev_67afb0bc703b419b,heartbeat,-45
2026-09-20T15:01:10.226924+00:00,AP_02,dev_c4c59c0a301caf36,heartbeat,-52
2026-09-20T15:01:12.226924+00:00,AP_03,dev_0ee25486519d39a2,heartbeat,-48
2026-09-20T15:01:13.226924+00:00,AP_01,dev_b5f693bdb2568671,heartbeat,-51
2026-09-20T15:01:13.226924+00:00,AP_02,dev_2b173c18c059f8e9,heartbeat,-48
2026-09-20T15:01:15.226924+00:00,AP_02,dev_75cf3775171f19ea,heartbeat,-48
2026-09-20T15:01:15.226924+00:00,AP_03,dev_a4b93ff51018f4c5,heartbeat,-52
2026-09-20T15:01:18.226924+00:00,AP_03,dev_07284014dce9133c,heartbeat,-51
2026-09-20T15:01:19.226924+00:00,AP_01,dev_dac99220a0ad0fd7,heartbeat,-52
2026-09-20T15:01:19.226924+00:00,AP_02,dev_6e87a995d8ad91a8,heartbeat,-51
2026-09-20T15:01:19.226924+00:00,AP_02,dev_2ef071463abd9f1c,heartbeat,-49
2026-09-20T15:01:19.226924+00:00,AP_02,dev_44bae648792c87a3,heartbeat,-51
2026-09-20T15:01:19.226924+00:00,AP_03,dev_5873e32b3ae4395f,heartbeat,-51
2026-09-20T15:01:20.226924+00:00,AP_01,dev_f50ad49c2c67a14f,heartbeat,-47
2026-09-20T15:01:20.226924+00:00,AP_02,dev_4ac84bb5b54bd1e2,heartbeat,-49
2026-09-20T15:01:20.226924+00:00,AP_02,dev_dba56be9de81f118,heartbeat,-45
2026-09-20T15:01:22.226924+00:00,AP_02,dev_e880e41ccd1eeaca,heartbeat,-50
2026-09-20T15:01:23.226924+00:00,AP_02,dev_e1493be4e7873c05,heartbeat,-52
2026-09-20T15:01:23.226924+00:00,AP_02,dev_e0901586fe4e5714,heartbeat,-54
2026-09-20T15:01:24.226924+00:00,AP_01,dev_c406cbd22ec99ead,heartbeat,-41
2026-09-20T15:01:24.226924+00:00,AP_01,dev_ea5204da7be6a53e,heartbeat,-50
2026-09-20T15:01:25.226924+00:00,AP_01,dev_445ccbc2b30f400c,heartbeat,-52
2026-09-20T15:01:25.226924+00:00,AP_02,dev_349b3f24156b47ac,heartbeat,-52
2026-09-20T15:01:26.226924+00:00,AP_01,dev_605e9822a32bf845,heartbeat,-47
2026-09-20T15:01:27.226924+00:00,AP_01,dev_4f88e58b44e4f3e4,heartbeat,-49
2026-09-20T15:01:28.226924+00:00,AP_01,dev_5b04e3a652d6313a,heartbeat,-47
2026-09-20T15:01:28.226924+00:00,AP_01,dev_731b3d87b1dc7eee,heartbeat,-51
2026-09-20T15:01:28.226924+00:00,AP_01,dev_bbc41c619e88bd47,heartbeat,-47
2026-09-20T15:01:28.226924+00:00,AP_01,dev_0f1959ebaf2421f7,heartbeat,-50
2026-09-20T15:01:30.226924+00:00,AP_02,dev_7dc730154810b19b,heartbeat,-55
2026-09-20T15:01:30.226924+00:00,AP_03,dev_8ab185ddc4f920ba,heartbeat,-50
2026-09-20T15:01:31.226924+00:00,AP_01,dev_101e46487f17e515,heartbeat,-53
2026-09-20T15:01:31.226924+00:00,AP_01,dev_932d334d0b33c912,heartbeat,-49
2026-09-20T15:01:32.226924+00:00,AP_01,dev_8036e1c3a6abbe3c,heartbeat,-42
2026-09-20T15:01:32.226924+00:00,AP_02,dev_89db6f69939e3a2d,heartbeat,-51
2026-09-20T15:01:33.226924+00:00,AP_01,dev_35778c3c4e63c5e5,heartbeat,-50
2026-09-20T15:01:34.226924+00:00,AP_01,dev_62e4eb8d4981d69d,heartbeat,-51
2026-09-20T15:01:34.226924+00:00,AP_01,dev_7a7cb5ddf5eb7995,heartbeat,-51
2026-09-20T15:01:35.226924+00:00,AP_01,dev_daba50eec8c1da46,heartbeat,-41
2026-09-20T15:01:35.226924+00:00,AP_02,dev_1f7d38735c96fb65,heartbeat,-48
2026-09-20T15:01:36.226924+00:00,AP_01,dev_539021518e086590,heartbeat,-50
2026-09-20T15:01:36.226924+00:00,AP_02,dev_67afb0bc703b419b,heartbeat,-53
2026-09-20T15:01:37.226924+00:00,AP_01,dev_069605993fcd64eb,heartbeat,-49
2026-09-20T15:01:37.226924+00:00,AP_02,dev_0f96d15f51d22665,heartbeat,-52
2026-09-20T15:01:39.226924+00:00,AP_01,dev_3685007455cd815a,heartbeat,-54
2026-09-20T15:01:40.226924+00:00,AP_01,dev_bc8d7b6196fcef34,heartbeat,-50
2026-09-20T15:01:40.226924+00:00,AP_02,dev_2b173c18c059f8e9,heartbeat,-48
2026-09-20T15:01:40.226924+00:00,AP_03,dev_0ee25486519d39a2,heartbeat,-49
2026-09-20T15:01:41.226924+00:00,AP_02,dev_55eaa3daf2dd130b,heartbeat,-49
2026-09-20T15:01:42.226924+00:00,AP_01,dev_b5f693bdb2568671,heartbeat,-48
2026-09-20T15:01:42.226924+00:00,AP_02,dev_c4c59c0a301caf36,heartbeat,-51
2026-09-20T15:01:46.226924+00:00,AP_02,dev_6e87a995d8ad91a8,heartbeat,-44
2026-09-20T15:01:46.226924+00:00,AP_03,dev_a4b93ff51018f4c5,heartbeat,-53
2026-09-20T15:01:47.226924+00:00,AP_02,dev_75cf3775171f19ea,heartbeat,-49
2026-09-20T15:01:48.226924+00:00,AP_01,dev_dac99220a0ad0fd7,heartbeat,-53
2026-09-20T15:01:48.226924+00:00,AP_03,dev_07284014dce9133c,heartbeat,-50
2026-09-20T15:01:49.226924+00:00,AP_02,dev_e880e41ccd1eeaca,heartbeat,-48
2026-09-20T15:01:49.226924+00:00,AP_03,dev_5873e32b3ae4395f,heartbeat,-47
2026-09-20T15:01:51.226924+00:00,AP_02,dev_e1493be4e7873c05,heartbeat,-49
2026-09-20T15:01:51.226924+00:00,AP_02,dev_2ef071463abd9f1c,heartbeat,-55
2026-09-20T15:01:51.226924+00:00,AP_02,dev_44bae648792c87a3,heartbeat,-50
2026-09-20T15:01:52.226924+00:00,AP_01,dev_ea5204da7be6a53e,heartbeat,-49
2026-09-20T15:01:52.226924+00:00,AP_02,dev_4ac84bb5b54bd1e2,heartbeat,-51
2026-09-20T15:01:52.226924+00:00,AP_02,dev_349b3f24156b47ac,heartbeat,-44
2026-09-20T15:01:53.226924+00:00,AP_01,dev_f50ad49c2c67a14f,heartbeat,-54
2026-09-20T15:01:53.226924+00:00,AP_01,dev_445ccbc2b30f400c,heartbeat,-51
2026-09-20T15:01:53.226924+00:00,AP_02,dev_dba56be9de81f118,heartbeat,-49
2026-09-20T15:01:54.226924+00:00,AP_01,dev_605e9822a32bf845,heartbeat,-53
2026-09-20T15:01:56.226924+00:00,AP_02,dev_e0901586fe4e5714,heartbeat,-51
2026-09-20T15:01:57.226924+00:00,AP_01,dev_731b3d87b1dc7eee,heartbeat,-55
2026-09-20T15:01:57.226924+00:00,AP_01,dev_c406cbd22ec99ead,heartbeat,-56
2026-09-20T15:01:58.226924+00:00,AP_01,dev_4f88e58b44e4f3e4,heartbeat,-49
2026-09-20T15:01:59.226924+00:00,AP_01,dev_bbc41c619e88bd47,heartbeat,-52
2026-09-20T15:02:00.226924+00:00,AP_01,dev_101e46487f17e515,heartbeat,-48
2026-09-20T15:02:00.226924+00:00,AP_01,dev_8036e1c3a6abbe3c,heartbeat,-45
2026-09-20T15:02:00.226924+00:00,AP_01,dev_932d334d0b33c912,heartbeat,-49
2026-09-20T15:02:00.226924+00:00,AP_01,dev_0f1959ebaf2421f7,heartbeat,-47
2026-09-20T15:02:01.226924+00:00,AP_01,dev_5b04e3a652d6313a,heartbeat,-44
2026-09-20T15:02:01.226924+00:00,AP_02,dev_89db6f69939e3a2d,heartbeat,-51
2026-09-20T15:02:01.226924+00:00,AP_03,dev_8ab185ddc4f920ba,heartbeat,-52
2026-09-20T15:02:02.226924+00:00,AP_02,dev_7dc730154810b19b,heartbeat,-47
2026-09-20T15:02:03.226924+00:00,AP_02,dev_1f7d38735c96fb65,heartbeat,-46
2026-09-20T15:02:04.226924+00:00,AP_02,dev_67afb0bc703b419b,heartbeat,-57
2026-09-20T15:02:04.226924+00:00,AP_02,dev_0f96d15f51d22665,heartbeat,-54
2026-09-20T15:02:05.226924+00:00,AP_01,dev_069605993fcd64eb,heartbeat,-53
2026-09-20T15:02:05.226924+00:00,AP_01,dev_35778c3c4e63c5e5,heartbeat,-51
2026-09-20T15:02:05.226924+00:00,AP_01,dev_daba50eec8c1da46,heartbeat,-47
2026-09-20T15:02:06.226924+00:00,AP_01,dev_62e4eb8d4981d69d,heartbeat,-49
2026-09-20T15:02:06.226924+00:00,AP_01,dev_539021518e086590,heartbeat,-55
2026-09-20T15:02:07.226924+00:00,AP_01,dev_7a7cb5ddf5eb7995,heartbeat,-52
2026-09-20T15:02:07.226924+00:00,AP_03,dev_0ee25486519d39a2,heartbeat,-49
2026-09-20T15:02:09.226924+00:00,AP_01,dev_3685007455cd815a,heartbeat,-46
2026-09-20T15:02:10.226924+00:00,AP_01,dev_b5f693bdb2568671,heartbeat,-49
2026-09-20T15:02:11.226924+00:00,AP_01,dev_bc8d7b6196fcef34,heartbeat,-58
2026-09-20T15:02:11.226924+00:00,AP_02,dev_2b173c18c059f8e9,heartbeat,-52
2026-09-20T15:02:13.226924+00:00,AP_02,dev_55eaa3daf2dd130b,heartbeat,-54
2026-09-20T15:02:15.226924+00:00,AP_02,dev_6e87a995d8ad91a8,heartbeat,-48
2026-09-20T15:02:15.226924+00:00,AP_02,dev_c4c59c0a301caf36,heartbeat,-48
2026-09-20T15:02:15.226924+00:00,AP_03,dev_a4b93ff51018f4c5,heartbeat,-52
2026-09-20T15:02:19.226924+00:00,AP_01,dev_ea5204da7be6a53e,heartbeat,-46
2026-09-20T15:02:19.226924+00:00,AP_01,dev_dac99220a0ad0fd7,disconnect,-67
2026-09-20T15:02:19.226924+00:00,AP_02,dev_e880e41ccd1eeaca,heartbeat,-47
2026-09-20T15:02:19.226924+00:00,AP_02,dev_75cf3775171f19ea,heartbeat,-48
2026-09-20T15:02:19.226924+00:00,AP_02,dev_2ef071463abd9f1c,heartbeat,-48
2026-09-20T15:02:19.226924+00:00,AP_03,dev_5873e32b3ae4395f,heartbeat,-50
2026-09-20T15:02:19.226924+00:00,AP_03,dev_07284014dce9133c,heartbeat,-52
2026-09-20T15:02:20.226924+00:00,AP_02,dev_44bae648792c87a3,heartbeat,-46
2026-09-20T15:02:21.226924+00:00,AP_02,dev_dac99220a0ad0fd7,connect,-47
2026-09-20T15:02:21.226924+00:00,AP_02,dev_dac99220a0ad0fd7,heartbeat,-49
2026-09-20T15:02:23.226924+00:00,AP_02,dev_349b3f24156b47ac,heartbeat,-45
2026-09-20T15:02:23.226924+00:00,AP_02,dev_e1493be4e7873c05,heartbeat,-49
2026-09-20T15:02:24.226924+00:00,AP_01,dev_c406cbd22ec99ead,heartbeat,-55
2026-09-20T15:02:24.226924+00:00,AP_01,dev_445ccbc2b30f400c,heartbeat,-59
2026-09-20T15:02:24.226924+00:00,AP_02,dev_dba56be9de81f118,heartbeat,-49
2026-09-20T15:02:25.226924+00:00,AP_01,dev_f50ad49c2c67a14f,heartbeat,-47
2026-09-20T15:02:25.226924+00:00,AP_02,dev_4ac84bb5b54bd1e2,heartbeat,-50
2026-09-20T15:02:26.226924+00:00,AP_01,dev_605e9822a32bf845,heartbeat,-45
2026-09-20T15:02:27.226924+00:00,AP_01,dev_731b3d87b1dc7eee,heartbeat,-47
2026-09-20T15:02:27.226924+00:00,AP_02,dev_e0901586fe4e5714,heartbeat,-50
2026-09-20T15:02:28.226924+00:00,AP_01,dev_101e46487f17e515,heartbeat,-47
2026-09-20T15:02:28.226924+00:00,AP_01,dev_0f1959ebaf2421f7,heartbeat,-46
2026-09-20T15:02:29.226924+00:00,AP_01,dev_932d334d0b33c912,heartbeat,-48
2026-09-20T15:02:29.226924+00:00,AP_01,dev_4f88e58b44e4f3e4,heartbeat,-47
2026-09-20T15:02:30.226924+00:00,AP_01,dev_bbc41c619e88bd47,heartbeat,-51
2026-09-20T15:02:32.226924+00:00,AP_01,dev_daba50eec8c1da46,heartbeat,-52
2026-09-20T15:02:32.226924+00:00,AP_02,dev_7dc730154810b19b,heartbeat,-51
2026-09-20T15:02:32.226924+00:00,AP_02,dev_67afb0bc703b419b,heartbeat,-44
2026-09-20T15:02:33.226924+00:00,AP_01,dev_5b04e3a652d6313a,heartbeat,-45
2026-09-20T15:02:33.226924+00:00,AP_01,dev_8036e1c3a6abbe3c,heartbeat,-51
2026-09-20T15:02:34.226924+00:00,AP_01,dev_069605993fcd64eb,heartbeat,-56
2026-09-20T15:02:34.226924+00:00,AP_02,dev_89db6f69939e3a2d,heartbeat,-52
2026-09-20T15:02:34.226924+00:00,AP_03,dev_8ab185ddc4f920ba,heartbeat,-47
2026-09-20T15:02:35.226924+00:00,AP_01,dev_62e4eb8d4981d69d,heartbeat,-50
2026-09-20T15:02:36.226924+00:00,AP_02,dev_0f96d15f51d22665,heartbeat,-47
2026-09-20T15:02:36.226924+00:00,AP_02,dev_1f7d38735c96fb65,heartbeat,-50
2026-09-20T15:02:37.226924+00:00,AP_01,dev_35778c3c4e63c5e5,heartbeat,-51
2026-09-20T15:02:37.226924+00:00,AP_01,dev_539021518e086590,heartbeat,-45
2026-09-20T15:02:37.226924+00:00,AP_01,dev_7a7cb5ddf5eb7995,heartbeat,-51
2026-09-20T15:02:38.226924+00:00,AP_03,dev_0ee25486519d39a2,heartbeat,-49
2026-09-20T15:02:39.226924+00:00,AP_01,dev_bc8d7b6196fcef34,heartbeat,-54
2026-09-20T15:02:39.226924+00:00,AP_02,dev_2b173c18c059f8e9,heartbeat,-46
2026-09-20T15:02:41.226924+00:00,AP_01,dev_3685007455cd815a,heartbeat,-50
2026-09-20T15:02:42.226924+00:00,AP_01,dev_b5f693bdb2568671,heartbeat,-51
2026-09-20T15:02:43.226924+00:00,AP_02,dev_55eaa3daf2dd130b,heartbeat,-44
2026-09-20T15:02:43.226924+00:00,AP_03,dev_a4b93ff51018f4c5,heartbeat,-46
2026-09-20T15:02:46.226924+00:00,AP_02,dev_75cf3775171f19ea,heartbeat,-48
2026-09-20T15:02:47.226924+00:00,AP_01,dev_ea5204da7be6a53e,heartbeat,-46
2026-09-20T15:02:47.226924+00:00,AP_02,dev_c4c59c0a301caf36,heartbeat,-59
2026-09-20T15:02:47.226924+00:00,AP_02,dev_2ef071463abd9f1c,heartbeat,-44
2026-09-20T15:02:48.226924+00:00,AP_02,dev_6e87a995d8ad91a8,heartbeat,-51
2026-09-20T15:02:49.226924+00:00,AP_02,dev_dac99220a0ad0fd7,heartbeat,-48
2026-09-20T15:02:50.226924+00:00,AP_02,dev_e880e41ccd1eeaca,heartbeat,-46
2026-09-20T15:02:50.226924+00:00,AP_03,dev_07284014dce9133c,heartbeat,-52
2026-09-20T15:02:51.226924+00:00,AP_02,dev_349b3f24156b47ac,heartbeat,-50
2026-09-20T15:02:51.226924+00:00,AP_02,dev_dba56be9de81f118,heartbeat,-47
2026-09-20T15:02:51.226924+00:00,AP_02,dev_44bae648792c87a3,heartbeat,-48
2026-09-20T15:02:51.226924+00:00,AP_03,dev_5873e32b3ae4395f,heartbeat,-49
2026-09-20T15:02:53.226924+00:00,AP_01,dev_f50ad49c2c67a14f,heartbeat,-52
2026-09-20T15:02:53.226924+00:00,AP_01,dev_c406cbd22ec99ead,heartbeat,-52
2026-09-20T15:02:53.226924+00:00,AP_02,dev_4ac84bb5b54bd1e2,heartbeat,-49
2026-09-20T15:02:54.226924+00:00,AP_01,dev_605e9822a32bf845,heartbeat,-55
2026-09-20T15:02:55.226924+00:00,AP_02,dev_e1493be4e7873c05,heartbeat,-49
2026-09-20T15:02:56.226924+00:00,AP_01,dev_445ccbc2b30f400c,heartbeat,-50
2026-09-20T15:02:57.226924+00:00,AP_01,dev_101e46487f17e515,heartbeat,-52
2026-09-20T15:02:58.226924+00:00,AP_01,dev_731b3d87b1dc7eee,heartbeat,-55
2026-09-20T15:02:58.226924+00:00,AP_01,dev_4f88e58b44e4f3e4,heartbeat,-50
2026-09-20T15:02:59.226924+00:00,AP_01,dev_bbc41c619e88bd47,heartbeat,-53
2026-09-20T15:02:59.226924+00:00,AP_01,dev_932d334d0b33c912,heartbeat,-47
2026-09-20T15:02:59.226924+00:00,AP_02,dev_67afb0bc703b419b,heartbeat,-54
2026-09-20T15:03:00.226924+00:00,AP_01,dev_0f1959ebaf2421f7,heartbeat,-48
2026-09-20T15:03:00.226924+00:00,AP_02,dev_e0901586fe4e5714,heartbeat,-52
2026-09-20T15:03:02.226924+00:00,AP_02,dev_7dc730154810b19b,heartbeat,-52
2026-09-20T15:03:04.226924+00:00,AP_01,dev_069605993fcd64eb,heartbeat,-54
2026-09-20T15:03:04.226924+00:00,AP_01,dev_5b04e3a652d6313a,heartbeat,-52
2026-09-20T15:03:04.226924+00:00,AP_01,dev_35778c3c4e63c5e5,heartbeat,-46
2026-09-20T15:03:04.226924+00:00,AP_01,dev_daba50eec8c1da46,heartbeat,-45
2026-09-20T15:03:04.226924+00:00,AP_01,dev_62e4eb8d4981d69d,heartbeat,-42
2026-09-20T15:03:04.226924+00:00,AP_02,dev_1f7d38735c96fb65,heartbeat,-51
2026-09-20T15:03:05.226924+00:00,AP_01,dev_8036e1c3a6abbe3c,heartbeat,-50
2026-09-20T15:03:06.226924+00:00,AP_01,dev_7a7cb5ddf5eb7995,heartbeat,-49
2026-09-20T15:03:06.226924+00:00,AP_02,dev_89db6f69939e3a2d,heartbeat,-49
2026-09-20T15:03:07.226924+00:00,AP_03,dev_8ab185ddc4f920ba,heartbeat,-53
2026-09-20T15:03:08.226924+00:00,AP_01,dev_539021518e086590,heartbeat,-47
2026-09-20T15:03:08.226924+00:00,AP_02,dev_0f96d15f51d22665,heartbeat,-48
2026-09-20T15:03:10.226924+00:00,AP_02,dev_2b173c18c059f8e9,heartbeat,-49
2026-09-20T15:03:11.226924+00:00,AP_03,dev_0ee25486519d39a2,heartbeat,-43
2026-09-20T15:03:12.226924+00:00,AP_01,dev_b5f693bdb2568671,heartbeat,-46
2026-09-20T15:03:12.226924+00:00,AP_01,dev_bc8d7b6196fcef34,heartbeat,-43
2026-09-20T15:03:13.226924+00:00,AP_01,dev_3685007455cd815a,heartbeat,-45
2026-09-20T15:03:15.226924+00:00,AP_02,dev_c4c59c0a301caf36,heartbeat,-53
2026-09-20T15:03:16.226924+00:00,AP_01,dev_ea5204da7be6a53e,heartbeat,-50
2026-09-20T15:03:16.226924+00:00,AP_02,dev_55eaa3daf2dd130b,heartbeat,-50
2026-09-20T15:03:16.226924+00:00,AP_03,dev_a4b93ff51018f4c5,heartbeat,-55
2026-09-20T15:03:17.226924+00:00,AP_02,dev_e880e41ccd1eeaca,heartbeat,-47
2026-09-20T15:03:17.226924+00:00,AP_03,dev_07284014dce9133c,heartbeat,-52
2026-09-20T15:03:18.226924+00:00,AP_02,dev_dac99220a0ad0fd7,heartbeat,-50
2026-09-20T15:03:18.226924+00:00,AP_02,dev_75cf3775171f19ea,heartbeat,-48
2026-09-20T15:03:19.226924+00:00,AP_02,dev_2ef071463abd9f1c,heartbeat,-54
2026-09-20T15:03:21.226924+00:00,AP_02,dev_6e87a995d8ad91a8,heartbeat,-51
2026-09-20T15:03:21.226924+00:00,AP_02,dev_4ac84bb5b54bd1e2,heartbeat,-51
2026-09-20T15:03:21.226924+00:00,AP_02,dev_dba56be9de81f118,heartbeat,-46
2026-09-20T15:03:22.226924+00:00,AP_02,dev_44bae648792c87a3,heartbeat,-57
2026-09-20T15:03:23.226924+00:00,AP_01,dev_c406cbd22ec99ead,heartbeat,-49
2026-09-20T15:03:23.226924+00:00,AP_03,dev_5873e32b3ae4395f,heartbeat,-55
2026-09-20T15:03:24.226924+00:00,AP_01,dev_f50ad49c2c67a14f,heartbeat,-49
2026-09-20T15:03:24.226924+00:00,AP_02,dev_349b3f24156b47ac,heartbeat,-51
2026-09-20T15:03:24.226924+00:00,AP_02,dev_e1493be4e7873c05,heartbeat,-50
2026-09-20T15:03:26.226924+00:00,AP_01,dev_731b3d87b1dc7eee,heartbeat,-54
2026-09-20T15:03:26.226924+00:00,AP_01,dev_605e9822a32bf845,heartbeat,-53
2026-09-20T15:03:26.226924+00:00,AP_01,dev_445ccbc2b30f400c,heartbeat,-50
2026-09-20T15:03:27.226924+00:00,AP_01,dev_101e46487f17e515,heartbeat,-50
2026-09-20T15:03:27.226924+00:00,AP_01,dev_4f88e58b44e4f3e4,heartbeat,-58
2026-09-20T15:03:30.226924+00:00,AP_01,dev_bbc41c619e88bd47,heartbeat,-42
2026-09-20T15:03:30.226924+00:00,AP_01,dev_932d334d0b33c912,heartbeat,-45
2026-09-20T15:03:30.226924+00:00,AP_02,dev_e0901586fe4e5714,heartbeat,-49
2026-09-20T15:03:31.226924+00:00,AP_01,dev_35778c3c4e63c5e5,heartbeat,-51
2026-09-20T15:03:31.226924+00:00,AP_01,dev_daba50eec8c1da46,heartbeat,-51
2026-09-20T15:03:32.226924+00:00,AP_01,dev_62e4eb8d4981d69d,heartbeat,-46
2026-09-20T15:03:32.226924+00:00,AP_02,dev_67afb0bc703b419b,heartbeat,-51
2026-09-20T15:03:33.226924+00:00,AP_01,dev_0f1959ebaf2421f7,heartbeat,-49
2026-09-20T15:03:34.226924+00:00,AP_03,dev_8ab185ddc4f920ba,heartbeat,-56
2026-09-20T15:03:35.226924+00:00,AP_01,dev_069605993fcd64eb,heartbeat,-48
2026-09-20T15:03:35.226924+00:00,AP_02,dev_7dc730154810b19b,heartbeat,-48
2026-09-20T15:03:36.226924+00:00,AP_01,dev_5b04e3a652d6313a,heartbeat,-54
2026-09-20T15:03:36.226924+00:00,AP_01,dev_7a7cb5ddf5eb7995,heartbeat,-53
2026-09-20T15:03:36.226924+00:00,AP_02,dev_1f7d38735c96fb65,heartbeat,-47
2026-09-20T15:03:37.226924+00:00,AP_01,dev_539021518e086590,heartbeat,-49
2026-09-20T15:03:38.226924+00:00,AP_01,dev_8036e1c3a6abbe3c,heartbeat,-53
2026-09-20T15:03:39.226924+00:00,AP_01,dev_b5f693bdb2568671,heartbeat,-52
2026-09-20T15:03:39.226924+00:00,AP_02,dev_0f96d15f51d22665,heartbeat,-51
2026-09-20T15:03:39.226924+00:00,AP_02,dev_89db6f69939e3a2d,heartbeat,-48
2026-09-20T15:03:39.226924+00:00,AP_03,dev_0ee25486519d39a2,heartbeat,-55
2026-09-20T15:03:41.226924+00:00,AP_01,dev_3685007455cd815a,heartbeat,-51
2026-09-20T15:03:41.226924+00:00,AP_01,dev_bc8d7b6196fcef34,heartbeat,-46
2026-09-20T15:03:41.226924+00:00,AP_02,dev_2b173c18c059f8e9,heartbeat,-49
2026-09-20T15:03:46.226924+00:00,AP_02,dev_e880e41ccd1eeaca,heartbeat,-52
2026-09-20T15:03:46.226924+00:00,AP_02,dev_c4c59c0a301caf36,heartbeat,-50
2026-09-20T15:03:46.226924+00:00,AP_03,dev_a4b93ff51018f4c5,heartbeat,-49
2026-09-20T15:03:46.226924+00:00,AP_03,dev_07284014dce9133c,heartbeat,-49
2026-09-20T15:03:47.226924+00:00,AP_02,dev_75cf3775171f19ea,heartbeat,-46
2026-09-20T15:03:48.226924+00:00,AP_01,dev_ea5204da7be6a53e,heartbeat,-49
2026-09-20T15:03:49.226924+00:00,AP_02,dev_55eaa3daf2dd130b,heartbeat,-49
2026-09-20T15:03:49.226924+00:00,AP_02,dev_4ac84bb5b54bd1e2,heartbeat,-50
2026-09-20T15:03:49.226924+00:00,AP_02,dev_dba56be9de81f118,heartbeat,-48
2026-09-20T15:03:49.226924+00:00,AP_02,dev_2ef071463abd9f1c,heartbeat,-46
2026-09-20T15:03:50.226924+00:00,AP_02,dev_dac99220a0ad0fd7,heartbeat,-54
2026-09-20T15:03:50.226924+00:00,AP_02,dev_44bae648792c87a3,heartbeat,-51
2026-09-20T15:03:51.226924+00:00,AP_02,dev_6e87a995d8ad91a8,heartbeat,-52
2026-09-20T15:03:52.226924+00:00,AP_01,dev_f50ad49c2c67a14f,heartbeat,-51
2026-09-20T15:03:53.226924+00:00,AP_01,dev_605e9822a32bf845,heartbeat,-56
2026-09-20T15:03:53.226924+00:00,AP_02,dev_349b3f24156b47ac,heartbeat,-51
2026-09-20T15:03:55.226924+00:00,AP_01,dev_c406cbd22ec99ead,heartbeat,-45
2026-09-20T15:03:56.226924+00:00,AP_01,dev_101e46487f17e515,heartbeat,-53
2026-09-20T15:03:56.226924+00:00,AP_01,dev_4f88e58b44e4f3e4,heartbeat,-45
2026-09-20T15:03:56.226924+00:00,AP_03,dev_5873e32b3ae4395f,heartbeat,-52
2026-09-20T15:03:57.226924+00:00,AP_02,dev_e1493be4e7873c05,heartbeat,-54
2026-09-20T15:03:58.226924+00:00,AP_01,dev_731b3d87b1dc7eee,heartbeat,-46
2026-09-20T15:03:58.226924+00:00,AP_01,dev_445ccbc2b30f400c,heartbeat,-52
2026-09-20T15:03:59.226924+00:00,AP_01,dev_35778c3c4e63c5e5,heartbeat,-47
2026-09-20T15:04:00.226924+00:00,AP_01,dev_bbc41c619e88bd47,heartbeat,-47
2026-09-20T15:04:01.226924+00:00,AP_01,dev_daba50eec8c1da46,heartbeat,-45
2026-09-20T15:04:01.226924+00:00,AP_03,dev_8ab185ddc4f920ba,heartbeat,-50
2026-09-20T15:04:02.226924+00:00,AP_02,dev_67afb0bc703b419b,heartbeat,-47
2026-09-20T15:04:02.226924+00:00,AP_02,dev_e0901586fe4e5714,heartbeat,-53
2026-09-20T15:04:03.226924+00:00,AP_01,dev_932d334d0b33c912,heartbeat,-53
2026-09-20T15:04:04.226924+00:00,AP_01,dev_5b04e3a652d6313a,heartbeat,-43
2026-09-20T15:04:04.226924+00:00,AP_01,dev_62e4eb8d4981d69d,heartbeat,-50
2026-09-20T15:04:04.226924+00:00,AP_01,dev_539021518e086590,heartbeat,-48
2026-09-20T15:04:04.226924+00:00,AP_01,dev_7a7cb5ddf5eb7995,heartbeat,-50
2026-09-20T15:04:04.226924+00:00,AP_02,dev_1f7d38735c96fb65,heartbeat,-47
2026-09-20T15:04:05.226924+00:00,AP_01,dev_8036e1c3a6abbe3c,heartbeat,-54
2026-09-20T15:04:05.226924+00:00,AP_01,dev_0f1959ebaf2421f7,heartbeat,-59
2026-09-20T15:04:05.226924+00:00,AP_02,dev_7dc730154810b19b,heartbeat,-48
2026-09-20T15:04:08.226924+00:00,AP_01,dev_069605993fcd64eb,heartbeat,-47
2026-09-20T15:04:08.226924+00:00,AP_01,dev_3685007455cd815a,heartbeat,-51
2026-09-20T15:04:09.226924+00:00,AP_01,dev_b5f693bdb2568671,heartbeat,-46
2026-09-20T15:04:09.226924+00:00,AP_02,dev_b7385d8d4e7103cd,connect,-75
2026-09-20T15:04:09.226924+00:00,AP_02,dev_2b173c18c059f8e9,heartbeat,-44
2026-09-20T15:04:10.226924+00:00,AP_02,dev_89db6f69939e3a2d,heartbeat,-47
2026-09-20T15:04:11.226924+00:00,AP_01,dev_bc8d7b6196fcef34,heartbeat,-51
2026-09-20T15:04:11.226924+00:00,AP_02,dev_0f96d15f51d22665,heartbeat,-52
2026-09-20T15:04:11.226924+00:00,AP_03,dev_0ee25486519d39a2,heartbeat,-48
2026-09-20T15:04:15.226924+00:00,AP_02,dev_75cf3775171f19ea,heartbeat,-57
2026-09-20T15:04:15.226924+00:00,AP_03,dev_a4b93ff51018f4c5,heartbeat,-56
2026-09-20T15:04:16.226924+00:00,AP_01,dev_ea5204da7be6a53e,heartbeat,-54
2026-09-20T15:04:16.226924+00:00,AP_02,dev_e880e41ccd1eeaca,heartbeat,-50
2026-09-20T15:04:16.226924+00:00,AP_02,dev_c4c59c0a301caf36,heartbeat,-55
2026-09-20T15:04:17.226924+00:00,AP_02,dev_55eaa3daf2dd130b,heartbeat,-53
2026-09-20T15:04:18.226924+00:00,AP_02,dev_dac99220a0ad0fd7,heartbeat,-47
2026-09-20T15:04:18.226924+00:00,AP_02,dev_6e87a995d8ad91a8,heartbeat,-46
2026-09-20T15:04:18.226924+00:00,AP_02,dev_4ac84bb5b54bd1e2,heartbeat,-49
2026-09-20T15:04:18.226924+00:00,AP_02,dev_44bae648792c87a3,heartbeat,-53
2026-09-20T15:04:18.226924+00:00,AP_03,dev_07284014dce9133c,heartbeat,-53
2026-09-20T15:04:21.226924+00:00,AP_02,dev_b7385d8d4e7103cd,disconnect,-81
2026-09-20T15:04:21.226924+00:00,AP_02,dev_dba56be9de81f118,heartbeat,-50
2026-09-20T15:04:22.226924+00:00,AP_02,dev_2ef071463abd9f1c,heartbeat,-50
2026-09-20T15:04:23.226924+00:00,AP_01,dev_f50ad49c2c67a14f,heartbeat,-50
2026-09-20T15:04:23.226924+00:00,AP_03,dev_5873e32b3ae4395f,heartbeat,-51
2026-09-20T15:04:25.226924+00:00,AP_01,dev_731b3d87b1dc7eee,heartbeat,-48
2026-09-20T15:04:25.226924+00:00,AP_01,dev_605e9822a32bf845,heartbeat,-43
2026-09-20T15:04:25.226924+00:00,AP_01,dev_c406cbd22ec99ead,heartbeat,-49
2026-09-20T15:04:25.226924+00:00,AP_01,dev_4f88e58b44e4f3e4,heartbeat,-50
2026-09-20T15:04:25.226924+00:00,AP_02,dev_349b3f24156b47ac,heartbeat,-44
2026-09-20T15:04:26.226924+00:00,AP_01,dev_445ccbc2b30f400c,heartbeat,-47
2026-09-20T15:04:27.226924+00:00,AP_01,dev_bbc41c619e88bd47,heartbeat,-51
2026-09-20T15:04:28.226924+00:00,AP_01,dev_101e46487f17e515,heartbeat,-47
2026-09-20T15:04:28.226924+00:00,AP_01,dev_35778c3c4e63c5e5,heartbeat,-55
2026-09-20T15:04:29.226924+00:00,AP_02,dev_e1493be4e7873c05,heartbeat,-46
2026-09-20T15:04:30.226924+00:00,AP_01,dev_daba50eec8c1da46,heartbeat,-56
2026-09-20T15:04:31.226924+00:00,AP_01,dev_7a7cb5ddf5eb7995,heartbeat,-55
2026-09-20T15:04:31.226924+00:00,AP_03,dev_8ab185ddc4f920ba,heartbeat,-49
2026-09-20T15:04:32.226924+00:00,AP_02,dev_e0901586fe4e5714,heartbeat,-51
2026-09-20T15:04:33.226924+00:00,AP_01,dev_539021518e086590,heartbeat,-54
2026-09-20T15:04:33.226924+00:00,AP_02,dev_7dc730154810b19b,heartbeat,-52
2026-09-20T15:04:34.226924+00:00,AP_02,dev_67afb0bc703b419b,heartbeat,-56
2026-09-20T15:04:35.226924+00:00,AP_01,dev_3685007455cd815a,heartbeat,-47
2026-09-20T15:04:35.226924+00:00,AP_01,dev_8036e1c3a6abbe3c,heartbeat,-43
2026-09-20T15:04:35.226924+00:00,AP_01,dev_0f1959ebaf2421f7,heartbeat,-47
2026-09-20T15:04:36.226924+00:00,AP_01,dev_5b04e3a652d6313a,heartbeat,-47
2026-09-20T15:04:36.226924+00:00,AP_01,dev_932d334d0b33c912,heartbeat,-46
2026-09-20T15:04:37.226924+00:00,AP_01,dev_62e4eb8d4981d69d,heartbeat,-50
2026-09-20T15:04:37.226924+00:00,AP_02,dev_1f7d38735c96fb65,heartbeat,-51
2026-09-20T15:04:38.226924+00:00,AP_01,dev_b5f693bdb2568671,heartbeat,-50
2026-09-20T15:04:39.226924+00:00,AP_01,dev_bc8d7b6196fcef34,heartbeat,-49
2026-09-20T15:04:39.226924+00:00,AP_02,dev_89db6f69939e3a2d,heartbeat,-46
2026-09-20T15:04:40.226924+00:00,AP_02,dev_0f96d15f51d22665,heartbeat,-53
2026-09-20T15:04:41.226924+00:00,AP_01,dev_069605993fcd64eb,heartbeat,-50
2026-09-20T15:04:41.226924+00:00,AP_02,dev_2b173c18c059f8e9,heartbeat,-48
2026-09-20T15:04:42.226924+00:00,AP_03,dev_0ee25486519d39a2,heartbeat,-50
2026-09-20T15:04:43.226924+00:00,AP_02,dev_75cf3775171f19ea,heartbeat,-51
2026-09-20T15:04:45.226924+00:00,AP_01,dev_ea5204da7be6a53e,heartbeat,-47
2026-09-20T15:04:45.226924+00:00,AP_02,dev_e880e41ccd1eeaca,heartbeat,-44
2026-09-20T15:04:46.226924+00:00,AP_02,dev_44bae648792c87a3,heartbeat,-48
2026-09-20T15:04:47.226924+00:00,AP_02,dev_c4c59c0a301caf36,heartbeat,-54
2026-09-20T15:04:47.226924+00:00,AP_03,dev_a4b93ff51018f4c5,heartbeat,-49
2026-09-20T15:04:47.226924+00:00,AP_03,dev_07284014dce9133c,heartbeat,-56
2026-09-20T15:04:48.226924+00:00,AP_02,dev_dac99220a0ad0fd7,heartbeat,-52
2026-09-20T15:04:48.226924+00:00,AP_02,dev_55eaa3daf2dd130b,heartbeat,-52
2026-09-20T15:04:48.226924+00:00,AP_02,dev_4ac84bb5b54bd1e2,heartbeat,-51
2026-09-20T15:04:51.226924+00:00,AP_02,dev_6e87a995d8ad91a8,disconnect,-77
2026-09-20T15:04:51.226924+00:00,AP_02,dev_2ef071463abd9f1c,heartbeat,-45
2026-09-20T15:04:51.226924+00:00,AP_03,dev_5873e32b3ae4395f,heartbeat,-46
2026-09-20T15:04:52.226924+00:00,AP_01,dev_f50ad49c2c67a14f,heartbeat,-50
2026-09-20T15:04:53.226924+00:00,AP_01,dev_6e87a995d8ad91a8,connect,-50
2026-09-20T15:04:53.226924+00:00,AP_01,dev_6e87a995d8ad91a8,heartbeat,-51
2026-09-20T15:04:53.226924+00:00,AP_02,dev_dba56be9de81f118,heartbeat,-55
2026-09-20T15:04:55.226924+00:00,AP_01,dev_731b3d87b1dc7eee,heartbeat,-47
2026-09-20T15:04:56.226924+00:00,AP_01,dev_bbc41c619e88bd47,heartbeat,-47
2026-09-20T15:04:56.226924+00:00,AP_02,dev_349b3f24156b47ac,heartbeat,-49
2026-09-20T15:04:57.226924+00:00,AP_01,dev_35778c3c4e63c5e5,heartbeat,-50
2026-09-20T15:04:57.226924+00:00,AP_01,dev_605e9822a32bf845,heartbeat,-45
2026-09-20T15:04:57.226924+00:00,AP_01,dev_c406cbd22ec99ead,heartbeat,-50
2026-09-20T15:04:58.226924+00:00,AP_01,dev_4f88e58b44e4f3e4,heartbeat,-48
2026-09-20T15:04:58.226924+00:00,AP_02,dev_e1493be4e7873c05,heartbeat,-50
2026-09-20T15:04:59.226924+00:00,AP_01,dev_daba50eec8c1da46,heartbeat,-45
2026-09-20T15:04:59.226924+00:00,AP_01,dev_445ccbc2b30f400c,heartbeat,-53
2026-09-20T15:05:01.226924+00:00,AP_01,dev_101e46487f17e515,heartbeat,-48
2026-09-20T15:05:01.226924+00:00,AP_02,dev_67afb0bc703b419b,heartbeat,-45
2026-09-20T15:05:01.226924+00:00,AP_02,dev_e0901586fe4e5714,heartbeat,-49
2026-09-20T15:05:02.226924+00:00,AP_01,dev_3685007455cd815a,heartbeat,-44
2026-09-20T15:05:02.226924+00:00,AP_01,dev_539021518e086590,heartbeat,-54
2026-09-20T15:05:02.226924+00:00,AP_01,dev_7a7cb5ddf5eb7995,heartbeat,-52
2026-09-20T15:05:02.226924+00:00,AP_03,dev_8ab185ddc4f920ba,heartbeat,-52
2026-09-20T15:05:04.226924+00:00,AP_01,dev_932d334d0b33c912,heartbeat,-48
2026-09-20T15:05:04.226924+00:00,AP_01,dev_62e4eb8d4981d69d,heartbeat,-52
2026-09-20T15:05:04.226924+00:00,AP_02,dev_1f7d38735c96fb65,heartbeat,-50
2026-09-20T15:05:05.226924+00:00,AP_01,dev_8036e1c3a6abbe3c,heartbeat,-50
2026-09-20T15:05:05.226924+00:00,AP_01,dev_b5f693bdb2568671,heartbeat,-47
2026-09-20T15:05:05.226924+00:00,AP_02,dev_7dc730154810b19b,heartbeat,-51
2026-09-20T15:05:06.226924+00:00,AP_01,dev_5b04e3a652d6313a,heartbeat,-51
2026-09-20T15:05:06.226924+00:00,AP_01,dev_bc8d7b6196fcef34,heartbeat,-45
2026-09-20T15:05:07.226924+00:00,AP_01,dev_0f1959ebaf2421f7,heartbeat,-50
2026-09-20T15:05:10.226924+00:00,AP_02,dev_0f96d15f51d22665,heartbeat,-44
2026-09-20T15:05:10.226924+00:00,AP_02,dev_2b173c18c059f8e9,heartbeat,-54
2026-09-20T15:05:10.226924+00:00,AP_02,dev_89db6f69939e3a2d,heartbeat,-51
2026-09-20T15:05:13.226924+00:00,AP_01,dev_069605993fcd64eb,heartbeat,-47
2026-09-20T15:05:13.226924+00:00,AP_03,dev_0ee25486519d39a2,heartbeat,-47
2026-09-20T15:05:14.226924+00:00,AP_02,dev_75cf3775171f19ea,heartbeat,-50
2026-09-20T15:05:14.226924+00:00,AP_02,dev_c4c59c0a301caf36,heartbeat,-55
2026-09-20T15:05:15.226924+00:00,AP_01,dev_ea5204da7be6a53e,heartbeat,-55
2026-09-20T15:05:16.226924+00:00,AP_02,dev_4ac84bb5b54bd1e2,heartbeat,-54
2026-09-20T15:05:17.226924+00:00,AP_02,dev_e880e41ccd1eeaca,heartbeat,-52
2026-09-20T15:05:18.226924+00:00,AP_02,dev_2ef071463abd9f1c,heartbeat,-44
2026-09-20T15:05:18.226924+00:00,AP_03,dev_a4b93ff51018f4c5,heartbeat,-50
2026-09-20T15:05:18.226924+00:00,AP_03,dev_07284014dce9133c,heartbeat,-50
2026-09-20T15:05:19.226924+00:00,AP_02,dev_44bae648792c87a3,heartbeat,-53
2026-09-20T15:05:20.226924+00:00,AP_03,dev_5873e32b3ae4395f,heartbeat,-50
2026-09-20T15:05:21.226924+00:00,AP_02,dev_dac99220a0ad0fd7,heartbeat,-54
2026-09-20T15:05:21.226924+00:00,AP_02,dev_55eaa3daf2dd130b,heartbeat,-46
2026-09-20T15:05:22.226924+00:00,AP_01,dev_731b3d87b1dc7eee,heartbeat,-54
2026-09-20T15:05:22.226924+00:00,AP_02,dev_dba56be9de81f118,heartbeat,-49
2026-09-20T15:05:24.226924+00:00,AP_01,dev_6e87a995d8ad91a8,heartbeat,-51
2026-09-20T15:05:25.226924+00:00,AP_01,dev_f50ad49c2c67a14f,heartbeat,-53
2026-09-20T15:05:25.226924+00:00,AP_01,dev_605e9822a32bf845,heartbeat,-52
2026-09-20T15:05:26.226924+00:00,AP_01,dev_35778c3c4e63c5e5,heartbeat,-51
2026-09-20T15:05:27.226924+00:00,AP_02,dev_349b3f24156b47ac,heartbeat,-50
2026-09-20T15:05:28.226924+00:00,AP_01,dev_4f88e58b44e4f3e4,heartbeat,-53
2026-09-20T15:05:28.226924+00:00,AP_02,dev_e0901586fe4e5714,heartbeat,-48
2026-09-20T15:05:29.226924+00:00,AP_01,dev_daba50eec8c1da46,heartbeat,-47
2026-09-20T15:05:29.226924+00:00,AP_01,dev_bbc41c619e88bd47,heartbeat,-48
2026-09-20T15:05:30.226924+00:00,AP_01,dev_c406cbd22ec99ead,heartbeat,-43
2026-09-20T15:05:30.226924+00:00,AP_02,dev_e1493be4e7873c05,heartbeat,-51
2026-09-20T15:05:32.226924+00:00,AP_01,dev_8036e1c3a6abbe3c,heartbeat,-43
2026-09-20T15:05:32.226924+00:00,AP_01,dev_445ccbc2b30f400c,heartbeat,-53
2026-09-20T15:05:32.226924+00:00,AP_01,dev_539021518e086590,heartbeat,-56
2026-09-20T15:05:32.226924+00:00,AP_01,dev_7a7cb5ddf5eb7995,heartbeat,-48
2026-09-20T15:05:33.226924+00:00,AP_01,dev_3685007455cd815a,heartbeat,-54
2026-09-20T15:05:33.226924+00:00,AP_01,dev_932d334d0b33c912,heartbeat,-52
2026-09-20T15:05:33.226924+00:00,AP_02,dev_67afb0bc703b419b,heartbeat,-48
2026-09-20T15:05:33.226924+00:00,AP_03,dev_8ab185ddc4f920ba,heartbeat,-55
2026-09-20T15:05:34.226924+00:00,AP_01,dev_101e46487f17e515,heartbeat,-47
2026-09-20T15:05:34.226924+00:00,AP_01,dev_b5f693bdb2568671,heartbeat,-52
2026-09-20T15:05:35.226924+00:00,AP_01,dev_62e4eb8d4981d69d,heartbeat,-55
2026-09-20T15:05:36.226924+00:00,AP_01,dev_0f1959ebaf2421f7,heartbeat,-51
2026-09-20T15:05:36.226924+00:00,AP_02,dev_1f7d38735c96fb65,heartbeat,-48
2026-09-20T15:05:37.226924+00:00,AP_01,dev_bc8d7b6196fcef34,heartbeat,-46
2026-09-20T15:05:37.226924+00:00,AP_02,dev_7dc730154810b19b,heartbeat,-48
2026-09-20T15:05:38.226924+00:00,AP_02,dev_2b173c18c059f8e9,heartbeat,-49
2026-09-20T15:05:39.226924+00:00,AP_01,dev_5b04e3a652d6313a,heartbeat,-49
2026-09-20T15:05:41.226924+00:00,AP_02,dev_0f96d15f51d22665,heartbeat,-54
2026-09-20T15:05:41.226924+00:00,AP_02,dev_89db6f69939e3a2d,heartbeat,-52
2026-09-20T15:05:42.226924+00:00,AP_02,dev_c4c59c0a301caf36,heartbeat,-48
2026-09-20T15:05:43.226924+00:00,AP_02,dev_4ac84bb5b54bd1e2,heartbeat,-48
2026-09-20T15:05:43.226924+00:00,AP_03,dev_0ee25486519d39a2,heartbeat,-44
2026-09-20T15:05:45.226924+00:00,AP_01,dev_069605993fcd64eb,heartbeat,-53
2026-09-20T15:05:45.226924+00:00,AP_02,dev_75cf3775171f19ea,heartbeat,-53
2026-09-20T15:05:48.226924+00:00,AP_01,dev_ea5204da7be6a53e,heartbeat,-51
2026-09-20T15:05:48.226924+00:00,AP_01,dev_d72019f7594e9745,connect,-83
2026-09-20T15:05:48.226924+00:00,AP_02,dev_44bae648792c87a3,heartbeat,-47
2026-09-20T15:05:48.226924+00:00,AP_03,dev_07284014dce9133c,heartbeat,-50
2026-09-20T15:05:49.226924+00:00,AP_02,dev_2ef071463abd9f1c,heartbeat,-51
2026-09-20T15:05:50.226924+00:00,AP_02,dev_e880e41ccd1eeaca,heartbeat,-47
2026-09-20T15:05:50.226924+00:00,AP_03,dev_a4b93ff51018f4c5,heartbeat,-50
2026-09-20T15:05:51.226924+00:00,AP_01,dev_731b3d87b1dc7eee,heartbeat,-50
2026-09-20T15:05:51.226924+00:00,AP_02,dev_55eaa3daf2dd130b,heartbeat,-51
2026-09-20T15:05:51.226924+00:00,AP_02,dev_dba56be9de81f118,heartbeat,-48
2026-09-20T15:05:51.226924+00:00,AP_03,dev_5873e32b3ae4395f,heartbeat,-55
2026-09-20T15:05:54.226924+00:00,AP_01,dev_d72019f7594e9745,disconnect,-74
2026-09-20T15:05:54.226924+00:00,AP_02,dev_dac99220a0ad0fd7,heartbeat,-49
2026-09-20T15:05:54.226924+00:00,AP_01,dev_6e87a995d8ad91a8,heartbeat,-51
2026-09-20T15:05:54.226924+00:00,AP_02,dev_349b3f24156b47ac,heartbeat,-48
2026-09-20T15:05:55.226924+00:00,AP_01,dev_35778c3c4e63c5e5,heartbeat,-54
2026-09-20T15:05:56.226924+00:00,AP_01,dev_f50ad49c2c67a14f,heartbeat,-45
2026-09-20T15:05:56.226924+00:00,AP_01,dev_daba50eec8c1da46,heartbeat,-50
2026-09-20T15:05:56.226924+00:00,AP_01,dev_605e9822a32bf845,heartbeat,-58
2026-09-20T15:05:56.226924+00:00,AP_01,dev_4f88e58b44e4f3e4,heartbeat,-49
2026-09-20T15:05:57.226924+00:00,AP_01,dev_bbc41c619e88bd47,heartbeat,-50
2026-09-20T15:05:58.226924+00:00,AP_02,dev_e0901586fe4e5714,heartbeat,-51
2026-09-20T15:06:00.226924+00:00,AP_01,dev_932d334d0b33c912,heartbeat,-52
2026-09-20T15:06:00.226924+00:00,AP_02,dev_e1493be4e7873c05,heartbeat,-47
2026-09-20T15:06:01.226924+00:00,AP_01,dev_b5f693bdb2568671,heartbeat,-50
2026-09-20T15:06:01.226924+00:00,AP_01,dev_539021518e086590,heartbeat,-48
2026-09-20T15:06:02.226924+00:00,AP_01,dev_8036e1c3a6abbe3c,heartbeat,-49
2026-09-20T15:06:02.226924+00:00,AP_01,dev_62e4eb8d4981d69d,heartbeat,-55
2026-09-20T15:06:02.226924+00:00,AP_02,dev_67afb0bc703b419b,heartbeat,-49
2026-09-20T15:06:03.226924+00:00,AP_01,dev_c406cbd22ec99ead,heartbeat,-52
2026-09-20T15:06:04.226924+00:00,AP_01,dev_bc8d7b6196fcef34,heartbeat,-49
2026-09-20T15:06:04.226924+00:00,AP_03,dev_8ab185ddc4f920ba,heartbeat,-50
2026-09-20T15:06:05.226924+00:00,AP_01,dev_445ccbc2b30f400c,heartbeat,-55
2026-09-20T15:06:05.226924+00:00,AP_01,dev_7a7cb5ddf5eb7995,heartbeat,-46
2026-09-20T15:06:06.226924+00:00,AP_01,dev_101e46487f17e515,heartbeat,-47
2026-09-20T15:06:06.226924+00:00,AP_01,dev_3685007455cd815a,heartbeat,-48
2026-09-20T15:06:08.226924+00:00,AP_02,dev_1f7d38735c96fb65,heartbeat,-51
2026-09-20T15:06:09.226924+00:00,AP_01,dev_0f1959ebaf2421f7,heartbeat,-46
2026-09-20T15:06:10.226924+00:00,AP_02,dev_7dc730154810b19b,heartbeat,-48
2026-09-20T15:06:10.226924+00:00,AP_02,dev_0f96d15f51d22665,heartbeat,-53
2026-09-20T15:06:10.226924+00:00,AP_02,dev_4ac84bb5b54bd1e2,heartbeat,-49
2026-09-20T15:06:10.226924+00:00,AP_02,dev_89db6f69939e3a2d,heartbeat,-55
2026-09-20T15:06:11.226924+00:00,AP_02,dev_c4c59c0a301caf36,heartbeat,-47
2026-09-20T15:06:11.226924+00:00,AP_02,dev_2b173c18c059f8e9,heartbeat,-44
2026-09-20T15:06:12.226924+00:00,AP_01,dev_5b04e3a652d6313a,heartbeat,-43
2026-09-20T15:06:14.226924+00:00,AP_03,dev_0ee25486519d39a2,heartbeat,-56
2026-09-20T15:06:15.226924+00:00,AP_01,dev_069605993fcd64eb,heartbeat,-48
2026-09-20T15:06:16.226924+00:00,AP_02,dev_75cf3775171f19ea,heartbeat,-47
2026-09-20T15:06:17.226924+00:00,AP_03,dev_07284014dce9133c,heartbeat,-54
2026-09-20T15:06:18.226924+00:00,AP_01,dev_731b3d87b1dc7eee,heartbeat,-42
2026-09-20T15:06:18.226924+00:00,AP_02,dev_dba56be9de81f118,heartbeat,-51
2026-09-20T15:06:19.226924+00:00,AP_02,dev_e880e41ccd1eeaca,heartbeat,-48
2026-09-20T15:06:20.226924+00:00,AP_02,dev_44bae648792c87a3,heartbeat,-50
2026-09-20T15:06:21.226924+00:00,AP_01,dev_ea5204da7be6a53e,heartbeat,-53
2026-09-20T15:06:21.226924+00:00,AP_02,dev_2ef071463abd9f1c,heartbeat,-51
2026-09-20T15:06:22.226924+00:00,AP_01,dev_6e87a995d8ad91a8,heartbeat,-46
2026-09-20T15:06:22.226924+00:00,AP_02,dev_349b3f24156b47ac,heartbeat,-47
2026-09-20T15:06:23.226924+00:00,AP_02,dev_55eaa3daf2dd130b,heartbeat,-47
2026-09-20T15:06:23.226924+00:00,AP_03,dev_a4b93ff51018f4c5,heartbeat,-51
2026-09-20T15:06:24.226924+00:00,AP_02,dev_dac99220a0ad0fd7,heartbeat,-57
2026-09-20T15:06:24.226924+00:00,AP_03,dev_5873e32b3ae4395f,heartbeat,-51
2026-09-20T15:06:25.226924+00:00,AP_01,dev_bbc41c619e88bd47,heartbeat,-46
2026-09-20T15:06:26.226924+00:00,AP_01,dev_35778c3c4e63c5e5,heartbeat,-52
2026-09-20T15:06:26.226924+00:00,AP_01,dev_4f88e58b44e4f3e4,heartbeat,-46
2026-09-20T15:06:27.226924+00:00,AP_01,dev_daba50eec8c1da46,heartbeat,-45
2026-09-20T15:06:27.226924+00:00,AP_01,dev_605e9822a32bf845,heartbeat,-48
2026-09-20T15:06:27.226924+00:00,AP_02,dev_e1493be4e7873c05,heartbeat,-40
2026-09-20T15:06:28.226924+00:00,AP_01,dev_f50ad49c2c67a14f,heartbeat,-40
2026-09-20T15:06:29.226924+00:00,AP_01,dev_8036e1c3a6abbe3c,heartbeat,-53
2026-09-20T15:06:29.226924+00:00,AP_01,dev_62e4eb8d4981d69d,heartbeat,-51
2026-09-20T15:06:29.226924+00:00,AP_02,dev_67afb0bc703b419b,heartbeat,-51
2026-09-20T15:06:30.226924+00:00,AP_02,dev_e0901586fe4e5714,heartbeat,-47
2026-09-20T15:06:31.226924+00:00,AP_01,dev_c406cbd22ec99ead,heartbeat,-51
2026-09-20T15:06:31.226924+00:00,AP_01,dev_bc8d7b6196fcef34,heartbeat,-55
2026-09-20T15:06:33.226924+00:00,AP_01,dev_b5f693bdb2568671,heartbeat,-49
2026-09-20T15:06:33.226924+00:00,AP_01,dev_932d334d0b33c912,heartbeat,-52
2026-09-20T15:06:33.226924+00:00,AP_01,dev_539021518e086590,heartbeat,-51
2026-09-20T15:06:35.226924+00:00,AP_03,dev_8ab185ddc4f920ba,heartbeat,-52
2026-09-20T15:06:36.226924+00:00,AP_01,dev_445ccbc2b30f400c,heartbeat,-44
2026-09-20T15:06:36.226924+00:00,AP_02,dev_1f7d38735c96fb65,heartbeat,-49
2026-09-20T15:06:37.226924+00:00,AP_01,dev_3685007455cd815a,heartbeat,-54
2026-09-20T15:06:37.226924+00:00,AP_01,dev_7a7cb5ddf5eb7995,heartbeat,-45
2026-09-20T15:06:38.226924+00:00,AP_01,dev_101e46487f17e515,heartbeat,-48
2026-09-20T15:06:38.226924+00:00,AP_02,dev_0f96d15f51d22665,heartbeat,-45
2026-09-20T15:06:39.226924+00:00,AP_02,dev_c4c59c0a301caf36,heartbeat,-47
2026-09-20T15:06:40.226924+00:00,AP_01,dev_0f1959ebaf2421f7,heartbeat,-46
2026-09-20T15:06:40.226924+00:00,AP_02,dev_7dc730154810b19b,heartbeat,-46
2026-09-20T15:06:40.226924+00:00,AP_02,dev_89db6f69939e3a2d,heartbeat,-48
2026-09-20T15:06:41.226924+00:00,AP_01,dev_5b04e3a652d6313a,heartbeat,-56
2026-09-20T15:06:42.226924+00:00,AP_02,dev_4ac84bb5b54bd1e2,heartbeat,-54
2026-09-20T15:06:42.226924+00:00,AP_03,dev_0ee25486519d39a2,heartbeat,-52
2026-09-20T15:06:43.226924+00:00,AP_01,dev_069605993fcd64eb,heartbeat,-53
2026-09-20T15:06:43.226924+00:00,AP_02,dev_2b173c18c059f8e9,heartbeat,-41
2026-09-20T15:06:46.226924+00:00,AP_01,dev_731b3d87b1dc7eee,heartbeat,-53
2026-09-20T15:06:46.226924+00:00,AP_03,dev_07284014dce9133c,heartbeat,-49
2026-09-20T15:06:48.226924+00:00,AP_02,dev_75cf3775171f19ea,heartbeat,-49
2026-09-20T15:06:50.226924+00:00,AP_02,dev_44bae648792c87a3,heartbeat,-51
2026-09-20T15:06:51.226924+00:00,AP_02,dev_e880e41ccd1eeaca,heartbeat,-50
2026-09-20T15:06:51.226924+00:00,AP_02,dev_349b3f24156b47ac,heartbeat,-51
2026-09-20T15:06:51.226924+00:00,AP_02,dev_dba56be9de81f118,heartbeat,-53
2026-09-20T15:06:53.226924+00:00,AP_01,dev_35778c3c4e63c5e5,heartbeat,-49
2026-09-20T15:06:53.226924+00:00,AP_01,dev_ea5204da7be6a53e,heartbeat,-49
2026-09-20T15:06:53.226924+00:00,AP_03,dev_a4b93ff51018f4c5,heartbeat,-48
2026-09-20T15:06:54.226924+00:00,AP_02,dev_2ef071463abd9f1c,heartbeat,-51
2026-09-20T15:06:55.226924+00:00,AP_01,dev_f50ad49c2c67a14f,heartbeat,-52
2026-09-20T15:06:55.226924+00:00,AP_02,dev_dac99220a0ad0fd7,heartbeat,-55
2026-09-20T15:06:55.226924+00:00,AP_01,dev_4f88e58b44e4f3e4,heartbeat,-51
2026-09-20T15:06:55.226924+00:00,AP_01,dev_6e87a995d8ad91a8,heartbeat,-51
2026-09-20T15:06:55.226924+00:00,AP_02,dev_55eaa3daf2dd130b,heartbeat,-47
2026-09-20T15:06:55.226924+00:00,AP_02,dev_e1493be4e7873c05,heartbeat,-55
2026-09-20T15:06:55.226924+00:00,AP_03,dev_5873e32b3ae4395f,heartbeat,-47
2026-09-20T15:06:56.226924+00:00,AP_01,dev_bbc41c619e88bd47,heartbeat,-47
2026-09-20T15:06:57.226924+00:00,AP_01,dev_daba50eec8c1da46,heartbeat,-48
2026-09-20T15:06:57.226924+00:00,AP_01,dev_8036e1c3a6abbe3c,heartbeat,-52
2026-09-20T15:06:58.226924+00:00,AP_01,dev_605e9822a32bf845,heartbeat,-50
2026-09-20T15:07:01.226924+00:00,AP_01,dev_bc8d7b6196fcef34,heartbeat,-49
2026-09-20T15:07:01.226924+00:00,AP_02,dev_e0901586fe4e5714,heartbeat,-51
2026-09-20T15:07:02.226924+00:00,AP_01,dev_62e4eb8d4981d69d,heartbeat,-48
2026-09-20T15:07:02.226924+00:00,AP_01,dev_539021518e086590,heartbeat,-46
2026-09-20T15:07:02.226924+00:00,AP_02,dev_67afb0bc703b419b,heartbeat,-50
2026-09-20T15:07:02.226924+00:00,AP_03,dev_8ab185ddc4f920ba,heartbeat,-51
2026-09-20T15:07:04.226924+00:00,AP_01,dev_3685007455cd815a,heartbeat,-46
2026-09-20T15:07:04.226924+00:00,AP_01,dev_c406cbd22ec99ead,heartbeat,-49
2026-09-20T15:07:06.226924+00:00,AP_01,dev_b5f693bdb2568671,heartbeat,-45
2026-09-20T15:07:06.226924+00:00,AP_01,dev_932d334d0b33c912,heartbeat,-54
2026-09-20T15:07:06.226924+00:00,AP_02,dev_1f7d38735c96fb65,heartbeat,-47
2026-09-20T15:07:08.226924+00:00,AP_01,dev_445ccbc2b30f400c,heartbeat,-54
2026-09-20T15:07:08.226924+00:00,AP_02,dev_c4c59c0a301caf36,heartbeat,-45
2026-09-20T15:07:09.226924+00:00,AP_01,dev_7a7cb5ddf5eb7995,heartbeat,-44
2026-09-20T15:07:09.226924+00:00,AP_02,dev_7dc730154810b19b,heartbeat,-53
2026-09-20T15:07:09.226924+00:00,AP_03,dev_0ee25486519d39a2,heartbeat,-56
2026-09-20T15:07:10.226924+00:00,AP_01,dev_101e46487f17e515,heartbeat,-54
2026-09-20T15:07:10.226924+00:00,AP_01,dev_069605993fcd64eb,heartbeat,-49
2026-09-20T15:07:10.226924+00:00,AP_02,dev_0f96d15f51d22665,heartbeat,-47
2026-09-20T15:07:10.226924+00:00,AP_02,dev_2b173c18c059f8e9,heartbeat,-46
2026-09-20T15:07:11.226924+00:00,AP_01,dev_0f1959ebaf2421f7,heartbeat,-45
2026-09-20T15:07:11.226924+00:00,AP_02,dev_4ac84bb5b54bd1e2,heartbeat,-49
2026-09-20T15:07:13.226924+00:00,AP_01,dev_5b04e3a652d6313a,heartbeat,-51
2026-09-20T15:07:13.226924+00:00,AP_02,dev_89db6f69939e3a2d,heartbeat,-55
2026-09-20T15:07:14.226924+00:00,AP_01,dev_731b3d87b1dc7eee,heartbeat,-45
2026-09-20T15:07:14.226924+00:00,AP_03,dev_07284014dce9133c,heartbeat,-49
2026-09-20T15:07:17.226924+00:00,AP_02,dev_44bae648792c87a3,heartbeat,-53
2026-09-20T15:07:19.226924+00:00,AP_02,dev_e880e41ccd1eeaca,heartbeat,-52
2026-09-20T15:07:20.226924+00:00,AP_02,dev_75cf3775171f19ea,heartbeat,-51
2026-09-20T15:07:22.226924+00:00,AP_01,dev_f50ad49c2c67a14f,heartbeat,-43
2026-09-20T15:07:22.226924+00:00,AP_01,dev_6e87a995d8ad91a8,heartbeat,-45
2026-09-20T15:07:22.226924+00:00,AP_02,dev_349b3f24156b47ac,heartbeat,-56
2026-09-20T15:07:22.226924+00:00,AP_03,dev_a4b93ff51018f4c5,heartbeat,-50
2026-09-20T15:07:23.226924+00:00,AP_02,dev_dac99220a0ad0fd7,heartbeat,-51
2026-09-20T15:07:23.226924+00:00,AP_02,dev_55eaa3daf2dd130b,heartbeat,-51
2026-09-20T15:07:23.226924+00:00,AP_02,dev_e1493be4e7873c05,heartbeat,-55
2026-09-20T15:07:24.226924+00:00,AP_02,dev_dba56be9de81f118,heartbeat,-48
2026-09-20T15:07:25.226924+00:00,AP_01,dev_605e9822a32bf845,heartbeat,-46
2026-09-20T15:07:25.226924+00:00,AP_01,dev_bbc41c619e88bd47,heartbeat,-48
2026-09-20T15:07:25.226924+00:00,AP_01,dev_ea5204da7be6a53e,heartbeat,-48
2026-09-20T15:07:26.226924+00:00,AP_01,dev_35778c3c4e63c5e5,heartbeat,-48
2026-09-20T15:07:27.226924+00:00,AP_01,dev_8036e1c3a6abbe3c,heartbeat,-53
2026-09-20T15:07:27.226924+00:00,AP_02,dev_2ef071463abd9f1c,heartbeat,-50
2026-09-20T15:07:27.226924+00:00,AP_03,dev_5873e32b3ae4395f,heartbeat,-52
2026-09-20T15:07:28.226924+00:00,AP_01,dev_4f88e58b44e4f3e4,heartbeat,-50
2026-09-20T15:07:29.226924+00:00,AP_01,dev_daba50eec8c1da46,heartbeat,-55
2026-09-20T15:07:30.226924+00:00,AP_01,dev_bc8d7b6196fcef34,heartbeat,-47
2026-09-20T15:07:30.226924+00:00,AP_02,dev_e0901586fe4e5714,heartbeat,-50
2026-09-20T15:07:30.226924+00:00,AP_03,dev_8ab185ddc4f920ba,heartbeat,-51
2026-09-20T15:07:32.226924+00:00,AP_01,dev_62e4eb8d4981d69d,heartbeat,-42
2026-09-20T15:07:33.226924+00:00,AP_01,dev_3685007455cd815a,heartbeat,-57
2026-09-20T15:07:33.226924+00:00,AP_01,dev_539021518e086590,heartbeat,-41
2026-09-20T15:07:34.226924+00:00,AP_01,dev_b5f693bdb2568671,heartbeat,-45
2026-09-20T15:07:34.226924+00:00,AP_02,dev_67afb0bc703b419b,heartbeat,-52
2026-09-20T15:07:36.226924+00:00,AP_02,dev_7dc730154810b19b,heartbeat,-42
2026-09-20T15:07:37.226924+00:00,AP_01,dev_c406cbd22ec99ead,heartbeat,-51
2026-09-20T15:07:38.226924+00:00,AP_02,dev_1f7d38735c96fb65,heartbeat,-49
2026-09-20T15:07:39.226924+00:00,AP_01,dev_445ccbc2b30f400c,heartbeat,-44
2026-09-20T15:07:39.226924+00:00,AP_01,dev_932d334d0b33c912,heartbeat,-51
2026-09-20T15:07:39.226924+00:00,AP_02,dev_4ac84bb5b54bd1e2,heartbeat,-51
2026-09-20T15:07:39.226924+00:00,AP_02,dev_c4c59c0a301caf36,heartbeat,-54
2026-09-20T15:07:40.226924+00:00,AP_01,dev_101e46487f17e515,heartbeat,-47
2026-09-20T15:07:40.226924+00:00,AP_01,dev_5b04e3a652d6313a,heartbeat,-49
2026-09-20T15:07:40.226924+00:00,AP_03,dev_0ee25486519d39a2,heartbeat,-47
2026-09-20T15:07:42.226924+00:00,AP_01,dev_7a7cb5ddf5eb7995,heartbeat,-52
2026-09-20T15:07:42.226924+00:00,AP_02,dev_2b173c18c059f8e9,heartbeat,-51
2026-09-20T15:07:42.226924+00:00,AP_02,dev_89db6f69939e3a2d,heartbeat,-50
2026-09-20T15:07:43.226924+00:00,AP_01,dev_069605993fcd64eb,heartbeat,-50
2026-09-20T15:07:43.226924+00:00,AP_01,dev_0f1959ebaf2421f7,heartbeat,-44
2026-09-20T15:07:43.226924+00:00,AP_02,dev_0f96d15f51d22665,heartbeat,-49
2026-09-20T15:07:45.226924+00:00,AP_03,dev_07284014dce9133c,heartbeat,-50
2026-09-20T15:07:46.226924+00:00,AP_01,dev_731b3d87b1dc7eee,heartbeat,-49
2026-09-20T15:07:49.226924+00:00,AP_02,dev_e880e41ccd1eeaca,heartbeat,-54
2026-09-20T15:07:49.226924+00:00,AP_01,dev_6e87a995d8ad91a8,heartbeat,-47
2026-09-20T15:07:49.226924+00:00,AP_02,dev_44bae648792c87a3,heartbeat,-46
2026-09-20T15:07:51.226924+00:00,AP_02,dev_dac99220a0ad0fd7,heartbeat,-50
2026-09-20T15:07:51.226924+00:00,AP_02,dev_75cf3775171f19ea,heartbeat,-57
2026-09-20T15:07:51.226924+00:00,AP_02,dev_349b3f24156b47ac,heartbeat,-44
2026-09-20T15:07:53.226924+00:00,AP_01,dev_f50ad49c2c67a14f,heartbeat,-46
2026-09-20T15:07:53.226924+00:00,AP_03,dev_a4b93ff51018f4c5,heartbeat,-52
2026-09-20T15:07:54.226924+00:00,AP_02,dev_dba56be9de81f118,heartbeat,-47
2026-09-20T15:07:54.226924+00:00,AP_02,dev_e1493be4e7873c05,heartbeat,-53
2026-09-20T15:07:55.226924+00:00,AP_02,dev_55eaa3daf2dd130b,heartbeat,-47
2026-09-20T15:07:56.226924+00:00,AP_01,dev_8036e1c3a6abbe3c,heartbeat,-50
2026-09-20T15:07:56.226924+00:00,AP_03,dev_5873e32b3ae4395f,heartbeat,-50
2026-09-20T15:07:57.226924+00:00,AP_01,dev_daba50eec8c1da46,heartbeat,-49
2026-09-20T15:07:57.226924+00:00,AP_01,dev_605e9822a32bf845,heartbeat,-48
2026-09-20T15:07:57.226924+00:00,AP_01,dev_bbc41c619e88bd47,heartbeat,-48
2026-09-20T15:07:57.226924+00:00,AP_01,dev_ea5204da7be6a53e,heartbeat,-48
2026-09-20T15:07:58.226924+00:00,AP_01,dev_35778c3c4e63c5e5,heartbeat,-42
2026-09-20T15:07:58.226924+00:00,AP_02,dev_e0901586fe4e5714,heartbeat,-49
2026-09-20T15:07:59.226924+00:00,AP_01,dev_bc8d7b6196fcef34,heartbeat,-48
2026-09-20T15:07:59.226924+00:00,AP_02,dev_2ef071463abd9f1c,heartbeat,-45
2026-09-20T15:08:00.226924+00:00,AP_01,dev_62e4eb8d4981d69d,heartbeat,-46
2026-09-20T15:08:00.226924+00:00,AP_01,dev_4f88e58b44e4f3e4,heartbeat,-50
2026-09-20T15:08:01.226924+00:00,AP_01,dev_3685007455cd815a,heartbeat,-53
2026-09-20T15:08:01.226924+00:00,AP_01,dev_b5f693bdb2568671,heartbeat,-53
2026-09-20T15:08:01.226924+00:00,AP_01,dev_539021518e086590,heartbeat,-41
2026-09-20T15:08:02.226924+00:00,AP_02,dev_67afb0bc703b419b,heartbeat,-48
2026-09-20T15:08:03.226924+00:00,AP_03,dev_8ab185ddc4f920ba,heartbeat,-49
2026-09-20T15:08:06.226924+00:00,AP_01,dev_c406cbd22ec99ead,heartbeat,-50
2026-09-20T15:08:06.226924+00:00,AP_01,dev_932d334d0b33c912,heartbeat,-47
2026-09-20T15:08:07.226924+00:00,AP_01,dev_445ccbc2b30f400c,heartbeat,-46
2026-09-20T15:08:07.226924+00:00,AP_02,dev_c4c59c0a301caf36,heartbeat,-52
2026-09-20T15:08:08.226924+00:00,AP_02,dev_4ac84bb5b54bd1e2,heartbeat,-51
2026-09-20T15:08:08.226924+00:00,AP_02,dev_1f7d38735c96fb65,heartbeat,-47
2026-09-20T15:08:08.226924+00:00,AP_03,dev_0ee25486519d39a2,heartbeat,-46
2026-09-20T15:08:09.226924+00:00,AP_01,dev_2c93e4a397a9456c,connect,-75
2026-09-20T15:08:09.226924+00:00,AP_01,dev_101e46487f17e515,heartbeat,-49
2026-09-20T15:08:09.226924+00:00,AP_02,dev_7dc730154810b19b,heartbeat,-50
2026-09-20T15:08:11.226924+00:00,AP_01,dev_069605993fcd64eb,heartbeat,-51
2026-09-20T15:08:11.226924+00:00,AP_01,dev_5b04e3a652d6313a,heartbeat,-50
2026-09-20T15:08:12.226924+00:00,AP_02,dev_89db6f69939e3a2d,heartbeat,-49
2026-09-20T15:08:13.226924+00:00,AP_02,dev_0f96d15f51d22665,heartbeat,-48
2026-09-20T15:08:13.226924+00:00,AP_02,dev_2b173c18c059f8e9,heartbeat,-53
2026-09-20T15:08:14.226924+00:00,AP_01,dev_7a7cb5ddf5eb7995,heartbeat,-46
2026-09-20T15:08:14.226924+00:00,AP_03,dev_07284014dce9133c,heartbeat,-50
2026-09-20T15:08:15.226924+00:00,AP_01,dev_731b3d87b1dc7eee,heartbeat,-49
2026-09-20T15:08:15.226924+00:00,AP_01,dev_0f1959ebaf2421f7,heartbeat,-46
2026-09-20T15:08:17.226924+00:00,AP_01,dev_6e87a995d8ad91a8,heartbeat,-50
2026-09-20T15:08:18.226924+00:00,AP_02,dev_e880e41ccd1eeaca,heartbeat,-47
2026-09-20T15:08:18.226924+00:00,AP_02,dev_349b3f24156b47ac,heartbeat,-54
2026-09-20T15:08:19.226924+00:00,AP_02,dev_dac99220a0ad0fd7,heartbeat,-52
2026-09-20T15:08:20.226924+00:00,AP_01,dev_2c93e4a397a9456c,disconnect,-73
2026-09-20T15:08:20.226924+00:00,AP_02,dev_44bae648792c87a3,heartbeat,-48
2026-09-20T15:08:22.226924+00:00,AP_03,dev_a4b93ff51018f4c5,heartbeat,-53
2026-09-20T15:08:23.226924+00:00,AP_02,dev_55eaa3daf2dd130b,heartbeat,-46
2026-09-20T15:08:23.226924+00:00,AP_02,dev_e1493be4e7873c05,heartbeat,-45
2026-09-20T15:08:24.226924+00:00,AP_02,dev_75cf3775171f19ea,heartbeat,-50
2026-09-20T15:08:26.226924+00:00,AP_01,dev_f50ad49c2c67a14f,heartbeat,-48
2026-09-20T15:08:26.226924+00:00,AP_01,dev_8036e1c3a6abbe3c,heartbeat,-52
2026-09-20T15:08:26.226924+00:00,AP_01,dev_605e9822a32bf845,heartbeat,-46
2026-09-20T15:08:26.226924+00:00,AP_02,dev_e0901586fe4e5714,heartbeat,-49
2026-09-20T15:08:27.226924+00:00,AP_01,dev_bc8d7b6196fcef34,heartbeat,-52
2026-09-20T15:08:27.226924+00:00,AP_01,dev_4f88e58b44e4f3e4,heartbeat,-51
2026-09-20T15:08:27.226924+00:00,AP_02,dev_dba56be9de81f118,heartbeat,-54
2026-09-20T15:08:28.226924+00:00,AP_01,dev_62e4eb8d4981d69d,heartbeat,-52
2026-09-20T15:08:28.226924+00:00,AP_03,dev_5873e32b3ae4395f,heartbeat,-54
2026-09-20T15:08:29.226924+00:00,AP_01,dev_daba50eec8c1da46,heartbeat,-43
2026-09-20T15:08:29.226924+00:00,AP_01,dev_bbc41c619e88bd47,heartbeat,-47
2026-09-20T15:08:29.226924+00:00,AP_01,dev_b5f693bdb2568671,heartbeat,-45
2026-09-20T15:08:29.226924+00:00,AP_01,dev_ea5204da7be6a53e,heartbeat,-55
2026-09-20T15:08:30.226924+00:00,AP_02,dev_2ef071463abd9f1c,heartbeat,-46
2026-09-20T15:08:30.226924+00:00,AP_03,dev_8ab185ddc4f920ba,heartbeat,-46
2026-09-20T15:08:31.226924+00:00,AP_01,dev_35778c3c4e63c5e5,heartbeat,-48
2026-09-20T15:08:31.226924+00:00,AP_01,dev_3685007455cd815a,heartbeat,-50
2026-09-20T15:08:31.226924+00:00,AP_01,dev_539021518e086590,heartbeat,-55
2026-09-20T15:08:31.226924+00:00,AP_02,dev_67afb0bc703b419b,heartbeat,-53
2026-09-20T15:08:34.226924+00:00,AP_01,dev_445ccbc2b30f400c,heartbeat,-49
2026-09-20T15:08:35.226924+00:00,AP_01,dev_c406cbd22ec99ead,heartbeat,-46
2026-09-20T15:08:35.226924+00:00,AP_02,dev_1f7d38735c96fb65,heartbeat,-50
2026-09-20T15:08:37.226924+00:00,AP_01,dev_932d334d0b33c912,heartbeat,-48
2026-09-20T15:08:38.226924+00:00,AP_01,dev_069605993fcd64eb,heartbeat,-45
2026-09-20T15:08:39.226924+00:00,AP_01,dev_101e46487f17e515,heartbeat,-55
2026-09-20T15:08:40.226924+00:00,AP_02,dev_7dc730154810b19b,heartbeat,-50
2026-09-20T15:08:40.226924+00:00,AP_02,dev_0f96d15f51d22665,heartbeat,-48
2026-09-20T15:08:40.226924+00:00,AP_02,dev_c4c59c0a301caf36,heartbeat,-54
2026-09-20T15:08:41.226924+00:00,AP_02,dev_4ac84bb5b54bd1e2,heartbeat,-55
2026-09-20T15:08:41.226924+00:00,AP_03,dev_0ee25486519d39a2,heartbeat,-45
2026-09-20T15:08:42.226924+00:00,AP_01,dev_5b04e3a652d6313a,heartbeat,-53
2026-09-20T15:08:44.226924+00:00,AP_01,dev_731b3d87b1dc7eee,heartbeat,-52
2026-09-20T15:08:44.226924+00:00,AP_01,dev_7a7cb5ddf5eb7995,heartbeat,-47
2026-09-20T15:08:45.226924+00:00,AP_02,dev_89db6f69939e3a2d,heartbeat,-52
2026-09-20T15:08:45.226924+00:00,AP_03,dev_07284014dce9133c,heartbeat,-53
2026-09-20T15:08:46.226924+00:00,AP_01,dev_0f1959ebaf2421f7,heartbeat,-56
2026-09-20T15:08:46.226924+00:00,AP_02,dev_2b173c18c059f8e9,heartbeat,-45
2026-09-20T15:08:47.226924+00:00,AP_02,dev_dac99220a0ad0fd7,heartbeat,-48
2026-09-20T15:08:48.226924+00:00,AP_01,dev_6e87a995d8ad91a8,heartbeat,-46
2026-09-20T15:08:48.226924+00:00,AP_02,dev_349b3f24156b47ac,heartbeat,-54
2026-09-20T15:08:50.226924+00:00,AP_02,dev_e880e41ccd1eeaca,heartbeat,-47
2026-09-20T15:08:50.226924+00:00,AP_02,dev_55eaa3daf2dd130b,heartbeat,-52
2026-09-20T15:08:50.226924+00:00,AP_02,dev_44bae648792c87a3,heartbeat,-55
2026-09-20T15:08:50.226924+00:00,AP_03,dev_a4b93ff51018f4c5,heartbeat,-52
2026-09-20T15:08:51.226924+00:00,AP_02,dev_e1493be4e7873c05,heartbeat,-49
2026-09-20T15:08:54.226924+00:00,AP_01,dev_605e9822a32bf845,heartbeat,-51
2026-09-20T15:08:55.226924+00:00,AP_01,dev_f50ad49c2c67a14f,heartbeat,-51
2026-09-20T15:08:55.226924+00:00,AP_01,dev_4f88e58b44e4f3e4,heartbeat,-55
2026-09-20T15:08:55.226924+00:00,AP_02,dev_e0901586fe4e5714,heartbeat,-48
2026-09-20T15:08:55.226924+00:00,AP_03,dev_5873e32b3ae4395f,heartbeat,-49
2026-09-20T15:08:56.226924+00:00,AP_02,dev_75cf3775171f19ea,heartbeat,-50
2026-09-20T15:08:57.226924+00:00,AP_01,dev_ea5204da7be6a53e,heartbeat,-50
2026-09-20T15:08:57.226924+00:00,AP_01,dev_62e4eb8d4981d69d,heartbeat,-38
2026-09-20T15:08:58.226924+00:00,AP_01,dev_3685007455cd815a,heartbeat,-50
2026-09-20T15:08:58.226924+00:00,AP_01,dev_8036e1c3a6abbe3c,heartbeat,-47
2026-09-20T15:08:59.226924+00:00,AP_01,dev_daba50eec8c1da46,heartbeat,-49
2026-09-20T15:08:59.226924+00:00,AP_02,dev_dba56be9de81f118,heartbeat,-44
2026-09-20T15:09:00.226924+00:00,AP_01,dev_b5f693bdb2568671,heartbeat,-44
2026-09-20T15:09:00.226924+00:00,AP_01,dev_bc8d7b6196fcef34,heartbeat,-52
2026-09-20T15:09:01.226924+00:00,AP_01,dev_35778c3c4e63c5e5,heartbeat,-45
2026-09-20T15:09:01.226924+00:00,AP_01,dev_bbc41c619e88bd47,heartbeat,-51
2026-09-20T15:09:01.226924+00:00,AP_02,dev_67afb0bc703b419b,heartbeat,-42
2026-09-20T15:09:01.226924+00:00,AP_02,dev_2ef071463abd9f1c,heartbeat,-46
2026-09-20T15:09:03.226924+00:00,AP_03,dev_8ab185ddc4f920ba,heartbeat,-48
2026-09-20T15:09:04.226924+00:00,AP_01,dev_c406cbd22ec99ead,heartbeat,-51
2026-09-20T15:09:04.226924+00:00,AP_01,dev_539021518e086590,heartbeat,-42
2026-09-20T15:09:05.226924+00:00,AP_02,dev_1f7d38735c96fb65,heartbeat,-49
2026-09-20T15:09:06.226924+00:00,AP_01,dev_069605993fcd64eb,heartbeat,-48
2026-09-20T15:09:06.226924+00:00,AP_01,dev_445ccbc2b30f400c,heartbeat,-49
2026-09-20T15:09:07.226924+00:00,AP_02,dev_0f96d15f51d22665,heartbeat,-52
2026-09-20T15:09:08.226924+00:00,AP_01,dev_932d334d0b33c912,heartbeat,-51
2026-09-20T15:09:08.226924+00:00,AP_02,dev_7dc730154810b19b,heartbeat,-47
2026-09-20T15:09:10.226924+00:00,AP_01,dev_5b04e3a652d6313a,heartbeat,-51
2026-09-20T15:09:10.226924+00:00,AP_02,dev_c4c59c0a301caf36,heartbeat,-43
2026-09-20T15:09:11.226924+00:00,AP_01,dev_101e46487f17e515,heartbeat,-49
2026-09-20T15:09:13.226924+00:00,AP_02,dev_4ac84bb5b54bd1e2,heartbeat,-48
2026-09-20T15:09:13.226924+00:00,AP_02,dev_89db6f69939e3a2d,heartbeat,-45
2026-09-20T15:09:13.226924+00:00,AP_03,dev_0ee25486519d39a2,heartbeat,-56
2026-09-20T15:09:14.226924+00:00,AP_01,dev_7a7cb5ddf5eb7995,heartbeat,-44
2026-09-20T15:09:15.226924+00:00,AP_03,dev_07284014dce9133c,heartbeat,-46
2026-09-20T15:09:16.226924+00:00,AP_01,dev_731b3d87b1dc7eee,heartbeat,-44
2026-09-20T15:09:16.226924+00:00,AP_02,dev_349b3f24156b47ac,heartbeat,-49
2026-09-20T15:09:16.226924+00:00,AP_02,dev_2b173c18c059f8e9,heartbeat,-48
2026-09-20T15:09:17.226924+00:00,AP_02,dev_dac99220a0ad0fd7,heartbeat,-53
2026-09-20T15:09:18.226924+00:00,AP_01,dev_0f1959ebaf2421f7,heartbeat,-47
2026-09-20T15:09:19.226924+00:00,AP_01,dev_6e87a995d8ad91a8,heartbeat,-49
2026-09-20T15:09:19.226924+00:00,AP_02,dev_55eaa3daf2dd130b,heartbeat,-53
2026-09-20T15:09:19.226924+00:00,AP_02,dev_44bae648792c87a3,heartbeat,-47
2026-09-20T15:09:21.226924+00:00,AP_02,dev_e880e41ccd1eeaca,heartbeat,-47
2026-09-20T15:09:22.226924+00:00,AP_02,dev_e1493be4e7873c05,heartbeat,-46
2026-09-20T15:09:23.226924+00:00,AP_01,dev_4f88e58b44e4f3e4,heartbeat,-48
2026-09-20T15:09:23.226924+00:00,AP_03,dev_a4b93ff51018f4c5,heartbeat,-56
2026-09-20T15:09:24.226924+00:00,AP_01,dev_605e9822a32bf845,heartbeat,-51
2026-09-20T15:09:24.226924+00:00,AP_03,dev_5873e32b3ae4395f,heartbeat,-58
2026-09-20T15:09:25.226924+00:00,AP_01,dev_ea5204da7be6a53e,heartbeat,-51
2026-09-20T15:09:25.226924+00:00,AP_02,dev_75cf3775171f19ea,heartbeat,-52
2026-09-20T15:09:27.226924+00:00,AP_01,dev_3685007455cd815a,heartbeat,-47
2026-09-20T15:09:27.226924+00:00,AP_01,dev_b5f693bdb2568671,heartbeat,-52
2026-09-20T15:09:27.226924+00:00,AP_02,dev_dba56be9de81f118,heartbeat,-54
2026-09-20T15:09:28.226924+00:00,AP_01,dev_f50ad49c2c67a14f,heartbeat,-48
2026-09-20T15:09:28.226924+00:00,AP_01,dev_35778c3c4e63c5e5,heartbeat,-52
2026-09-20T15:09:28.226924+00:00,AP_01,dev_daba50eec8c1da46,heartbeat,-47
2026-09-20T15:09:28.226924+00:00,AP_01,dev_8036e1c3a6abbe3c,heartbeat,-44
2026-09-20T15:09:28.226924+00:00,AP_01,dev_bbc41c619e88bd47,heartbeat,-46
2026-09-20T15:09:28.226924+00:00,AP_02,dev_e0901586fe4e5714,heartbeat,-42
2026-09-20T15:09:30.226924+00:00,AP_01,dev_62e4eb8d4981d69d,heartbeat,-51
2026-09-20T15:09:30.226924+00:00,AP_02,dev_67afb0bc703b419b,heartbeat,-46
2026-09-20T15:09:32.226924+00:00,AP_01,dev_bc8d7b6196fcef34,heartbeat,-49
2026-09-20T15:09:33.226924+00:00,AP_01,dev_c406cbd22ec99ead,heartbeat,-57
2026-09-20T15:09:33.226924+00:00,AP_02,dev_2ef071463abd9f1c,heartbeat,-48
2026-09-20T15:09:34.226924+00:00,AP_01,dev_539021518e086590,heartbeat,-49
2026-09-20T15:09:35.226924+00:00,AP_02,dev_1f7d38735c96fb65,heartbeat,-50
2026-09-20T15:09:36.226924+00:00,AP_01,dev_069605993fcd64eb,heartbeat,-54
2026-09-20T15:09:36.226924+00:00,AP_03,dev_8ab185ddc4f920ba,heartbeat,-45
2026-09-20T15:09:38.226924+00:00,AP_01,dev_445ccbc2b30f400c,heartbeat,-52
2026-09-20T15:09:38.226924+00:00,AP_02,dev_7dc730154810b19b,heartbeat,-49
2026-09-20T15:09:38.226924+00:00,AP_02,dev_0f96d15f51d22665,heartbeat,-52
2026-09-20T15:09:39.226924+00:00,AP_01,dev_5b04e3a652d6313a,heartbeat,-48
2026-09-20T15:09:40.226924+00:00,AP_01,dev_101e46487f17e515,heartbeat,-49
2026-09-20T15:09:40.226924+00:00,AP_02,dev_c4c59c0a301caf36,heartbeat,-51
2026-09-20T15:09:40.226924+00:00,AP_02,dev_89db6f69939e3a2d,heartbeat,-42
2026-09-20T15:09:41.226924+00:00,AP_01,dev_932d334d0b33c912,heartbeat,-54
2026-09-20T15:09:41.226924+00:00,AP_03,dev_0ee25486519d39a2,heartbeat,-47
2026-09-20T15:09:42.226924+00:00,AP_01,dev_7a7cb5ddf5eb7995,heartbeat,-48
2026-09-20T15:09:42.226924+00:00,AP_02,dev_4ac84bb5b54bd1e2,heartbeat,-49
2026-09-20T15:09:43.226924+00:00,AP_02,dev_2b173c18c059f8e9,heartbeat,-49
2026-09-20T15:09:45.226924+00:00,AP_01,dev_731b3d87b1dc7eee,heartbeat,-51
2026-09-20T15:09:45.226924+00:00,AP_02,dev_dac99220a0ad0fd7,heartbeat,-54
2026-09-20T15:09:45.226924+00:00,AP_02,dev_349b3f24156b47ac,heartbeat,-53
2026-09-20T15:09:45.226924+00:00,AP_03,dev_07284014dce9133c,heartbeat,-53
2026-09-20T15:09:46.226924+00:00,AP_01,dev_6e87a995d8ad91a8,heartbeat,-44
2026-09-20T15:09:47.226924+00:00,AP_02,dev_55eaa3daf2dd130b,heartbeat,-51
2026-09-20T15:09:48.226924+00:00,AP_01,dev_0f1959ebaf2421f7,heartbeat,-48
2026-09-20T15:09:48.226924+00:00,AP_02,dev_44bae648792c87a3,heartbeat,-45
2026-09-20T15:09:50.226924+00:00,AP_01,dev_4f88e58b44e4f3e4,heartbeat,-49
2026-09-20T15:09:50.226924+00:00,AP_02,dev_e880e41ccd1eeaca,heartbeat,-56
2026-09-20T15:09:51.226924+00:00,AP_02,dev_e1493be4e7873c05,heartbeat,-50
2026-09-20T15:09:53.226924+00:00,AP_01,dev_605e9822a32bf845,heartbeat,-50
2026-09-20T15:09:54.226924+00:00,AP_03,dev_5873e32b3ae4395f,heartbeat,-51
2026-09-20T15:09:54.226924+00:00,AP_03,dev_a4b93ff51018f4c5,heartbeat,-51
2026-09-20T15:09:55.226924+00:00,AP_01,dev_35778c3c4e63c5e5,heartbeat,-54
2026-09-20T15:09:55.226924+00:00,AP_02,dev_e0901586fe4e5714,heartbeat,-52
2026-09-20T15:09:56.226924+00:00,AP_01,dev_bbc41c619e88bd47,heartbeat,-53
2026-09-20T15:09:56.226924+00:00,AP_01,dev_ea5204da7be6a53e,heartbeat,-45
2026-09-20T15:09:56.226924+00:00,AP_02,dev_dba56be9de81f118,heartbeat,-45
2026-09-20T15:09:57.226924+00:00,AP_02,dev_75cf3775171f19ea,disconnect,-77
2026-09-20T15:09:58.226924+00:00,AP_01,dev_3685007455cd815a,heartbeat,-47
2026-09-20T15:09:58.226924+00:00,AP_01,dev_8036e1c3a6abbe3c,heartbeat,-58
2026-09-20T15:09:59.226924+00:00,AP_01,dev_daba50eec8c1da46,heartbeat,-49
2026-09-20T15:09:59.226924+00:00,AP_01,dev_b5f693bdb2568671,heartbeat,-51
2026-09-20T15:09:59.226924+00:00,AP_01,dev_62e4eb8d4981d69d,heartbeat,-52
2026-09-20T15:09:59.226924+00:00,AP_03,dev_75cf3775171f19ea,connect,-49
2026-09-20T15:09:59.226924+00:00,AP_03,dev_75cf3775171f19ea,heartbeat,-52
2026-09-20T15:10:00.226924+00:00,AP_01,dev_f50ad49c2c67a14f,heartbeat,-45
2026-09-20T15:10:01.226924+00:00,AP_01,dev_bc8d7b6196fcef34,heartbeat,-46
2026-09-20T15:10:01.226924+00:00,AP_02,dev_67afb0bc703b419b,heartbeat,-52
2026-09-20T15:10:02.226924+00:00,AP_01,dev_c406cbd22ec99ead,heartbeat,-52
2026-09-20T15:10:03.226924+00:00,AP_01,dev_069605993fcd64eb,heartbeat,-54
2026-09-20T15:10:03.226924+00:00,AP_02,dev_2ef071463abd9f1c,heartbeat,-48
2026-09-20T15:10:05.226924+00:00,AP_02,dev_0f96d15f51d22665,heartbeat,-48
2026-09-20T15:10:06.226924+00:00,AP_01,dev_445ccbc2b30f400c,heartbeat,-51
2026-09-20T15:10:06.226924+00:00,AP_02,dev_1f7d38735c96fb65,heartbeat,-50
2026-09-20T15:10:06.226924+00:00,AP_03,dev_8ab185ddc4f920ba,heartbeat,-50
2026-09-20T15:10:07.226924+00:00,AP_01,dev_101e46487f17e515,heartbeat,-44
2026-09-20T15:10:07.226924+00:00,AP_01,dev_539021518e086590,heartbeat,-51
2026-09-20T15:10:07.226924+00:00,AP_02,dev_89db6f69939e3a2d,heartbeat,-54
2026-09-20T15:10:09.226924+00:00,AP_02,dev_7dc730154810b19b,heartbeat,-51
2026-09-20T15:10:10.226924+00:00,AP_02,dev_4ac84bb5b54bd1e2,heartbeat,-48
2026-09-20T15:10:11.226924+00:00,AP_01,dev_932d334d0b33c912,heartbeat,-51
2026-09-20T15:10:12.226924+00:00,AP_01,dev_5b04e3a652d6313a,heartbeat,-46
2026-09-20T15:10:12.226924+00:00,AP_01,dev_731b3d87b1dc7eee,heartbeat,-50
2026-09-20T15:10:12.226924+00:00,AP_01,dev_7a7cb5ddf5eb7995,heartbeat,-52
2026-09-20T15:10:12.226924+00:00,AP_02,dev_c4c59c0a301caf36,heartbeat,-51
2026-09-20T15:10:12.226924+00:00,AP_02,dev_9c893b552bde1650,connect,-87
2026-09-20T15:10:12.226924+00:00,AP_03,dev_07284014dce9133c,heartbeat,-46
2026-09-20T15:10:13.226924+00:00,AP_03,dev_0ee25486519d39a2,heartbeat,-47
2026-09-20T15:10:14.226924+00:00,AP_02,dev_2b173c18c059f8e9,heartbeat,-43
2026-09-20T15:10:16.226924+00:00,AP_02,dev_dac99220a0ad0fd7,heartbeat,-53
2026-09-20T15:10:16.226924+00:00,AP_01,dev_0f1959ebaf2421f7,heartbeat,-49
2026-09-20T15:10:16.226924+00:00,AP_02,dev_55eaa3daf2dd130b,heartbeat,-52
2026-09-20T15:10:16.226924+00:00,AP_02,dev_349b3f24156b47ac,heartbeat,-50
2026-09-20T15:10:17.226924+00:00,AP_02,dev_9c893b552bde1650,disconnect,-76
2026-09-20T15:10:18.226924+00:00,AP_01,dev_6e87a995d8ad91a8,heartbeat,-46
2026-09-20T15:10:19.226924+00:00,AP_02,dev_e880e41ccd1eeaca,heartbeat,-44
2026-09-20T15:10:20.226924+00:00,AP_01,dev_4f88e58b44e4f3e4,heartbeat,-56
2026-09-20T15:10:20.226924+00:00,AP_02,dev_e1493be4e7873c05,heartbeat,-54
2026-09-20T15:10:20.226924+00:00,AP_02,dev_44bae648792c87a3,heartbeat,-47
2026-09-20T15:10:23.226924+00:00,AP_03,dev_5873e32b3ae4395f,heartbeat,-48
2026-09-20T15:10:24.226924+00:00,AP_02,dev_dba56be9de81f118,heartbeat,-45
2026-09-20T15:10:25.226924+00:00,AP_01,dev_35778c3c4e63c5e5,heartbeat,-50
2026-09-20T15:10:25.226924+00:00,AP_01,dev_605e9822a32bf845,heartbeat,-46
2026-09-20T15:10:26.226924+00:00,AP_01,dev_b5f693bdb2568671,heartbeat,-46
2026-09-20T15:10:26.226924+00:00,AP_01,dev_ea5204da7be6a53e,heartbeat,-47
2026-09-20T15:10:26.226924+00:00,AP_02,dev_e0901586fe4e5714,heartbeat,-45
2026-09-20T15:10:27.226924+00:00,AP_01,dev_f50ad49c2c67a14f,heartbeat,-49
2026-09-20T15:10:27.226924+00:00,AP_01,dev_bbc41c619e88bd47,heartbeat,-44
2026-09-20T15:10:27.226924+00:00,AP_03,dev_a4b93ff51018f4c5,heartbeat,-51
2026-09-20T15:10:28.226924+00:00,AP_01,dev_3685007455cd815a,heartbeat,-48
2026-09-20T15:10:28.226924+00:00,AP_01,dev_daba50eec8c1da46,heartbeat,-52
2026-09-20T15:10:28.226924+00:00,AP_01,dev_8036e1c3a6abbe3c,heartbeat,-51
2026-09-20T15:10:29.226924+00:00,AP_01,dev_bc8d7b6196fcef34,heartbeat,-49
2026-09-20T15:10:29.226924+00:00,AP_01,dev_62e4eb8d4981d69d,heartbeat,-49
2026-09-20T15:10:31.226924+00:00,AP_03,dev_75cf3775171f19ea,heartbeat,-51
2026-09-20T15:10:33.226924+00:00,AP_01,dev_069605993fcd64eb,heartbeat,-52
2026-09-20T15:10:33.226924+00:00,AP_02,dev_67afb0bc703b419b,heartbeat,-45
2026-09-20T15:10:34.226924+00:00,AP_01,dev_101e46487f17e515,heartbeat,-50
2026-09-20T15:10:34.226924+00:00,AP_01,dev_445ccbc2b30f400c,heartbeat,-50
2026-09-20T15:10:34.226924+00:00,AP_02,dev_0f96d15f51d22665,heartbeat,-47
2026-09-20T15:10:35.226924+00:00,AP_01,dev_c406cbd22ec99ead,heartbeat,-52
2026-09-20T15:10:35.226924+00:00,AP_02,dev_89db6f69939e3a2d,heartbeat,-49
2026-09-20T15:10:36.226924+00:00,AP_02,dev_2ef071463abd9f1c,heartbeat,-49
2026-09-20T15:10:37.226924+00:00,AP_02,dev_1f7d38735c96fb65,heartbeat,-50
2026-09-20T15:10:37.226924+00:00,AP_03,dev_8ab185ddc4f920ba,heartbeat,-52
2026-09-20T15:10:38.226924+00:00,AP_01,dev_539021518e086590,heartbeat,-49
2026-09-20T15:10:38.226924+00:00,AP_02,dev_7dc730154810b19b,heartbeat,-50
2026-09-20T15:10:39.226924+00:00,AP_01,dev_932d334d0b33c912,heartbeat,-50
2026-09-20T15:10:41.226924+00:00,AP_01,dev_7a7cb5ddf5eb7995,heartbeat,-53
2026-09-20T15:10:43.226924+00:00,AP_02,dev_4ac84bb5b54bd1e2,heartbeat,-50
2026-09-20T15:10:44.226924+00:00,AP_02,dev_2b173c18c059f8e9,heartbeat,-52
2026-09-20T15:10:44.226924+00:00,AP_03,dev_07284014dce9133c,heartbeat,-60
2026-09-20T15:10:45.226924+00:00,AP_01,dev_5b04e3a652d6313a,heartbeat,-51
2026-09-20T15:10:45.226924+00:00,AP_01,dev_731b3d87b1dc7eee,heartbeat,-48
2026-09-20T15:10:45.226924+00:00,AP_01,dev_6e87a995d8ad91a8,heartbeat,-45
2026-09-20T15:10:45.226924+00:00,AP_02,dev_c4c59c0a301caf36,heartbeat,-52
2026-09-20T15:10:46.226924+00:00,AP_02,dev_dac99220a0ad0fd7,heartbeat,-49
2026-09-20T15:10:46.226924+00:00,AP_03,dev_0ee25486519d39a2,heartbeat,-58
2026-09-20T15:10:47.226924+00:00,AP_01,dev_4f88e58b44e4f3e4,heartbeat,-52
2026-09-20T15:10:47.226924+00:00,AP_02,dev_e880e41ccd1eeaca,heartbeat,-49
2026-09-20T15:10:48.226924+00:00,AP_02,dev_349b3f24156b47ac,heartbeat,-55
2026-09-20T15:10:49.226924+00:00,AP_01,dev_0f1959ebaf2421f7,heartbeat,-48
2026-09-20T15:10:49.226924+00:00,AP_02,dev_55eaa3daf2dd130b,heartbeat,-52
2026-09-20T15:10:49.226924+00:00,AP_02,dev_e1493be4e7873c05,heartbeat,-50
2026-09-20T15:10:50.226924+00:00,AP_02,dev_44bae648792c87a3,heartbeat,-49
2026-09-20T15:10:53.226924+00:00,AP_01,dev_ea5204da7be6a53e,heartbeat,-46
2026-09-20T15:10:54.226924+00:00,AP_01,dev_bbc41c619e88bd47,heartbeat,-44
2026-09-20T15:10:55.226924+00:00,AP_01,dev_605e9822a32bf845,heartbeat,-52
2026-09-20T15:10:55.226924+00:00,AP_01,dev_b5f693bdb2568671,heartbeat,-50
2026-09-20T15:10:55.226924+00:00,AP_02,dev_dba56be9de81f118,heartbeat,-53
2026-09-20T15:10:56.226924+00:00,AP_01,dev_3685007455cd815a,heartbeat,-47
2026-09-20T15:10:56.226924+00:00,AP_03,dev_5873e32b3ae4395f,heartbeat,-54
2026-09-20T15:10:57.226924+00:00,AP_01,dev_daba50eec8c1da46,heartbeat,-50
2026-09-20T15:10:57.226924+00:00,AP_01,dev_bc8d7b6196fcef34,heartbeat,-56
2026-09-20T15:10:58.226924+00:00,AP_01,dev_35778c3c4e63c5e5,heartbeat,-42
2026-09-20T15:10:58.226924+00:00,AP_01,dev_62e4eb8d4981d69d,heartbeat,-52
2026-09-20T15:10:58.226924+00:00,AP_03,dev_75cf3775171f19ea,heartbeat,-53
2026-09-20T15:10:58.226924+00:00,AP_02,dev_e0901586fe4e5714,heartbeat,-53
2026-09-20T15:10:58.226924+00:00,AP_03,dev_a4b93ff51018f4c5,heartbeat,-54
2026-09-20T15:11:00.226924+00:00,AP_01,dev_f50ad49c2c67a14f,heartbeat,-45
2026-09-20T15:11:00.226924+00:00,AP_01,dev_8036e1c3a6abbe3c,heartbeat,-53
2026-09-20T15:11:04.226924+00:00,AP_01,dev_445ccbc2b30f400c,heartbeat,-50
2026-09-20T15:11:04.226924+00:00,AP_02,dev_2ef071463abd9f1c,heartbeat,-55
2026-09-20T15:11:04.226924+00:00,AP_02,dev_89db6f69939e3a2d,heartbeat,-50
2026-09-20T15:11:05.226924+00:00,AP_02,dev_0f96d15f51d22665,heartbeat,-48
2026-09-20T15:11:06.226924+00:00,AP_01,dev_069605993fcd64eb,heartbeat,-52
2026-09-20T15:11:06.226924+00:00,AP_02,dev_67afb0bc703b419b,heartbeat,-51
2026-09-20T15:11:06.226924+00:00,AP_02,dev_1f7d38735c96fb65,heartbeat,-49
2026-09-20T15:11:07.226924+00:00,AP_01,dev_101e46487f17e515,heartbeat,-50
2026-09-20T15:11:08.226924+00:00,AP_01,dev_c406cbd22ec99ead,heartbeat,-47
2026-09-20T15:11:08.226924+00:00,AP_01,dev_932d334d0b33c912,heartbeat,-44
2026-09-20T15:11:08.226924+00:00,AP_03,dev_8ab185ddc4f920ba,heartbeat,-54
2026-09-20T15:11:09.226924+00:00,AP_01,dev_539021518e086590,heartbeat,-46
2026-09-20T15:11:10.226924+00:00,AP_01,dev_7a7cb5ddf5eb7995,heartbeat,-43
2026-09-20T15:11:11.226924+00:00,AP_02,dev_7dc730154810b19b,heartbeat,-53
2026-09-20T15:11:12.226924+00:00,AP_02,dev_4ac84bb5b54bd1e2,heartbeat,-42
2026-09-20T15:11:13.226924+00:00,AP_01,dev_731b3d87b1dc7eee,heartbeat,-52
2026-09-20T15:11:14.226924+00:00,AP_01,dev_5b04e3a652d6313a,heartbeat,-48
2026-09-20T15:11:14.226924+00:00,AP_01,dev_4f88e58b44e4f3e4,heartbeat,-52
2026-09-20T15:11:14.226924+00:00,AP_02,dev_c4c59c0a301caf36,heartbeat,-50
2026-09-20T15:11:14.226924+00:00,AP_03,dev_0ee25486519d39a2,heartbeat,-53
2026-09-20T15:11:15.226924+00:00,AP_02,dev_dac99220a0ad0fd7,heartbeat,-50
2026-09-20T15:11:15.226924+00:00,AP_01,dev_6e87a995d8ad91a8,heartbeat,-50
2026-09-20T15:11:16.226924+00:00,AP_02,dev_2b173c18c059f8e9,heartbeat,-49
2026-09-20T15:11:16.226924+00:00,AP_03,dev_07284014dce9133c,heartbeat,-49
2026-09-20T15:11:18.226924+00:00,AP_02,dev_e1493be4e7873c05,heartbeat,-51
2026-09-20T15:11:19.226924+00:00,AP_02,dev_e880e41ccd1eeaca,heartbeat,-48
2026-09-20T15:11:19.226924+00:00,AP_02,dev_44bae648792c87a3,heartbeat,-51
2026-09-20T15:11:20.226924+00:00,AP_01,dev_0f1959ebaf2421f7,heartbeat,-47
2026-09-20T15:11:21.226924+00:00,AP_02,dev_55eaa3daf2dd130b,heartbeat,-50
2026-09-20T15:11:21.226924+00:00,AP_02,dev_349b3f24156b47ac,heartbeat,-56
2026-09-20T15:11:22.226924+00:00,AP_01,dev_605e9822a32bf845,heartbeat,-54
2026-09-20T15:11:22.226924+00:00,AP_01,dev_bbc41c619e88bd47,heartbeat,-49
2026-09-20T15:11:24.226924+00:00,AP_01,dev_3685007455cd815a,heartbeat,-47
2026-09-20T15:11:24.226924+00:00,AP_02,dev_dba56be9de81f118,heartbeat,-50
2026-09-20T15:11:25.226924+00:00,AP_01,dev_35778c3c4e63c5e5,heartbeat,-49
2026-09-20T15:11:25.226924+00:00,AP_01,dev_bc8d7b6196fcef34,heartbeat,-54
2026-09-20T15:11:25.226924+00:00,AP_01,dev_62e4eb8d4981d69d,heartbeat,-51
2026-09-20T15:11:25.226924+00:00,AP_03,dev_5873e32b3ae4395f,heartbeat,-52
2026-09-20T15:11:26.226924+00:00,AP_01,dev_ea5204da7be6a53e,heartbeat,-47
2026-09-20T15:11:27.226924+00:00,AP_03,dev_75cf3775171f19ea,heartbeat,-51
2026-09-20T15:11:27.226924+00:00,AP_02,dev_e0901586fe4e5714,heartbeat,-55
2026-09-20T15:11:28.226924+00:00,AP_01,dev_b5f693bdb2568671,heartbeat,-53
2026-09-20T15:11:28.226924+00:00,AP_03,dev_a4b93ff51018f4c5,heartbeat,-48
2026-09-20T15:11:29.226924+00:00,AP_01,dev_daba50eec8c1da46,heartbeat,-51
2026-09-20T15:11:30.226924+00:00,AP_01,dev_8036e1c3a6abbe3c,heartbeat,-48
2026-09-20T15:11:32.226924+00:00,AP_01,dev_f50ad49c2c67a14f,heartbeat,-48
2026-09-20T15:11:32.226924+00:00,AP_02,dev_89db6f69939e3a2d,heartbeat,-53
2026-09-20T15:11:33.226924+00:00,AP_02,dev_67afb0bc703b419b,heartbeat,-48
2026-09-20T15:11:34.226924+00:00,AP_01,dev_101e46487f17e515,heartbeat,-47
2026-09-20T15:11:35.226924+00:00,AP_01,dev_069605993fcd64eb,heartbeat,-52
2026-09-20T15:11:35.226924+00:00,AP_02,dev_1f7d38735c96fb65,heartbeat,-53
2026-09-20T15:11:36.226924+00:00,AP_02,dev_0f96d15f51d22665,heartbeat,-45
2026-09-20T15:11:37.226924+00:00,AP_01,dev_445ccbc2b30f400c,heartbeat,-46
2026-09-20T15:11:37.226924+00:00,AP_01,dev_932d334d0b33c912,heartbeat,-54
2026-09-20T15:11:37.226924+00:00,AP_02,dev_2ef071463abd9f1c,heartbeat,-52
2026-09-20T15:11:39.226924+00:00,AP_01,dev_c406cbd22ec99ead,heartbeat,-48
2026-09-20T15:11:39.226924+00:00,AP_02,dev_4ac84bb5b54bd1e2,heartbeat,-50
2026-09-20T15:11:40.226924+00:00,AP_01,dev_539021518e086590,heartbeat,-42
2026-09-20T15:11:40.226924+00:00,AP_03,dev_8ab185ddc4f920ba,heartbeat,-49
2026-09-20T15:11:41.226924+00:00,AP_01,dev_5b04e3a652d6313a,heartbeat,-45
2026-09-20T15:11:41.226924+00:00,AP_01,dev_4f88e58b44e4f3e4,heartbeat,-45
2026-09-20T15:11:41.226924+00:00,AP_01,dev_7a7cb5ddf5eb7995,heartbeat,-47
2026-09-20T15:11:42.226924+00:00,AP_02,dev_7dc730154810b19b,heartbeat,-52
2026-09-20T15:11:42.226924+00:00,AP_02,dev_c4c59c0a301caf36,heartbeat,-56
2026-09-20T15:11:44.226924+00:00,AP_01,dev_731b3d87b1dc7eee,heartbeat,-44
2026-09-20T15:11:45.226924+00:00,AP_03,dev_07284014dce9133c,heartbeat,-50
2026-09-20T15:11:46.226924+00:00,AP_01,dev_6e87a995d8ad91a8,heartbeat,-43
2026-09-20T15:11:47.226924+00:00,AP_03,dev_0ee25486519d39a2,heartbeat,-48
2026-09-20T15:11:48.226924+00:00,AP_02,dev_dac99220a0ad0fd7,heartbeat,-43
2026-09-20T15:11:48.226924+00:00,AP_02,dev_349b3f24156b47ac,heartbeat,-48
2026-09-20T15:11:48.226924+00:00,AP_02,dev_2b173c18c059f8e9,heartbeat,-47
2026-09-20T15:11:48.226924+00:00,AP_02,dev_e1493be4e7873c05,heartbeat,-46
2026-09-20T15:11:48.226924+00:00,AP_02,dev_44bae648792c87a3,heartbeat,-46
2026-09-20T15:11:49.226924+00:00,AP_02,dev_55eaa3daf2dd130b,heartbeat,-55
2026-09-20T15:11:50.226924+00:00,AP_01,dev_605e9822a32bf845,heartbeat,-41
2026-09-20T15:11:50.226924+00:00,AP_02,dev_e880e41ccd1eeaca,heartbeat,-50
2026-09-20T15:11:52.226924+00:00,AP_01,dev_0f1959ebaf2421f7,heartbeat,-45
2026-09-20T15:11:52.226924+00:00,AP_03,dev_5873e32b3ae4395f,heartbeat,-50
2026-09-20T15:11:53.226924+00:00,AP_01,dev_3685007455cd815a,heartbeat,-42
2026-09-20T15:11:53.226924+00:00,AP_01,dev_bbc41c619e88bd47,heartbeat,-52
2026-09-20T15:11:54.226924+00:00,AP_01,dev_35778c3c4e63c5e5,heartbeat,-46
2026-09-20T15:11:54.226924+00:00,AP_01,dev_bc8d7b6196fcef34,heartbeat,-55
2026-09-20T15:11:54.226924+00:00,AP_03,dev_75cf3775171f19ea,heartbeat,-46
2026-09-20T15:11:55.226924+00:00,AP_02,dev_dba56be9de81f118,heartbeat,-48
2026-09-20T15:11:56.226924+00:00,AP_03,dev_a4b93ff51018f4c5,heartbeat,-47
2026-09-20T15:11:57.226924+00:00,AP_01,dev_ea5204da7be6a53e,heartbeat,-44
2026-09-20T15:11:57.226924+00:00,AP_01,dev_62e4eb8d4981d69d,heartbeat,-41
2026-09-20T15:11:57.226924+00:00,AP_02,dev_e0901586fe4e5714,heartbeat,-52
2026-09-20T15:11:58.226924+00:00,AP_01,dev_daba50eec8c1da46,heartbeat,-50
2026-09-20T15:11:58.226924+00:00,AP_01,dev_b5f693bdb2568671,heartbeat,-47
2026-09-20T15:12:00.226924+00:00,AP_01,dev_8036e1c3a6abbe3c,heartbeat,-55
2026-09-20T15:12:02.226924+00:00,AP_02,dev_67afb0bc703b419b,heartbeat,-55
2026-09-20T15:12:03.226924+00:00,AP_01,dev_101e46487f17e515,heartbeat,-49
2026-09-20T15:12:03.226924+00:00,AP_01,dev_f50ad49c2c67a14f,heartbeat,-52
2026-09-20T15:12:03.226924+00:00,AP_02,dev_89db6f69939e3a2d,heartbeat,-49
2026-09-20T15:12:04.226924+00:00,AP_01,dev_445ccbc2b30f400c,heartbeat,-50
2026-09-20T15:12:04.226924+00:00,AP_01,dev_932d334d0b33c912,heartbeat,-47
2026-09-20T15:12:04.226924+00:00,AP_02,dev_0f96d15f51d22665,heartbeat,-47
2026-09-20T15:12:05.226924+00:00,AP_02,dev_2ef071463abd9f1c,heartbeat,-48
2026-09-20T15:12:06.226924+00:00,AP_02,dev_1f7d38735c96fb65,heartbeat,-54
2026-09-20T15:12:08.226924+00:00,AP_01,dev_069605993fcd64eb,heartbeat,-50
2026-09-20T15:12:08.226924+00:00,AP_01,dev_7a7cb5ddf5eb7995,heartbeat,-53
2026-09-20T15:12:09.226924+00:00,AP_01,dev_c406cbd22ec99ead,heartbeat,-47
2026-09-20T15:12:09.226924+00:00,AP_01,dev_4f88e58b44e4f3e4,heartbeat,-51
2026-09-20T15:12:10.226924+00:00,AP_02,dev_4ac84bb5b54bd1e2,heartbeat,-55
2026-09-20T15:12:11.226924+00:00,AP_03,dev_8ab185ddc4f920ba,heartbeat,-50
2026-09-20T15:12:12.226924+00:00,AP_02,dev_c4c59c0a301caf36,heartbeat,-48
2026-09-20T15:12:13.226924+00:00,AP_01,dev_539021518e086590,heartbeat,-52
2026-09-20T15:12:14.226924+00:00,AP_01,dev_5b04e3a652d6313a,heartbeat,-49
2026-09-20T15:12:14.226924+00:00,AP_02,dev_7dc730154810b19b,heartbeat,-52
2026-09-20T15:12:14.226924+00:00,AP_03,dev_07284014dce9133c,heartbeat,-56
2026-09-20T15:12:15.226924+00:00,AP_02,dev_2b173c18c059f8e9,heartbeat,-52
2026-09-20T15:12:15.226924+00:00,AP_02,dev_44bae648792c87a3,heartbeat,-55
2026-09-20T15:12:17.226924+00:00,AP_01,dev_731b3d87b1dc7eee,heartbeat,-54
2026-09-20T15:12:17.226924+00:00,AP_02,dev_dac99220a0ad0fd7,heartbeat,-50
2026-09-20T15:12:18.226924+00:00,AP_02,dev_e880e41ccd1eeaca,heartbeat,-51
2026-09-20T15:12:18.226924+00:00,AP_01,dev_6e87a995d8ad91a8,heartbeat,-45
2026-09-20T15:12:19.226924+00:00,AP_03,dev_0ee25486519d39a2,heartbeat,-45
2026-09-20T15:12:20.226924+00:00,AP_02,dev_55eaa3daf2dd130b,heartbeat,-45
2026-09-20T15:12:20.226924+00:00,AP_02,dev_e1493be4e7873c05,heartbeat,-55
2026-09-20T15:12:21.226924+00:00,AP_02,dev_349b3f24156b47ac,heartbeat,-46
2026-09-20T15:12:22.226924+00:00,AP_01,dev_605e9822a32bf845,heartbeat,-47
2026-09-20T15:12:22.226924+00:00,AP_03,dev_75cf3775171f19ea,heartbeat,-49
2026-09-20T15:12:22.226924+00:00,AP_03,dev_5873e32b3ae4395f,heartbeat,-49
2026-09-20T15:12:23.226924+00:00,AP_02,dev_dba56be9de81f118,heartbeat,-51
2026-09-20T15:12:24.226924+00:00,AP_01,dev_35778c3c4e63c5e5,heartbeat,-49
2026-09-20T15:12:24.226924+00:00,AP_01,dev_ea5204da7be6a53e,heartbeat,-55
2026-09-20T15:12:24.226924+00:00,AP_01,dev_0f1959ebaf2421f7,heartbeat,-50
2026-09-20T15:12:24.226924+00:00,AP_03,dev_a4b93ff51018f4c5,heartbeat,-53
2026-09-20T15:12:25.226924+00:00,AP_01,dev_3685007455cd815a,heartbeat,-52
2026-09-20T15:12:25.226924+00:00,AP_01,dev_b5f693bdb2568671,heartbeat,-46
2026-09-20T15:12:26.226924+00:00,AP_01,dev_daba50eec8c1da46,heartbeat,-50
2026-09-20T15:12:26.226924+00:00,AP_01,dev_bbc41c619e88bd47,heartbeat,-50
2026-09-20T15:12:26.226924+00:00,AP_01,dev_bc8d7b6196fcef34,heartbeat,-57
2026-09-20T15:12:27.226924+00:00,AP_02,dev_e0901586fe4e5714,heartbeat,-56
2026-09-20T15:12:28.226924+00:00,AP_01,dev_8036e1c3a6abbe3c,heartbeat,-53
2026-09-20T15:12:28.226924+00:00,AP_01,dev_62e4eb8d4981d69d,heartbeat,-55
2026-09-20T15:12:32.226924+00:00,AP_01,dev_932d334d0b33c912,heartbeat,-52
2026-09-20T15:12:32.226924+00:00,AP_02,dev_0f96d15f51d22665,heartbeat,-46
2026-09-20T15:12:33.226924+00:00,AP_01,dev_101e46487f17e515,heartbeat,-58
2026-09-20T15:12:33.226924+00:00,AP_01,dev_445ccbc2b30f400c,heartbeat,-55
2026-09-20T15:12:34.226924+00:00,AP_02,dev_67afb0bc703b419b,heartbeat,-50
2026-09-20T15:12:34.226924+00:00,AP_02,dev_89db6f69939e3a2d,heartbeat,-51
2026-09-20T15:12:35.226924+00:00,AP_01,dev_069605993fcd64eb,heartbeat,-49
2026-09-20T15:12:35.226924+00:00,AP_01,dev_f50ad49c2c67a14f,heartbeat,-40
2026-09-20T15:12:35.226924+00:00,AP_02,dev_1f7d38735c96fb65,heartbeat,-55
2026-09-20T15:12:36.226924+00:00,AP_01,dev_7a7cb5ddf5eb7995,heartbeat,-52
2026-09-20T15:12:37.226924+00:00,AP_02,dev_2ef071463abd9f1c,heartbeat,-48
2026-09-20T15:12:38.226924+00:00,AP_01,dev_4f88e58b44e4f3e4,heartbeat,-49
2026-09-20T15:12:38.226924+00:00,AP_03,dev_8ab185ddc4f920ba,heartbeat,-46
2026-09-20T15:12:40.226924+00:00,AP_01,dev_539021518e086590,heartbeat,-42
2026-09-20T15:12:41.226924+00:00,AP_01,dev_c406cbd22ec99ead,heartbeat,-52
2026-09-20T15:12:43.226924+00:00,AP_01,dev_5b04e3a652d6313a,heartbeat,-51
2026-09-20T15:12:43.226924+00:00,AP_02,dev_4ac84bb5b54bd1e2,heartbeat,-47
2026-09-20T15:12:43.226924+00:00,AP_02,dev_c4c59c0a301caf36,heartbeat,-48
2026-09-20T15:12:45.226924+00:00,AP_01,dev_6e87a995d8ad91a8,heartbeat,-53
2026-09-20T15:12:45.226924+00:00,AP_02,dev_2b173c18c059f8e9,heartbeat,-47
2026-09-20T15:12:46.226924+00:00,AP_02,dev_7dc730154810b19b,heartbeat,-53
2026-09-20T15:12:47.226924+00:00,AP_02,dev_44bae648792c87a3,heartbeat,-54
2026-09-20T15:12:47.226924+00:00,AP_03,dev_07284014dce9133c,heartbeat,-49
2026-09-20T15:12:48.226924+00:00,AP_02,dev_dac99220a0ad0fd7,heartbeat,-43
2026-09-20T15:12:48.226924+00:00,AP_03,dev_0ee25486519d39a2,heartbeat,-53
2026-09-20T15:12:50.226924+00:00,AP_01,dev_731b3d87b1dc7eee,heartbeat,-54
2026-09-20T15:12:50.226924+00:00,AP_01,dev_605e9822a32bf845,heartbeat,-49
2026-09-20T15:12:50.226924+00:00,AP_02,dev_e880e41ccd1eeaca,heartbeat,-51
2026-09-20T15:12:50.226924+00:00,AP_03,dev_75cf3775171f19ea,heartbeat,-53
2026-09-20T15:12:52.226924+00:00,AP_01,dev_35778c3c4e63c5e5,heartbeat,-47
2026-09-20T15:12:52.226924+00:00,AP_02,dev_55eaa3daf2dd130b,heartbeat,-53
2026-09-20T15:12:52.226924+00:00,AP_02,dev_e1493be4e7873c05,heartbeat,-47
2026-09-20T15:12:53.226924+00:00,AP_01,dev_3685007455cd815a,heartbeat,-55
2026-09-20T15:12:53.226924+00:00,AP_01,dev_b5f693bdb2568671,heartbeat,-48
2026-09-20T15:12:53.226924+00:00,AP_01,dev_ea5204da7be6a53e,heartbeat,-49
2026-09-20T15:12:53.226924+00:00,AP_02,dev_349b3f24156b47ac,heartbeat,-55
2026-09-20T15:12:54.226924+00:00,AP_02,dev_dba56be9de81f118,heartbeat,-44
2026-09-20T15:12:54.226924+00:00,AP_03,dev_5873e32b3ae4395f,heartbeat,-53
2026-09-20T15:12:54.226924+00:00,AP_03,dev_a4b93ff51018f4c5,heartbeat,-45
2026-09-20T15:12:55.226924+00:00,AP_02,dev_e0901586fe4e5714,heartbeat,-49
2026-09-20T15:12:56.226924+00:00,AP_01,dev_62e4eb8d4981d69d,heartbeat,-50
2026-09-20T15:12:56.226924+00:00,AP_01,dev_0f1959ebaf2421f7,heartbeat,-56
2026-09-20T15:12:58.226924+00:00,AP_01,dev_daba50eec8c1da46,heartbeat,-41
2026-09-20T15:12:58.226924+00:00,AP_01,dev_8036e1c3a6abbe3c,heartbeat,-48
2026-09-20T15:12:58.226924+00:00,AP_01,dev_bc8d7b6196fcef34,heartbeat,-50
2026-09-20T15:12:59.226924+00:00,AP_01,dev_bbc41c619e88bd47,heartbeat,-49
2026-09-20T15:12:59.226924+00:00,AP_02,dev_0f96d15f51d22665,heartbeat,-50
2026-09-20T15:13:02.226924+00:00,AP_01,dev_101e46487f17e515,heartbeat,-53
2026-09-20T15:13:02.226924+00:00,AP_01,dev_445ccbc2b30f400c,heartbeat,-44
2026-09-20T15:13:02.226924+00:00,AP_01,dev_932d334d0b33c912,heartbeat,-50
2026-09-20T15:13:02.226924+00:00,AP_02,dev_1f7d38735c96fb65,heartbeat,-47
2026-09-20T15:13:06.226924+00:00,AP_01,dev_069605993fcd64eb,heartbeat,-49
2026-09-20T15:13:06.226924+00:00,AP_01,dev_7a7cb5ddf5eb7995,heartbeat,-49
2026-09-20T15:13:06.226924+00:00,AP_02,dev_89db6f69939e3a2d,heartbeat,-54
2026-09-20T15:13:07.226924+00:00,AP_01,dev_539021518e086590,heartbeat,-55
2026-09-20T15:13:07.226924+00:00,AP_02,dev_67afb0bc703b419b,heartbeat,-51
2026-09-20T15:13:08.226924+00:00,AP_01,dev_f50ad49c2c67a14f,heartbeat,-52
2026-09-20T15:13:08.226924+00:00,AP_01,dev_4f88e58b44e4f3e4,heartbeat,-47
2026-09-20T15:13:08.226924+00:00,AP_02,dev_2ef071463abd9f1c,heartbeat,-46
2026-09-20T15:13:08.226924+00:00,AP_03,dev_8ab185ddc4f920ba,heartbeat,-50
2026-09-20T15:13:14.226924+00:00,AP_01,dev_c406cbd22ec99ead,heartbeat,-49
2026-09-20T15:13:15.226924+00:00,AP_02,dev_dac99220a0ad0fd7,heartbeat,-53
2026-09-20T15:13:15.226924+00:00,AP_01,dev_6e87a995d8ad91a8,heartbeat,-46
2026-09-20T15:13:15.226924+00:00,AP_02,dev_4ac84bb5b54bd1e2,heartbeat,-46
2026-09-20T15:13:16.226924+00:00,AP_01,dev_5b04e3a652d6313a,heartbeat,-44
2026-09-20T15:13:16.226924+00:00,AP_02,dev_7dc730154810b19b,heartbeat,-49
2026-09-20T15:13:16.226924+00:00,AP_02,dev_c4c59c0a301caf36,heartbeat,-48
2026-09-20T15:13:16.226924+00:00,AP_02,dev_44bae648792c87a3,heartbeat,-49
2026-09-20T15:13:16.226924+00:00,AP_03,dev_0ee25486519d39a2,heartbeat,-49
2026-09-20T15:13:18.226924+00:00,AP_02,dev_2b173c18c059f8e9,heartbeat,-46
2026-09-20T15:13:19.226924+00:00,AP_01,dev_35778c3c4e63c5e5,heartbeat,-54
2026-09-20T15:13:19.226924+00:00,AP_02,dev_e880e41ccd1eeaca,heartbeat,-55
2026-09-20T15:13:19.226924+00:00,AP_02,dev_55eaa3daf2dd130b,heartbeat,-49
2026-09-20T15:13:20.226924+00:00,AP_01,dev_731b3d87b1dc7eee,heartbeat,-52
2026-09-20T15:13:20.226924+00:00,AP_02,dev_e1493be4e7873c05,heartbeat,-50
2026-09-20T15:13:20.226924+00:00,AP_03,dev_07284014dce9133c,heartbeat,-54
2026-09-20T15:13:21.226924+00:00,AP_01,dev_3685007455cd815a,heartbeat,-49
2026-09-20T15:13:21.226924+00:00,AP_02,dev_349b3f24156b47ac,heartbeat,-55
2026-09-20T15:13:21.226924+00:00,AP_03,dev_a4b93ff51018f4c5,heartbeat,-45
2026-09-20T15:13:22.226924+00:00,AP_01,dev_605e9822a32bf845,heartbeat,-49
2026-09-20T15:13:23.226924+00:00,AP_03,dev_75cf3775171f19ea,heartbeat,-55
2026-09-20T15:13:24.226924+00:00,AP_01,dev_b5f693bdb2568671,heartbeat,-48
2026-09-20T15:13:24.226924+00:00,AP_03,dev_5873e32b3ae4395f,heartbeat,-45
2026-09-20T15:13:25.226924+00:00,AP_01,dev_8036e1c3a6abbe3c,heartbeat,-51
2026-09-20T15:13:25.226924+00:00,AP_01,dev_ea5204da7be6a53e,heartbeat,-50
2026-09-20T15:13:25.226924+00:00,AP_01,dev_62e4eb8d4981d69d,heartbeat,-45
2026-09-20T15:13:25.226924+00:00,AP_02,dev_dba56be9de81f118,heartbeat,-50
2026-09-20T15:13:26.226924+00:00,AP_01,dev_daba50eec8c1da46,heartbeat,-50
2026-09-20T15:13:26.226924+00:00,AP_01,dev_bc8d7b6196fcef34,heartbeat,-45
2026-09-20T15:13:27.226924+00:00,AP_01,dev_bbc41c619e88bd47,heartbeat,-48
2026-09-20T15:13:28.226924+00:00,AP_02,dev_e0901586fe4e5714,heartbeat,-51
2026-09-20T15:13:29.226924+00:00,AP_01,dev_932d334d0b33c912,heartbeat,-47
2026-09-20T15:13:29.226924+00:00,AP_01,dev_0f1959ebaf2421f7,heartbeat,-52
2026-09-20T15:13:32.226924+00:00,AP_02,dev_0f96d15f51d22665,heartbeat,-48
2026-09-20T15:13:33.226924+00:00,AP_01,dev_101e46487f17e515,heartbeat,-50
2026-09-20T15:13:33.226924+00:00,AP_02,dev_1f7d38735c96fb65,heartbeat,-49
2026-09-20T15:13:34.226924+00:00,AP_01,dev_445ccbc2b30f400c,heartbeat,-48
2026-09-20T15:13:34.226924+00:00,AP_01,dev_539021518e086590,heartbeat,-49
2026-09-20T15:13:34.226924+00:00,AP_02,dev_67afb0bc703b419b,heartbeat,-52
2026-09-20T15:13:35.226924+00:00,AP_01,dev_7a7cb5ddf5eb7995,heartbeat,-54
2026-09-20T15:13:35.226924+00:00,AP_02,dev_89db6f69939e3a2d,heartbeat,-52
2026-09-20T15:13:36.226924+00:00,AP_03,dev_8ab185ddc4f920ba,heartbeat,-45
2026-09-20T15:13:37.226924+00:00,AP_01,dev_069605993fcd64eb,heartbeat,-51
2026-09-20T15:13:39.226924+00:00,AP_01,dev_4f88e58b44e4f3e4,heartbeat,-51
2026-09-20T15:13:39.226924+00:00,AP_02,dev_2ef071463abd9f1c,heartbeat,-46
2026-09-20T15:13:40.226924+00:00,AP_01,dev_f50ad49c2c67a14f,heartbeat,-50
2026-09-20T15:13:43.226924+00:00,AP_01,dev_5b04e3a652d6313a,heartbeat,-51
2026-09-20T15:13:43.226924+00:00,AP_01,dev_c406cbd22ec99ead,heartbeat,-49
2026-09-20T15:13:43.226924+00:00,AP_01,dev_6e87a995d8ad91a8,heartbeat,-48
2026-09-20T15:13:44.226924+00:00,AP_02,dev_4ac84bb5b54bd1e2,heartbeat,-49
2026-09-20T15:13:44.226924+00:00,AP_03,dev_0ee25486519d39a2,heartbeat,-56
2026-09-20T15:13:46.226924+00:00,AP_02,dev_44bae648792c87a3,heartbeat,-49
2026-09-20T15:13:47.226924+00:00,AP_02,dev_e880e41ccd1eeaca,heartbeat,-43
2026-09-20T15:13:48.226924+00:00,AP_01,dev_731b3d87b1dc7eee,heartbeat,-46
2026-09-20T15:13:48.226924+00:00,AP_02,dev_dac99220a0ad0fd7,heartbeat,-52
2026-09-20T15:13:48.226924+00:00,AP_02,dev_c4c59c0a301caf36,heartbeat,-43
2026-09-20T15:13:49.226924+00:00,AP_02,dev_7dc730154810b19b,heartbeat,-52
2026-09-20T15:13:49.226924+00:00,AP_02,dev_349b3f24156b47ac,heartbeat,-54
2026-09-20T15:13:49.226924+00:00,AP_03,dev_07284014dce9133c,heartbeat,-46
2026-09-20T15:13:50.226924+00:00,AP_01,dev_35778c3c4e63c5e5,heartbeat,-48
2026-09-20T15:13:50.226924+00:00,AP_01,dev_3685007455cd815a,heartbeat,-55
2026-09-20T15:13:50.226924+00:00,AP_02,dev_55eaa3daf2dd130b,heartbeat,-41
2026-09-20T15:13:50.226924+00:00,AP_02,dev_2b173c18c059f8e9,heartbeat,-47
2026-09-20T15:13:50.226924+00:00,AP_03,dev_a4b93ff51018f4c5,heartbeat,-50
2026-09-20T15:13:52.226924+00:00,AP_01,dev_b5f693bdb2568671,heartbeat,-51
2026-09-20T15:13:52.226924+00:00,AP_02,dev_e1493be4e7873c05,heartbeat,-47
2026-09-20T15:13:53.226924+00:00,AP_01,dev_62e4eb8d4981d69d,heartbeat,-50
2026-09-20T15:13:53.226924+00:00,AP_03,dev_5873e32b3ae4395f,heartbeat,-52
2026-09-20T15:13:54.226924+00:00,AP_01,dev_605e9822a32bf845,heartbeat,-46
2026-09-20T15:13:54.226924+00:00,AP_01,dev_ea5204da7be6a53e,heartbeat,-58
2026-09-20T15:13:54.226924+00:00,AP_01,dev_bc8d7b6196fcef34,heartbeat,-55
2026-09-20T15:13:54.226924+00:00,AP_03,dev_75cf3775171f19ea,heartbeat,-51
2026-09-20T15:13:55.226924+00:00,AP_01,dev_daba50eec8c1da46,heartbeat,-45
2026-09-20T15:13:57.226924+00:00,AP_01,dev_8036e1c3a6abbe3c,heartbeat,-50
2026-09-20T15:13:57.226924+00:00,AP_01,dev_bbc41c619e88bd47,heartbeat,-53
2026-09-20T15:13:57.226924+00:00,AP_01,dev_932d334d0b33c912,heartbeat,-51
2026-09-20T15:13:58.226924+00:00,AP_01,dev_0f1959ebaf2421f7,heartbeat,-53
2026-09-20T15:13:58.226924+00:00,AP_02,dev_dba56be9de81f118,heartbeat,-49
2026-09-20T15:13:59.226924+00:00,AP_02,dev_0f96d15f51d22665,heartbeat,-51
2026-09-20T15:14:00.226924+00:00,AP_02,dev_1f7d38735c96fb65,heartbeat,-52
2026-09-20T15:14:01.226924+00:00,AP_02,dev_e0901586fe4e5714,heartbeat,-47
2026-09-20T15:14:02.226924+00:00,AP_01,dev_101e46487f17e515,heartbeat,-58
2026-09-20T15:14:02.226924+00:00,AP_01,dev_539021518e086590,heartbeat,-43
2026-09-20T15:14:04.226924+00:00,AP_02,dev_89db6f69939e3a2d,heartbeat,-48
2026-09-20T15:14:06.226924+00:00,AP_01,dev_069605993fcd64eb,heartbeat,-52
2026-09-20T15:14:06.226924+00:00,AP_01,dev_445ccbc2b30f400c,heartbeat,-52
2026-09-20T15:14:06.226924+00:00,AP_02,dev_67afb0bc703b419b,heartbeat,-50
2026-09-20T15:14:07.226924+00:00,AP_02,dev_2ef071463abd9f1c,heartbeat,-50
2026-09-20T15:14:07.226924+00:00,AP_03,dev_8ab185ddc4f920ba,heartbeat,-48
2026-09-20T15:14:08.226924+00:00,AP_01,dev_f50ad49c2c67a14f,heartbeat,-52
2026-09-20T15:14:08.226924+00:00,AP_01,dev_7a7cb5ddf5eb7995,heartbeat,-50
2026-09-20T15:14:09.226924+00:00,AP_01,dev_4f88e58b44e4f3e4,heartbeat,-51
2026-09-20T15:14:12.226924+00:00,AP_01,dev_6e87a995d8ad91a8,heartbeat,-50
2026-09-20T15:14:14.226924+00:00,AP_01,dev_5b04e3a652d6313a,heartbeat,-49
2026-09-20T15:14:15.226924+00:00,AP_01,dev_c406cbd22ec99ead,heartbeat,-52
2026-09-20T15:14:15.226924+00:00,AP_02,dev_e880e41ccd1eeaca,heartbeat,-52
2026-09-20T15:14:15.226924+00:00,AP_02,dev_4ac84bb5b54bd1e2,heartbeat,-49
2026-09-20T15:14:16.226924+00:00,AP_01,dev_731b3d87b1dc7eee,heartbeat,-39
2026-09-20T15:14:16.226924+00:00,AP_03,dev_07284014dce9133c,heartbeat,-43
2026-09-20T15:14:17.226924+00:00,AP_02,dev_44bae648792c87a3,heartbeat,-43
2026-09-20T15:14:17.226924+00:00,AP_03,dev_0ee25486519d39a2,heartbeat,-49
2026-09-20T15:14:18.226924+00:00,AP_02,dev_dac99220a0ad0fd7,heartbeat,-53
2026-09-20T15:14:18.226924+00:00,AP_03,dev_a4b93ff51018f4c5,heartbeat,-57
2026-09-20T15:14:19.226924+00:00,AP_01,dev_35778c3c4e63c5e5,heartbeat,-44
2026-09-20T15:14:19.226924+00:00,AP_02,dev_7dc730154810b19b,heartbeat,-53
2026-09-20T15:14:19.226924+00:00,AP_02,dev_e1493be4e7873c05,heartbeat,-49
2026-09-20T15:14:20.226924+00:00,AP_02,dev_c4c59c0a301caf36,heartbeat,-54
2026-09-20T15:14:20.226924+00:00,AP_02,dev_2b173c18c059f8e9,heartbeat,-44
2026-09-20T15:14:21.226924+00:00,AP_01,dev_bc8d7b6196fcef34,heartbeat,-55
2026-09-20T15:14:21.226924+00:00,AP_01,dev_62e4eb8d4981d69d,heartbeat,-53
2026-09-20T15:14:21.226924+00:00,AP_02,dev_349b3f24156b47ac,heartbeat,-50
2026-09-20T15:14:22.226924+00:00,AP_01,dev_daba50eec8c1da46,heartbeat,-47
2026-09-20T15:14:22.226924+00:00,AP_01,dev_b5f693bdb2568671,heartbeat,-48
2026-09-20T15:14:23.226924+00:00,AP_01,dev_3685007455cd815a,heartbeat,-49
2026-09-20T15:14:23.226924+00:00,AP_02,dev_55eaa3daf2dd130b,heartbeat,-48
2026-09-20T15:14:24.226924+00:00,AP_01,dev_8036e1c3a6abbe3c,heartbeat,-49
2026-09-20T15:14:24.226924+00:00,AP_01,dev_bbc41c619e88bd47,heartbeat,-49
2026-09-20T15:14:25.226924+00:00,AP_03,dev_75cf3775171f19ea,heartbeat,-47
2026-09-20T15:14:26.226924+00:00,AP_01,dev_605e9822a32bf845,heartbeat,-49
2026-09-20T15:14:26.226924+00:00,AP_01,dev_ea5204da7be6a53e,heartbeat,-46
2026-09-20T15:14:26.226924+00:00,AP_03,dev_5873e32b3ae4395f,heartbeat,-54
2026-09-20T15:14:28.226924+00:00,AP_01,dev_932d334d0b33c912,heartbeat,-44
2026-09-20T15:14:28.226924+00:00,AP_01,dev_0f1959ebaf2421f7,heartbeat,-42
2026-09-20T15:14:28.226924+00:00,AP_02,dev_0f96d15f51d22665,heartbeat,-48
2026-09-20T15:14:28.226924+00:00,AP_02,dev_1f7d38735c96fb65,heartbeat,-48
2026-09-20T15:14:28.226924+00:00,AP_02,dev_dba56be9de81f118,heartbeat,-46
2026-09-20T15:14:28.226924+00:00,AP_02,dev_e0901586fe4e5714,heartbeat,-48
2026-09-20T15:14:33.226924+00:00,AP_01,dev_069605993fcd64eb,heartbeat,-49
2026-09-20T15:14:33.226924+00:00,AP_02,dev_67afb0bc703b419b,heartbeat,-52
2026-09-20T15:14:34.226924+00:00,AP_01,dev_101e46487f17e515,heartbeat,-52
2026-09-20T15:14:34.226924+00:00,AP_01,dev_539021518e086590,heartbeat,-52
2026-09-20T15:14:35.226924+00:00,AP_01,dev_f50ad49c2c67a14f,heartbeat,-47
2026-09-20T15:14:36.226924+00:00,AP_02,dev_89db6f69939e3a2d,heartbeat,-58
2026-09-20T15:14:38.226924+00:00,AP_01,dev_445ccbc2b30f400c,heartbeat,-52
2026-09-20T15:14:38.226924+00:00,AP_01,dev_4f88e58b44e4f3e4,heartbeat,-48
2026-09-20T15:14:39.226924+00:00,AP_02,dev_2ef071463abd9f1c,heartbeat,-44
2026-09-20T15:14:40.226924+00:00,AP_01,dev_7a7cb5ddf5eb7995,heartbeat,-44
2026-09-20T15:14:40.226924+00:00,AP_03,dev_8ab185ddc4f920ba,heartbeat,-56
2026-09-20T15:14:42.226924+00:00,AP_01,dev_5b04e3a652d6313a,heartbeat,-47
2026-09-20T15:14:43.226924+00:00,AP_03,dev_07284014dce9133c,heartbeat,-50
2026-09-20T15:14:44.226924+00:00,AP_01,dev_6e87a995d8ad91a8,heartbeat,-45
2026-09-20T15:14:45.226924+00:00,AP_02,dev_e880e41ccd1eeaca,heartbeat,-46
2026-09-20T15:14:45.226924+00:00,AP_03,dev_0ee25486519d39a2,heartbeat,-52
2026-09-20T15:14:46.226924+00:00,AP_02,dev_4ac84bb5b54bd1e2,heartbeat,-47
2026-09-20T15:14:47.226924+00:00,AP_01,dev_c406cbd22ec99ead,heartbeat,-50
2026-09-20T15:14:47.226924+00:00,AP_02,dev_dac99220a0ad0fd7,heartbeat,-51
2026-09-20T15:14:47.226924+00:00,AP_02,dev_44bae648792c87a3,heartbeat,-46
2026-09-20T15:14:48.226924+00:00,AP_01,dev_bc8d7b6196fcef34,heartbeat,-52
2026-09-20T15:14:49.226924+00:00,AP_01,dev_35778c3c4e63c5e5,heartbeat,-44
2026-09-20T15:14:49.226924+00:00,AP_01,dev_731b3d87b1dc7eee,heartbeat,-47
2026-09-20T15:14:49.226924+00:00,AP_02,dev_c4c59c0a301caf36,heartbeat,-50
2026-09-20T15:14:50.226924+00:00,AP_01,dev_62e4eb8d4981d69d,heartbeat,-57
2026-09-20T15:14:50.226924+00:00,AP_02,dev_55eaa3daf2dd130b,heartbeat,-50
2026-09-20T15:14:50.226924+00:00,AP_03,dev_a4b93ff51018f4c5,heartbeat,-54
2026-09-20T15:14:51.226924+00:00,AP_02,dev_7dc730154810b19b,heartbeat,-50
2026-09-20T15:14:51.226924+00:00,AP_02,dev_e1493be4e7873c05,heartbeat,-55
2026-09-20T15:14:52.226924+00:00,AP_01,dev_daba50eec8c1da46,heartbeat,-50
2026-09-20T15:14:52.226924+00:00,AP_01,dev_bbc41c619e88bd47,heartbeat,-49
2026-09-20T15:14:52.226924+00:00,AP_02,dev_2b173c18c059f8e9,heartbeat,-50
2026-09-20T15:14:53.226924+00:00,AP_01,dev_b5f693bdb2568671,heartbeat,-47
2026-09-20T15:14:54.226924+00:00,AP_01,dev_3685007455cd815a,heartbeat,-46
2026-09-20T15:14:54.226924+00:00,AP_02,dev_349b3f24156b47ac,heartbeat,-48
2026-09-20T15:14:54.226924+00:00,AP_03,dev_5873e32b3ae4395f,heartbeat,-50
2026-09-20T15:14:56.226924+00:00,AP_01,dev_8036e1c3a6abbe3c,heartbeat,-46
2026-09-20T15:14:56.226924+00:00,AP_01,dev_605e9822a32bf845,heartbeat,-47
2026-09-20T15:14:56.226924+00:00,AP_01,dev_ea5204da7be6a53e,heartbeat,-46
2026-09-20T15:14:56.226924+00:00,AP_03,dev_75cf3775171f19ea,heartbeat,-55
2026-09-20T15:14:56.226924+00:00,AP_02,dev_1f7d38735c96fb65,heartbeat,-50
2026-09-20T15:14:56.226924+00:00,AP_02,dev_dba56be9de81f118,heartbeat,-46
2026-09-20T15:14:58.226924+00:00,AP_01,dev_932d334d0b33c912,heartbeat,-47
2026-09-20T15:14:58.226924+00:00,AP_02,dev_0f96d15f51d22665,heartbeat,-53
2026-09-20T15:15:00.226924+00:00,AP_01,dev_0f1959ebaf2421f7,heartbeat,-48
2026-09-20T15:15:01.226924+00:00,AP_02,dev_e0901586fe4e5714,heartbeat,-52
2026-09-20T15:15:02.226924+00:00,AP_01,dev_539021518e086590,heartbeat,-55
2026-09-20T15:15:04.226924+00:00,AP_01,dev_101e46487f17e515,heartbeat,-48
2026-09-20T15:15:04.226924+00:00,AP_02,dev_89db6f69939e3a2d,heartbeat,-44
2026-09-20T15:15:06.226924+00:00,AP_01,dev_069605993fcd64eb,heartbeat,-52
2026-09-20T15:15:06.226924+00:00,AP_02,dev_67afb0bc703b419b,heartbeat,-44
2026-09-20T15:15:07.226924+00:00,AP_01,dev_f50ad49c2c67a14f,heartbeat,-44
2026-09-20T15:15:07.226924+00:00,AP_01,dev_445ccbc2b30f400c,heartbeat,-57
2026-09-20T15:15:07.226924+00:00,AP_01,dev_4f88e58b44e4f3e4,heartbeat,-47
2026-09-20T15:15:07.226924+00:00,AP_03,dev_8ab185ddc4f920ba,heartbeat,-55
2026-09-20T15:15:09.226924+00:00,AP_01,dev_5b04e3a652d6313a,heartbeat,-49
2026-09-20T15:15:09.226924+00:00,AP_02,dev_2ef071463abd9f1c,heartbeat,-53
2026-09-20T15:15:11.226924+00:00,AP_01,dev_7a7cb5ddf5eb7995,heartbeat,-47
2026-09-20T15:15:13.226924+00:00,AP_02,dev_e880e41ccd1eeaca,heartbeat,-55
2026-09-20T15:15:13.226924+00:00,AP_01,dev_6e87a995d8ad91a8,heartbeat,-50
2026-09-20T15:15:14.226924+00:00,AP_02,dev_44bae648792c87a3,heartbeat,-47
2026-09-20T15:15:14.226924+00:00,AP_03,dev_0ee25486519d39a2,heartbeat,-49
2026-09-20T15:15:15.226924+00:00,AP_02,dev_4ac84bb5b54bd1e2,heartbeat,-51
2026-09-20T15:15:15.226924+00:00,AP_03,dev_07284014dce9133c,heartbeat,-45
2026-09-20T15:15:17.226924+00:00,AP_01,dev_731b3d87b1dc7eee,heartbeat,-51
2026-09-20T15:15:17.226924+00:00,AP_01,dev_bc8d7b6196fcef34,heartbeat,-45
2026-09-20T15:15:18.226924+00:00,AP_01,dev_c406cbd22ec99ead,heartbeat,-52
2026-09-20T15:15:18.226924+00:00,AP_02,dev_55eaa3daf2dd130b,heartbeat,-48
2026-09-20T15:15:19.226924+00:00,AP_02,dev_7dc730154810b19b,heartbeat,-45
2026-09-20T15:15:19.226924+00:00,AP_02,dev_e1493be4e7873c05,heartbeat,-49
2026-09-20T15:15:19.226924+00:00,AP_03,dev_a4b93ff51018f4c5,heartbeat,-44
2026-09-20T15:15:20.226924+00:00,AP_01,dev_35778c3c4e63c5e5,heartbeat,-48
2026-09-20T15:15:20.226924+00:00,AP_01,dev_daba50eec8c1da46,heartbeat,-52
2026-09-20T15:15:20.226924+00:00,AP_02,dev_dac99220a0ad0fd7,heartbeat,-50
2026-09-20T15:15:21.226924+00:00,AP_02,dev_349b3f24156b47ac,heartbeat,-50
2026-09-20T15:15:21.226924+00:00,AP_02,dev_c4c59c0a301caf36,heartbeat,-54
2026-09-20T15:15:22.226924+00:00,AP_01,dev_bbc41c619e88bd47,heartbeat,-49
2026-09-20T15:15:22.226924+00:00,AP_01,dev_b5f693bdb2568671,heartbeat,-50
2026-09-20T15:15:22.226924+00:00,AP_01,dev_62e4eb8d4981d69d,heartbeat,-48
2026-09-20T15:15:23.226924+00:00,AP_02,dev_1f7d38735c96fb65,heartbeat,-46
2026-09-20T15:15:23.226924+00:00,AP_03,dev_5873e32b3ae4395f,heartbeat,-50
2026-09-20T15:15:24.226924+00:00,AP_01,dev_ea5204da7be6a53e,heartbeat,-50
2026-09-20T15:15:24.226924+00:00,AP_02,dev_dba56be9de81f118,heartbeat,-43
2026-09-20T15:15:25.226924+00:00,AP_01,dev_8036e1c3a6abbe3c,heartbeat,-49
2026-09-20T15:15:25.226924+00:00,AP_03,dev_75cf3775171f19ea,heartbeat,-52
2026-09-20T15:15:25.226924+00:00,AP_02,dev_0f96d15f51d22665,heartbeat,-50
2026-09-20T15:15:25.226924+00:00,AP_02,dev_2b173c18c059f8e9,heartbeat,-52
2026-09-20T15:15:27.226924+00:00,AP_01,dev_3685007455cd815a,heartbeat,-47
2026-09-20T15:15:27.226924+00:00,AP_01,dev_605e9822a32bf845,heartbeat,-54
2026-09-20T15:15:28.226924+00:00,AP_01,dev_932d334d0b33c912,heartbeat,-50
2026-09-20T15:15:29.226924+00:00,AP_01,dev_0f1959ebaf2421f7,heartbeat,-54
2026-09-20T15:15:33.226924+00:00,AP_01,dev_069605993fcd64eb,heartbeat,-52
2026-09-20T15:15:34.226924+00:00,AP_02,dev_e0901586fe4e5714,heartbeat,-44
2026-09-20T15:15:35.226924+00:00,AP_01,dev_101e46487f17e515,heartbeat,-53
2026-09-20T15:15:35.226924+00:00,AP_01,dev_539021518e086590,heartbeat,-53
2026-09-20T15:15:35.226924+00:00,AP_02,dev_67afb0bc703b419b,disconnect,-56
2026-09-20T15:15:35.226924+00:00,AP_02,dev_e1493be4e7873c05,disconnect,-53
2026-09-20T15:15:35.226924+00:00,AP_02,dev_89db6f69939e3a2d,heartbeat,-51
2026-09-20T15:15:38.226924+00:00,AP_01,dev_4f88e58b44e4f3e4,heartbeat,-53
2026-09-20T15:15:38.226924+00:00,AP_03,dev_8ab185ddc4f920ba,heartbeat,-54
2026-09-20T15:15:39.226924+00:00,AP_01,dev_7a7cb5ddf5eb7995,heartbeat,-48
2026-09-20T15:15:40.226924+00:00,AP_01,dev_f50ad49c2c67a14f,heartbeat,-46
2026-09-20T15:15:40.226924+00:00,AP_01,dev_445ccbc2b30f400c,heartbeat,-52
2026-09-20T15:15:40.226924+00:00,AP_02,dev_2ef071463abd9f1c,heartbeat,-47
2026-09-20T15:15:42.226924+00:00,AP_01,dev_5b04e3a652d6313a,heartbeat,-49
2026-09-20T15:15:44.226924+00:00,AP_02,dev_e880e41ccd1eeaca,heartbeat,-54
2026-09-20T15:15:46.226924+00:00,AP_01,dev_6e87a995d8ad91a8,heartbeat,-51
2026-09-20T15:15:47.226924+00:00,AP_02,dev_7dc730154810b19b,heartbeat,-47
2026-09-20T15:15:47.226924+00:00,AP_02,dev_4ac84bb5b54bd1e2,heartbeat,-52
2026-09-20T15:15:47.226924+00:00,AP_02,dev_44bae648792c87a3,heartbeat,-48
2026-09-20T15:15:47.226924+00:00,AP_03,dev_0ee25486519d39a2,heartbeat,-51
2026-09-20T15:15:48.226924+00:00,AP_01,dev_daba50eec8c1da46,heartbeat,-38
2026-09-20T15:15:48.226924+00:00,AP_02,dev_55eaa3daf2dd130b,heartbeat,-49
2026-09-20T15:15:48.226924+00:00,AP_03,dev_07284014dce9133c,heartbeat,-51
2026-09-20T15:15:49.226924+00:00,AP_01,dev_c406cbd22ec99ead,heartbeat,-50
2026-09-20T15:15:49.226924+00:00,AP_01,dev_bc8d7b6196fcef34,heartbeat,-51
2026-09-20T15:15:49.226924+00:00,AP_02,dev_dac99220a0ad0fd7,heartbeat,-49
2026-09-20T15:15:50.226924+00:00,AP_01,dev_35778c3c4e63c5e5,heartbeat,-51
2026-09-20T15:15:50.226924+00:00,AP_01,dev_731b3d87b1dc7eee,heartbeat,-50
2026-09-20T15:15:50.226924+00:00,AP_01,dev_bbc41c619e88bd47,heartbeat,-51
2026-09-20T15:15:50.226924+00:00,AP_02,dev_c4c59c0a301caf36,heartbeat,-52
2026-09-20T15:15:50.226924+00:00,AP_03,dev_a4b93ff51018f4c5,disconnect,-77
2026-09-20T15:15:51.226924+00:00,AP_01,dev_62e4eb8d4981d69d,heartbeat,-51
2026-09-20T15:15:51.226924+00:00,AP_02,dev_349b3f24156b47ac,heartbeat,-47
2026-09-20T15:15:52.226924+00:00,AP_03,dev_5873e32b3ae4395f,heartbeat,-49
2026-09-20T15:15:52.226924+00:00,AP_01,dev_a4b93ff51018f4c5,connect,-53
2026-09-20T15:15:52.226924+00:00,AP_01,dev_a4b93ff51018f4c5,heartbeat,-48
2026-09-20T15:15:54.226924+00:00,AP_01,dev_ea5204da7be6a53e,heartbeat,-51
2026-09-20T15:15:54.226924+00:00,AP_02,dev_1f7d38735c96fb65,heartbeat,-49
2026-09-20T15:15:55.226924+00:00,AP_01,dev_8036e1c3a6abbe3c,heartbeat,-53
2026-09-20T15:15:55.226924+00:00,AP_01,dev_b5f693bdb2568671,heartbeat,-44
2026-09-20T15:15:55.226924+00:00,AP_01,dev_932d334d0b33c912,heartbeat,-42
2026-09-20T15:15:56.226924+00:00,AP_03,dev_75cf3775171f19ea,heartbeat,-56
2026-09-20T15:15:56.226924+00:00,AP_02,dev_0f96d15f51d22665,heartbeat,-53
2026-09-20T15:15:56.226924+00:00,AP_02,dev_dba56be9de81f118,heartbeat,-50
2026-09-20T15:15:56.226924+00:00,AP_02,dev_2b173c18c059f8e9,heartbeat,-49
2026-09-20T15:15:59.226924+00:00,AP_01,dev_3685007455cd815a,heartbeat,-48
2026-09-20T15:15:59.226924+00:00,AP_01,dev_605e9822a32bf845,heartbeat,-49
2026-09-20T15:16:02.226924+00:00,AP_01,dev_539021518e086590,heartbeat,-53
2026-09-20T15:16:02.226924+00:00,AP_01,dev_0f1959ebaf2421f7,heartbeat,-54
2026-09-20T15:16:02.226924+00:00,AP_02,dev_89db6f69939e3a2d,heartbeat,-49
2026-09-20T15:16:03.226924+00:00,AP_01,dev_069605993fcd64eb,heartbeat,-53
2026-09-20T15:16:04.226924+00:00,AP_01,dev_101e46487f17e515,heartbeat,-49
2026-09-20T15:16:05.226924+00:00,AP_02,dev_e0901586fe4e5714,heartbeat,-48
2026-09-20T15:16:06.226924+00:00,AP_03,dev_8ab185ddc4f920ba,heartbeat,-51
2026-09-20T15:16:07.226924+00:00,AP_02,dev_2ef071463abd9f1c,heartbeat,-50
2026-09-20T15:16:08.226924+00:00,AP_01,dev_7a7cb5ddf5eb7995,heartbeat,-48
2026-09-20T15:16:09.226924+00:00,AP_01,dev_5b04e3a652d6313a,heartbeat,-50
2026-09-20T15:16:09.226924+00:00,AP_01,dev_4f88e58b44e4f3e4,heartbeat,-52
2026-09-20T15:16:10.226924+00:00,AP_01,dev_445ccbc2b30f400c,heartbeat,-53
2026-09-20T15:16:12.226924+00:00,AP_01,dev_f50ad49c2c67a14f,heartbeat,-49
2026-09-20T15:16:14.226924+00:00,AP_01,dev_6e87a995d8ad91a8,heartbeat,-54
2026-09-20T15:16:15.226924+00:00,AP_02,dev_e880e41ccd1eeaca,heartbeat,-43
2026-09-20T15:16:16.226924+00:00,AP_02,dev_7dc730154810b19b,heartbeat,-53
2026-09-20T15:16:16.226924+00:00,AP_02,dev_44bae648792c87a3,heartbeat,-52
2026-09-20T15:16:16.226924+00:00,AP_03,dev_0ee25486519d39a2,heartbeat,-48
2026-09-20T15:16:17.226924+00:00,AP_02,dev_c4c59c0a301caf36,heartbeat,-56
2026-09-20T15:16:18.226924+00:00,AP_01,dev_35778c3c4e63c5e5,heartbeat,-47
2026-09-20T15:16:18.226924+00:00,AP_02,dev_4ac84bb5b54bd1e2,heartbeat,-60
2026-09-20T15:16:18.226924+00:00,AP_03,dev_07284014dce9133c,heartbeat,-51
2026-09-20T15:16:19.226924+00:00,AP_01,dev_731b3d87b1dc7eee,heartbeat,-47
2026-09-20T15:16:19.226924+00:00,AP_01,dev_daba50eec8c1da46,heartbeat,-47
2026-09-20T15:16:19.226924+00:00,AP_01,dev_c406cbd22ec99ead,heartbeat,-45
2026-09-20T15:16:19.226924+00:00,AP_02,dev_dac99220a0ad0fd7,heartbeat,-44
2026-09-20T15:16:19.226924+00:00,AP_02,dev_55eaa3daf2dd130b,heartbeat,-53
2026-09-20T15:16:21.226924+00:00,AP_01,dev_ea5204da7be6a53e,heartbeat,-43
2026-09-20T15:16:21.226924+00:00,AP_01,dev_bc8d7b6196fcef34,heartbeat,-49
2026-09-20T15:16:21.226924+00:00,AP_03,dev_5873e32b3ae4395f,heartbeat,-52
2026-09-20T15:16:21.226924+00:00,AP_01,dev_a4b93ff51018f4c5,heartbeat,-50
2026-09-20T15:16:22.226924+00:00,AP_02,dev_349b3f24156b47ac,heartbeat,-50
2026-09-20T15:16:23.226924+00:00,AP_01,dev_bbc41c619e88bd47,heartbeat,-57
2026-09-20T15:16:23.226924+00:00,AP_02,dev_dba56be9de81f118,heartbeat,-55
2026-09-20T15:16:24.226924+00:00,AP_01,dev_932d334d0b33c912,heartbeat,-52
2026-09-20T15:16:24.226924+00:00,AP_01,dev_62e4eb8d4981d69d,heartbeat,-50
2026-09-20T15:16:24.226924+00:00,AP_02,dev_2b173c18c059f8e9,heartbeat,-52
2026-09-20T15:16:26.226924+00:00,AP_02,dev_1f7d38735c96fb65,heartbeat,-49
2026-09-20T15:16:27.226924+00:00,AP_01,dev_3685007455cd815a,heartbeat,-53
2026-09-20T15:16:27.226924+00:00,AP_01,dev_605e9822a32bf845,heartbeat,-48
2026-09-20T15:16:28.226924+00:00,AP_01,dev_8036e1c3a6abbe3c,heartbeat,-49
2026-09-20T15:16:28.226924+00:00,AP_01,dev_b5f693bdb2568671,heartbeat,-52
2026-09-20T15:16:28.226924+00:00,AP_03,dev_75cf3775171f19ea,heartbeat,-52
2026-09-20T15:16:28.226924+00:00,AP_02,dev_0f96d15f51d22665,heartbeat,-47
2026-09-20T15:16:32.226924+00:00,AP_01,dev_101e46487f17e515,heartbeat,-43
2026-09-20T15:16:32.226924+00:00,AP_01,dev_539021518e086590,heartbeat,-46
2026-09-20T15:16:32.226924+00:00,AP_02,dev_e0901586fe4e5714,heartbeat,-46
2026-09-20T15:16:33.226924+00:00,AP_02,dev_89db6f69939e3a2d,heartbeat,-48
2026-09-20T15:16:34.226924+00:00,AP_01,dev_069605993fcd64eb,heartbeat,-53
2026-09-20T15:16:34.226924+00:00,AP_01,dev_0f1959ebaf2421f7,heartbeat,-53
2026-09-20T15:16:35.226924+00:00,AP_01,dev_731b3d87b1dc7eee,disconnect,-49
2026-09-20T15:16:37.226924+00:00,AP_01,dev_445ccbc2b30f400c,heartbeat,-50
2026-09-20T15:16:37.226924+00:00,AP_03,dev_8ab185ddc4f920ba,heartbeat,-53
2026-09-20T15:16:38.226924+00:00,AP_01,dev_4f88e58b44e4f3e4,heartbeat,-50
2026-09-20T15:16:38.226924+00:00,AP_01,dev_7a7cb5ddf5eb7995,heartbeat,-54
2026-09-20T15:16:38.226924+00:00,AP_02,dev_2ef071463abd9f1c,heartbeat,-53
2026-09-20T15:16:39.226924+00:00,AP_01,dev_f50ad49c2c67a14f,heartbeat,-48
2026-09-20T15:16:40.226924+00:00,AP_01,dev_5b04e3a652d6313a,heartbeat,-48
2026-09-20T15:16:44.226924+00:00,AP_02,dev_e880e41ccd1eeaca,heartbeat,-50
2026-09-20T15:16:44.226924+00:00,AP_02,dev_44bae648792c87a3,heartbeat,-51
2026-09-20T15:16:44.226924+00:00,AP_03,dev_0ee25486519d39a2,heartbeat,-58
2026-09-20T15:16:46.226924+00:00,AP_02,dev_55eaa3daf2dd130b,heartbeat,-55
2026-09-20T15:16:47.226924+00:00,AP_01,dev_c406cbd22ec99ead,heartbeat,-46
2026-09-20T15:16:47.226924+00:00,AP_02,dev_dac99220a0ad0fd7,heartbeat,-55
2026-09-20T15:16:47.226924+00:00,AP_02,dev_7dc730154810b19b,heartbeat,-50
2026-09-20T15:16:47.226924+00:00,AP_01,dev_6e87a995d8ad91a8,heartbeat,-44
2026-09-20T15:16:48.226924+00:00,AP_01,dev_ea5204da7be6a53e,heartbeat,-50
2026-09-20T15:16:49.226924+00:00,AP_02,dev_4ac84bb5b54bd1e2,heartbeat,-44
2026-09-20T15:16:50.226924+00:00,AP_01,dev_35778c3c4e63c5e5,heartbeat,-48
2026-09-20T15:16:50.226924+00:00,AP_01,dev_daba50eec8c1da46,heartbeat,-49
2026-09-20T15:16:50.226924+00:00,AP_02,dev_349b3f24156b47ac,heartbeat,-51
2026-09-20T15:16:50.226924+00:00,AP_02,dev_c4c59c0a301caf36,heartbeat,-45
2026-09-20T15:16:51.226924+00:00,AP_01,dev_a4b93ff51018f4c5,heartbeat,-54
2026-09-20T15:16:51.226924+00:00,AP_03,dev_07284014dce9133c,heartbeat,-52
2026-09-20T15:16:52.226924+00:00,AP_02,dev_dba56be9de81f118,heartbeat,-49
2026-09-20T15:16:52.226924+00:00,AP_03,dev_5873e32b3ae4395f,heartbeat,-48
2026-09-20T15:16:53.226924+00:00,AP_01,dev_932d334d0b33c912,heartbeat,-47
2026-09-20T15:16:53.226924+00:00,AP_01,dev_bc8d7b6196fcef34,heartbeat,-50
2026-09-20T15:16:54.226924+00:00,AP_02,dev_2b173c18c059f8e9,heartbeat,-53
2026-09-20T15:16:55.226924+00:00,AP_01,dev_bbc41c619e88bd47,heartbeat,-48
2026-09-20T15:16:55.226924+00:00,AP_01,dev_62e4eb8d4981d69d,heartbeat,-51
2026-09-20T15:16:56.226924+00:00,AP_02,dev_0f96d15f51d22665,heartbeat,-50
2026-09-20T15:16:56.226924+00:00,AP_02,dev_1f7d38735c96fb65,heartbeat,-51
2026-09-20T15:16:57.226924+00:00,AP_01,dev_8036e1c3a6abbe3c,heartbeat,-53
2026-09-20T15:16:58.226924+00:00,AP_01,dev_3685007455cd815a,heartbeat,-47
2026-09-20T15:17:00.226924+00:00,AP_01,dev_605e9822a32bf845,heartbeat,-43
2026-09-20T15:17:01.226924+00:00,AP_01,dev_101e46487f17e515,heartbeat,-52
2026-09-20T15:17:01.226924+00:00,AP_01,dev_b5f693bdb2568671,heartbeat,-53
2026-09-20T15:17:01.226924+00:00,AP_01,dev_539021518e086590,heartbeat,-49
2026-09-20T15:17:01.226924+00:00,AP_03,dev_75cf3775171f19ea,heartbeat,-46
2026-09-20T15:17:02.226924+00:00,AP_01,dev_0f1959ebaf2421f7,heartbeat,-48
2026-09-20T15:17:02.226924+00:00,AP_02,dev_e0901586fe4e5714,heartbeat,-46
2026-09-20T15:17:03.226924+00:00,AP_02,dev_89db6f69939e3a2d,heartbeat,-51
2026-09-20T15:17:05.226924+00:00,AP_01,dev_069605993fcd64eb,heartbeat,-49
2026-09-20T15:17:06.226924+00:00,AP_01,dev_445ccbc2b30f400c,heartbeat,-51
2026-09-20T15:17:07.226924+00:00,AP_02,dev_2ef071463abd9f1c,disconnect,-70
2026-09-20T15:17:07.226924+00:00,AP_03,dev_8ab185ddc4f920ba,heartbeat,-50
2026-09-20T15:17:08.226924+00:00,AP_01,dev_7a7cb5ddf5eb7995,heartbeat,-51
2026-09-20T15:17:09.226924+00:00,AP_01,dev_5b04e3a652d6313a,heartbeat,-51
2026-09-20T15:17:09.226924+00:00,AP_03,dev_2ef071463abd9f1c,connect,-51
2026-09-20T15:17:09.226924+00:00,AP_03,dev_2ef071463abd9f1c,heartbeat,-44
2026-09-20T15:17:10.226924+00:00,AP_01,dev_4f88e58b44e4f3e4,heartbeat,-56
2026-09-20T15:17:11.226924+00:00,AP_01,dev_f50ad49c2c67a14f,heartbeat,-52
2026-09-20T15:17:15.226924+00:00,AP_02,dev_e880e41ccd1eeaca,heartbeat,-45
2026-09-20T15:17:15.226924+00:00,AP_02,dev_44bae648792c87a3,heartbeat,-44
2026-09-20T15:17:15.226924+00:00,AP_03,dev_0ee25486519d39a2,heartbeat,-49
2026-09-20T15:17:16.226924+00:00,AP_02,dev_4ac84bb5b54bd1e2,heartbeat,-51
2026-09-20T15:17:17.226924+00:00,AP_02,dev_dac99220a0ad0fd7,heartbeat,-50
2026-09-20T15:17:17.226924+00:00,AP_01,dev_6e87a995d8ad91a8,heartbeat,-51
2026-09-20T15:17:17.226924+00:00,AP_02,dev_c4c59c0a301caf36,heartbeat,-55
2026-09-20T15:17:18.226924+00:00,AP_01,dev_c406cbd22ec99ead,heartbeat,-48
2026-09-20T15:17:18.226924+00:00,AP_02,dev_55eaa3daf2dd130b,heartbeat,-46
2026-09-20T15:17:20.226924+00:00,AP_01,dev_daba50eec8c1da46,heartbeat,-44
2026-09-20T15:17:20.226924+00:00,AP_01,dev_ea5204da7be6a53e,heartbeat,-54
2026-09-20T15:17:20.226924+00:00,AP_02,dev_7dc730154810b19b,heartbeat,-44
2026-09-20T15:17:20.226924+00:00,AP_02,dev_349b3f24156b47ac,heartbeat,-50
2026-09-20T15:17:20.226924+00:00,AP_02,dev_dba56be9de81f118,heartbeat,-48
2026-09-20T15:17:20.226924+00:00,AP_01,dev_a4b93ff51018f4c5,heartbeat,-55
2026-09-20T15:17:22.226924+00:00,AP_01,dev_35778c3c4e63c5e5,heartbeat,-49
2026-09-20T15:17:22.226924+00:00,AP_01,dev_932d334d0b33c912,heartbeat,-47
2026-09-20T15:17:22.226924+00:00,AP_01,dev_bc8d7b6196fcef34,heartbeat,-47
2026-09-20T15:17:22.226924+00:00,AP_03,dev_07284014dce9133c,heartbeat,-50
2026-09-20T15:17:23.226924+00:00,AP_01,dev_62e4eb8d4981d69d,heartbeat,-51
2026-09-20T15:17:23.226924+00:00,AP_02,dev_2b173c18c059f8e9,heartbeat,-52
2026-09-20T15:17:24.226924+00:00,AP_01,dev_8036e1c3a6abbe3c,heartbeat,-51
2026-09-20T15:17:25.226924+00:00,AP_01,dev_bbc41c619e88bd47,heartbeat,-45
2026-09-20T15:17:25.226924+00:00,AP_03,dev_5873e32b3ae4395f,heartbeat,-52
2026-09-20T15:17:26.226924+00:00,AP_02,dev_1f7d38735c96fb65,heartbeat,-55
2026-09-20T15:17:29.226924+00:00,AP_01,dev_b5f693bdb2568671,heartbeat,-55
2026-09-20T15:17:29.226924+00:00,AP_02,dev_0f96d15f51d22665,heartbeat,-55
2026-09-20T15:17:29.226924+00:00,AP_02,dev_e0901586fe4e5714,heartbeat,-47
2026-09-20T15:17:30.226924+00:00,AP_01,dev_101e46487f17e515,heartbeat,-55
2026-09-20T15:17:30.226924+00:00,AP_01,dev_3685007455cd815a,heartbeat,-45
2026-09-20T15:17:30.226924+00:00,AP_03,dev_75cf3775171f19ea,heartbeat,-50
2026-09-20T15:17:30.226924+00:00,AP_02,dev_89db6f69939e3a2d,heartbeat,-44
2026-09-20T15:17:32.226924+00:00,AP_01,dev_539021518e086590,heartbeat,-52
2026-09-20T15:17:33.226924+00:00,AP_01,dev_069605993fcd64eb,heartbeat,-44
2026-09-20T15:17:33.226924+00:00,AP_01,dev_605e9822a32bf845,heartbeat,-52
2026-09-20T15:17:34.226924+00:00,AP_01,dev_445ccbc2b30f400c,heartbeat,-53
2026-09-20T15:17:34.226924+00:00,AP_01,dev_0f1959ebaf2421f7,heartbeat,-46
2026-09-20T15:17:35.226924+00:00,AP_01,dev_3685007455cd815a,disconnect,-52
2026-09-20T15:17:35.226924+00:00,AP_01,dev_bbc41c619e88bd47,disconnect,-49
2026-09-20T15:17:35.226924+00:00,AP_03,dev_8ab185ddc4f920ba,heartbeat,-55
2026-09-20T15:17:37.226924+00:00,AP_01,dev_7a7cb5ddf5eb7995,heartbeat,-44
2026-09-20T15:17:39.226924+00:00,AP_01,dev_f50ad49c2c67a14f,heartbeat,-50
2026-09-20T15:17:40.226924+00:00,AP_01,dev_5b04e3a652d6313a,heartbeat,-57
2026-09-20T15:17:40.226924+00:00,AP_03,dev_2ef071463abd9f1c,heartbeat,-54
2026-09-20T15:17:42.226924+00:00,AP_01,dev_4f88e58b44e4f3e4,heartbeat,-52
2026-09-20T15:17:44.226924+00:00,AP_02,dev_e880e41ccd1eeaca,heartbeat,-50
2026-09-20T15:17:44.226924+00:00,AP_02,dev_44bae648792c87a3,heartbeat,-57
2026-09-20T15:17:46.226924+00:00,AP_02,dev_4ac84bb5b54bd1e2,heartbeat,-49
2026-09-20T15:17:47.226924+00:00,AP_01,dev_6e87a995d8ad91a8,heartbeat,-46
2026-09-20T15:17:47.226924+00:00,AP_02,dev_349b3f24156b47ac,heartbeat,-50
2026-09-20T15:17:47.226924+00:00,AP_02,dev_dba56be9de81f118,heartbeat,-48
2026-09-20T15:17:47.226924+00:00,AP_03,dev_0ee25486519d39a2,heartbeat,-47
2026-09-20T15:17:48.226924+00:00,AP_02,dev_55eaa3daf2dd130b,heartbeat,-51
2026-09-20T15:17:48.226924+00:00,AP_01,dev_a4b93ff51018f4c5,heartbeat,-51
2026-09-20T15:17:49.226924+00:00,AP_02,dev_c4c59c0a301caf36,heartbeat,-49
2026-09-20T15:17:50.226924+00:00,AP_01,dev_daba50eec8c1da46,heartbeat,-50
2026-09-20T15:17:50.226924+00:00,AP_02,dev_dac99220a0ad0fd7,heartbeat,-46
2026-09-20T15:17:51.226924+00:00,AP_01,dev_8036e1c3a6abbe3c,heartbeat,-45
2026-09-20T15:17:51.226924+00:00,AP_01,dev_c406cbd22ec99ead,heartbeat,-53
2026-09-20T15:17:51.226924+00:00,AP_01,dev_ea5204da7be6a53e,heartbeat,-56
2026-09-20T15:17:53.226924+00:00,AP_01,dev_932d334d0b33c912,heartbeat,-48
2026-09-20T15:17:53.226924+00:00,AP_01,dev_bc8d7b6196fcef34,heartbeat,-51
2026-09-20T15:17:53.226924+00:00,AP_02,dev_7dc730154810b19b,heartbeat,-49
2026-09-20T15:17:54.226924+00:00,AP_02,dev_2b173c18c059f8e9,heartbeat,-49
2026-09-20T15:17:54.226924+00:00,AP_03,dev_07284014dce9133c,heartbeat,-51
2026-09-20T15:17:55.226924+00:00,AP_01,dev_35778c3c4e63c5e5,heartbeat,-46
2026-09-20T15:17:56.226924+00:00,AP_01,dev_62e4eb8d4981d69d,heartbeat,-47
2026-09-20T15:17:56.226924+00:00,AP_02,dev_0f96d15f51d22665,heartbeat,-42
2026-09-20T15:17:57.226924+00:00,AP_03,dev_5873e32b3ae4395f,heartbeat,-53
2026-09-20T15:17:58.226924+00:00,AP_01,dev_101e46487f17e515,heartbeat,-45
2026-09-20T15:17:59.226924+00:00,AP_02,dev_1f7d38735c96fb65,heartbeat,-51
2026-09-20T15:18:00.226924+00:00,AP_02,dev_89db6f69939e3a2d,heartbeat,-56
2026-09-20T15:18:00.226924+00:00,AP_02,dev_e0901586fe4e5714,heartbeat,-48
2026-09-20T15:18:01.226924+00:00,AP_01,dev_b5f693bdb2568671,heartbeat,-49
2026-09-20T15:18:01.226924+00:00,AP_01,dev_0f1959ebaf2421f7,heartbeat,-53
2026-09-20T15:18:01.226924+00:00,AP_03,dev_75cf3775171f19ea,heartbeat,-48
2026-09-20T15:18:02.226924+00:00,AP_01,dev_605e9822a32bf845,heartbeat,-52
2026-09-20T15:18:02.226924+00:00,AP_01,dev_445ccbc2b30f400c,heartbeat,-47
2026-09-20T15:18:02.226924+00:00,AP_01,dev_539021518e086590,heartbeat,-55
2026-09-20T15:18:03.226924+00:00,AP_01,dev_069605993fcd64eb,heartbeat,-56
2026-09-20T15:18:06.226924+00:00,AP_01,dev_7a7cb5ddf5eb7995,heartbeat,-50
2026-09-20T15:18:08.226924+00:00,AP_03,dev_2ef071463abd9f1c,heartbeat,-49
2026-09-20T15:18:08.226924+00:00,AP_03,dev_8ab185ddc4f920ba,heartbeat,-46
2026-09-20T15:18:10.226924+00:00,AP_01,dev_5b04e3a652d6313a,heartbeat,-53
2026-09-20T15:18:10.226924+00:00,AP_01,dev_f50ad49c2c67a14f,heartbeat,-50
2026-09-20T15:18:12.226924+00:00,AP_01,dev_4f88e58b44e4f3e4,heartbeat,-50
2026-09-20T15:18:13.226924+00:00,AP_02,dev_44bae648792c87a3,heartbeat,-49
2026-09-20T15:18:14.226924+00:00,AP_01,dev_6e87a995d8ad91a8,heartbeat,-45
2026-09-20T15:18:14.226924+00:00,AP_03,dev_0ee25486519d39a2,heartbeat,-54
2026-09-20T15:18:15.226924+00:00,AP_02,dev_e880e41ccd1eeaca,heartbeat,-48
2026-09-20T15:18:15.226924+00:00,AP_02,dev_4ac84bb5b54bd1e2,heartbeat,-44
2026-09-20T15:18:19.226924+00:00,AP_02,dev_dac99220a0ad0fd7,heartbeat,-52
2026-09-20T15:18:19.226924+00:00,AP_02,dev_dba56be9de81f118,heartbeat,-54
2026-09-20T15:18:20.226924+00:00,AP_02,dev_55eaa3daf2dd130b,heartbeat,-50
2026-09-20T15:18:20.226924+00:00,AP_02,dev_349b3f24156b47ac,heartbeat,-50
2026-09-20T15:18:21.226924+00:00,AP_01,dev_a4b93ff51018f4c5,heartbeat,-52
2026-09-20T15:18:22.226924+00:00,AP_01,dev_ea5204da7be6a53e,heartbeat,-49
2026-09-20T15:18:22.226924+00:00,AP_02,dev_c4c59c0a301caf36,heartbeat,-52
2026-09-20T15:18:23.226924+00:00,AP_01,dev_daba50eec8c1da46,heartbeat,-45
2026-09-20T15:18:23.226924+00:00,AP_01,dev_c406cbd22ec99ead,heartbeat,-51
2026-09-20T15:18:23.226924+00:00,AP_02,dev_2b173c18c059f8e9,heartbeat,-51
2026-09-20T15:18:24.226924+00:00,AP_01,dev_8036e1c3a6abbe3c,heartbeat,-51
2026-09-20T15:18:24.226924+00:00,AP_01,dev_bc8d7b6196fcef34,heartbeat,-52
2026-09-20T15:18:24.226924+00:00,AP_03,dev_5873e32b3ae4395f,heartbeat,-50
2026-09-20T15:18:25.226924+00:00,AP_02,dev_7dc730154810b19b,heartbeat,-50
2026-09-20T15:18:26.226924+00:00,AP_01,dev_932d334d0b33c912,heartbeat,-42
2026-09-20T15:18:26.226924+00:00,AP_01,dev_62e4eb8d4981d69d,heartbeat,-51
2026-09-20T15:18:26.226924+00:00,AP_03,dev_07284014dce9133c,heartbeat,-46
2026-09-20T15:18:27.226924+00:00,AP_01,dev_35778c3c4e63c5e5,heartbeat,-50
2026-09-20T15:18:28.226924+00:00,AP_03,dev_75cf3775171f19ea,heartbeat,-50
2026-09-20T15:18:28.226924+00:00,AP_02,dev_0f96d15f51d22665,heartbeat,-53
2026-09-20T15:18:28.226924+00:00,AP_02,dev_e0901586fe4e5714,heartbeat,-45
2026-09-20T15:18:29.226924+00:00,AP_01,dev_445ccbc2b30f400c,heartbeat,-43
2026-09-20T15:18:29.226924+00:00,AP_01,dev_539021518e086590,heartbeat,-50
2026-09-20T15:18:29.226924+00:00,AP_02,dev_89db6f69939e3a2d,heartbeat,-52
2026-09-20T15:18:30.226924+00:00,AP_01,dev_101e46487f17e515,heartbeat,-55
2026-09-20T15:18:31.226924+00:00,AP_01,dev_605e9822a32bf845,heartbeat,-47
2026-09-20T15:18:31.226924+00:00,AP_01,dev_0f1959ebaf2421f7,heartbeat,-54
2026-09-20T15:18:32.226924+00:00,AP_01,dev_069605993fcd64eb,heartbeat,-53
2026-09-20T15:18:32.226924+00:00,AP_02,dev_1f7d38735c96fb65,heartbeat,-51
2026-09-20T15:18:34.226924+00:00,AP_01,dev_b5f693bdb2568671,heartbeat,-49
2026-09-20T15:18:36.226924+00:00,AP_03,dev_2ef071463abd9f1c,heartbeat,-55
2026-09-20T15:18:38.226924+00:00,AP_01,dev_5b04e3a652d6313a,heartbeat,-47
2026-09-20T15:18:38.226924+00:00,AP_01,dev_7a7cb5ddf5eb7995,heartbeat,-46
2026-09-20T15:18:39.226924+00:00,AP_01,dev_f50ad49c2c67a14f,heartbeat,-55
2026-09-20T15:18:39.226924+00:00,AP_03,dev_8ab185ddc4f920ba,heartbeat,-55
2026-09-20T15:18:41.226924+00:00,AP_01,dev_4f88e58b44e4f3e4,heartbeat,-50
2026-09-20T15:18:42.226924+00:00,AP_01,dev_6e87a995d8ad91a8,heartbeat,-46
2026-09-20T15:18:43.226924+00:00,AP_02,dev_4ac84bb5b54bd1e2,heartbeat,-44
2026-09-20T15:18:43.226924+00:00,AP_02,dev_44bae648792c87a3,heartbeat,-50
2026-09-20T15:18:45.226924+00:00,AP_02,dev_e880e41ccd1eeaca,heartbeat,-50
2026-09-20T15:18:46.226924+00:00,AP_03,dev_0ee25486519d39a2,heartbeat,-48
2026-09-20T15:18:47.226924+00:00,AP_02,dev_dac99220a0ad0fd7,heartbeat,-50
2026-09-20T15:18:47.226924+00:00,AP_02,dev_55eaa3daf2dd130b,heartbeat,-47
2026-09-20T15:18:48.226924+00:00,AP_02,dev_dba56be9de81f118,heartbeat,-45
2026-09-20T15:18:50.226924+00:00,AP_01,dev_c406cbd22ec99ead,heartbeat,-48
2026-09-20T15:18:50.226924+00:00,AP_01,dev_ea5204da7be6a53e,heartbeat,-53
2026-09-20T15:18:51.226924+00:00,AP_01,dev_daba50eec8c1da46,heartbeat,-50
2026-09-20T15:18:51.226924+00:00,AP_02,dev_2b173c18c059f8e9,heartbeat,-54
2026-09-20T15:18:52.226924+00:00,AP_02,dev_349b3f24156b47ac,heartbeat,-54
2026-09-20T15:18:52.226924+00:00,AP_03,dev_5873e32b3ae4395f,heartbeat,-51
2026-09-20T15:18:53.226924+00:00,AP_01,dev_a4b93ff51018f4c5,heartbeat,-48
2026-09-20T15:18:53.226924+00:00,AP_03,dev_07284014dce9133c,heartbeat,-54
2026-09-20T15:18:54.226924+00:00,AP_02,dev_c4c59c0a301caf36,heartbeat,-52
2026-09-20T15:18:55.226924+00:00,AP_01,dev_35778c3c4e63c5e5,heartbeat,-44
2026-09-20T15:18:55.226924+00:00,AP_01,dev_bc8d7b6196fcef34,heartbeat,-50
2026-09-20T15:18:55.226924+00:00,AP_02,dev_0f96d15f51d22665,heartbeat,-47
2026-09-20T15:18:55.226924+00:00,AP_02,dev_e0901586fe4e5714,heartbeat,-53
2026-09-20T15:18:56.226924+00:00,AP_01,dev_539021518e086590,heartbeat,-50
2026-09-20T15:18:56.226924+00:00,AP_02,dev_89db6f69939e3a2d,heartbeat,-49
2026-09-20T15:18:57.226924+00:00,AP_01,dev_8036e1c3a6abbe3c,heartbeat,-54
2026-09-20T15:18:57.226924+00:00,AP_02,dev_7dc730154810b19b,heartbeat,-44
2026-09-20T15:18:57.226924+00:00,AP_03,dev_75cf3775171f19ea,heartbeat,-50
2026-09-20T15:18:58.226924+00:00,AP_01,dev_932d334d0b33c912,heartbeat,-43
2026-09-20T15:18:58.226924+00:00,AP_01,dev_62e4eb8d4981d69d,heartbeat,-49
2026-09-20T15:18:59.226924+00:00,AP_01,dev_101e46487f17e515,heartbeat,-53
2026-09-20T15:19:00.226924+00:00,AP_01,dev_605e9822a32bf845,heartbeat,-52
2026-09-20T15:19:01.226924+00:00,AP_02,dev_1f7d38735c96fb65,heartbeat,-50
2026-09-20T15:19:02.226924+00:00,AP_01,dev_069605993fcd64eb,heartbeat,-53
2026-09-20T15:19:02.226924+00:00,AP_01,dev_445ccbc2b30f400c,heartbeat,-46
2026-09-20T15:19:03.226924+00:00,AP_01,dev_0f1959ebaf2421f7,heartbeat,-47
2026-09-20T15:19:05.226924+00:00,AP_01,dev_7a7cb5ddf5eb7995,heartbeat,-49
2026-09-20T15:19:06.226924+00:00,AP_03,dev_2ef071463abd9f1c,heartbeat,-47
2026-09-20T15:19:07.226924+00:00,AP_01,dev_f50ad49c2c67a14f,heartbeat,-45
2026-09-20T15:19:07.226924+00:00,AP_01,dev_b5f693bdb2568671,heartbeat,-47
2026-09-20T15:19:08.226924+00:00,AP_03,dev_8ab185ddc4f920ba,heartbeat,-55
2026-09-20T15:19:09.226924+00:00,AP_01,dev_4f88e58b44e4f3e4,heartbeat,-50
2026-09-20T15:19:09.226924+00:00,AP_01,dev_6e87a995d8ad91a8,heartbeat,-46
2026-09-20T15:19:10.226924+00:00,AP_01,dev_5b04e3a652d6313a,heartbeat,-52
2026-09-20T15:19:12.226924+00:00,AP_02,dev_44bae648792c87a3,heartbeat,-48
2026-09-20T15:19:13.226924+00:00,AP_03,dev_0ee25486519d39a2,heartbeat,-46
2026-09-20T15:19:15.226924+00:00,AP_02,dev_55eaa3daf2dd130b,heartbeat,-46
2026-09-20T15:19:15.226924+00:00,AP_02,dev_4ac84bb5b54bd1e2,heartbeat,-47
2026-09-20T15:19:15.226924+00:00,AP_02,dev_dba56be9de81f118,heartbeat,-51
2026-09-20T15:19:18.226924+00:00,AP_02,dev_e880e41ccd1eeaca,heartbeat,-46
2026-09-20T15:19:20.226924+00:00,AP_02,dev_dac99220a0ad0fd7,heartbeat,-49
2026-09-20T15:19:20.226924+00:00,AP_02,dev_349b3f24156b47ac,heartbeat,-49
2026-09-20T15:19:20.226924+00:00,AP_01,dev_a4b93ff51018f4c5,heartbeat,-50
2026-09-20T15:19:22.226924+00:00,AP_01,dev_daba50eec8c1da46,heartbeat,-44
2026-09-20T15:19:22.226924+00:00,AP_01,dev_c406cbd22ec99ead,heartbeat,-44
2026-09-20T15:19:23.226924+00:00,AP_01,dev_ea5204da7be6a53e,heartbeat,-55
2026-09-20T15:19:23.226924+00:00,AP_02,dev_0f96d15f51d22665,heartbeat,-53
2026-09-20T15:19:23.226924+00:00,AP_03,dev_5873e32b3ae4395f,heartbeat,-56
2026-09-20T15:19:24.226924+00:00,AP_02,dev_7dc730154810b19b,heartbeat,-49
2026-09-20T15:19:24.226924+00:00,AP_03,dev_75cf3775171f19ea,heartbeat,-50
2026-09-20T15:19:24.226924+00:00,AP_02,dev_c4c59c0a301caf36,heartbeat,-55
2026-09-20T15:19:24.226924+00:00,AP_02,dev_2b173c18c059f8e9,heartbeat,-46
2026-09-20T15:19:25.226924+00:00,AP_01,dev_bc8d7b6196fcef34,heartbeat,-50
2026-09-20T15:19:25.226924+00:00,AP_02,dev_89db6f69939e3a2d,heartbeat,-50
2026-09-20T15:19:25.226924+00:00,AP_03,dev_07284014dce9133c,heartbeat,-47
2026-09-20T15:19:26.226924+00:00,AP_01,dev_101e46487f17e515,heartbeat,-45
2026-09-20T15:19:26.226924+00:00,AP_01,dev_35778c3c4e63c5e5,heartbeat,-48
2026-09-20T15:19:26.226924+00:00,AP_01,dev_62e4eb8d4981d69d,heartbeat,-50
2026-09-20T15:19:27.226924+00:00,AP_01,dev_8036e1c3a6abbe3c,heartbeat,-44
2026-09-20T15:19:27.226924+00:00,AP_01,dev_605e9822a32bf845,heartbeat,-46
2026-09-20T15:19:28.226924+00:00,AP_01,dev_932d334d0b33c912,heartbeat,-44
2026-09-20T15:19:28.226924+00:00,AP_02,dev_1f7d38735c96fb65,heartbeat,-45
2026-09-20T15:19:28.226924+00:00,AP_02,dev_e0901586fe4e5714,heartbeat,-53
2026-09-20T15:19:29.226924+00:00,AP_01,dev_539021518e086590,heartbeat,-46
2026-09-20T15:19:32.226924+00:00,AP_01,dev_0f1959ebaf2421f7,heartbeat,-53
2026-09-20T15:19:33.226924+00:00,AP_01,dev_445ccbc2b30f400c,heartbeat,-53
2026-09-20T15:19:35.226924+00:00,AP_01,dev_069605993fcd64eb,heartbeat,-49
2026-09-20T15:19:35.226924+00:00,AP_03,dev_2ef071463abd9f1c,heartbeat,-46
2026-09-20T15:19:36.226924+00:00,AP_01,dev_f50ad49c2c67a14f,heartbeat,-43
2026-09-20T15:19:36.226924+00:00,AP_01,dev_b5f693bdb2568671,heartbeat,-51
2026-09-20T15:19:36.226924+00:00,AP_01,dev_6e87a995d8ad91a8,heartbeat,-47
2026-09-20T15:19:37.226924+00:00,AP_01,dev_7a7cb5ddf5eb7995,heartbeat,-52
2026-09-20T15:19:38.226924+00:00,AP_01,dev_5b04e3a652d6313a,heartbeat,-50
2026-09-20T15:19:39.226924+00:00,AP_03,dev_8ab185ddc4f920ba,heartbeat,-54
2026-09-20T15:19:40.226924+00:00,AP_01,dev_4f88e58b44e4f3e4,heartbeat,-48
2026-09-20T15:19:41.226924+00:00,AP_03,dev_0ee25486519d39a2,heartbeat,-46
2026-09-20T15:19:42.226924+00:00,AP_02,dev_4ac84bb5b54bd1e2,heartbeat,-45
2026-09-20T15:19:44.226924+00:00,AP_02,dev_dba56be9de81f118,heartbeat,-50
2026-09-20T15:19:44.226924+00:00,AP_02,dev_44bae648792c87a3,heartbeat,-54
2026-09-20T15:19:45.226924+00:00,AP_02,dev_e880e41ccd1eeaca,heartbeat,-48
2026-09-20T15:19:46.226924+00:00,AP_02,dev_55eaa3daf2dd130b,heartbeat,-48
2026-09-20T15:19:49.226924+00:00,AP_01,dev_daba50eec8c1da46,heartbeat,-45
2026-09-20T15:19:49.226924+00:00,AP_01,dev_a4b93ff51018f4c5,heartbeat,-48
2026-09-20T15:19:51.226924+00:00,AP_02,dev_dac99220a0ad0fd7,heartbeat,-57
2026-09-20T15:19:51.226924+00:00,AP_02,dev_0f96d15f51d22665,heartbeat,-55
2026-09-20T15:19:51.226924+00:00,AP_02,dev_349b3f24156b47ac,heartbeat,-53
2026-09-20T15:19:51.226924+00:00,AP_02,dev_c4c59c0a301caf36,heartbeat,-52
2026-09-20T15:19:52.226924+00:00,AP_01,dev_ea5204da7be6a53e,heartbeat,-49
2026-09-20T15:19:52.226924+00:00,AP_02,dev_7dc730154810b19b,heartbeat,-55
2026-09-20T15:19:52.226924+00:00,AP_03,dev_75cf3775171f19ea,heartbeat,-45
2026-09-20T15:19:53.226924+00:00,AP_01,dev_35778c3c4e63c5e5,heartbeat,-54
2026-09-20T15:19:54.226924+00:00,AP_01,dev_101e46487f17e515,heartbeat,-44
2026-09-20T15:19:54.226924+00:00,AP_01,dev_c406cbd22ec99ead,heartbeat,-52
2026-09-20T15:19:55.226924+00:00,AP_03,dev_07284014dce9133c,heartbeat,-50
2026-09-20T15:19:56.226924+00:00,AP_02,dev_2b173c18c059f8e9,heartbeat,-48
2026-09-20T15:19:56.226924+00:00,AP_03,dev_5873e32b3ae4395f,heartbeat,-47
2026-09-20T15:19:57.226924+00:00,AP_01,dev_605e9822a32bf845,heartbeat,-46
2026-09-20T15:19:57.226924+00:00,AP_01,dev_932d334d0b33c912,heartbeat,-47
2026-09-20T15:19:57.226924+00:00,AP_01,dev_bc8d7b6196fcef34,heartbeat,-45
2026-09-20T15:19:57.226924+00:00,AP_01,dev_62e4eb8d4981d69d,heartbeat,-43
2026-09-20T15:19:57.226924+00:00,AP_02,dev_1f7d38735c96fb65,heartbeat,-43
2026-09-20T15:19:57.226924+00:00,AP_02,dev_89db6f69939e3a2d,heartbeat,-53
2026-09-20T15:19:58.226924+00:00,AP_01,dev_8036e1c3a6abbe3c,heartbeat,-48
2026-09-20T15:20:01.226924+00:00,AP_01,dev_539021518e086590,heartbeat,-50
2026-09-20T15:20:01.226924+00:00,AP_02,dev_e0901586fe4e5714,heartbeat,-54
2026-09-20T15:20:02.226924+00:00,AP_01,dev_0f1959ebaf2421f7,heartbeat,-49
2026-09-20T15:20:03.226924+00:00,AP_01,dev_b5f693bdb2568671,heartbeat,-49
2026-09-20T15:20:04.226924+00:00,AP_01,dev_6e87a995d8ad91a8,heartbeat,-45
2026-09-20T15:20:04.226924+00:00,AP_03,dev_2ef071463abd9f1c,heartbeat,-52
2026-09-20T15:20:05.226924+00:00,AP_01,dev_445ccbc2b30f400c,heartbeat,-50
2026-09-20T15:20:06.226924+00:00,AP_01,dev_069605993fcd64eb,heartbeat,-42
2026-09-20T15:20:06.226924+00:00,AP_01,dev_5b04e3a652d6313a,heartbeat,-58
2026-09-20T15:20:07.226924+00:00,AP_01,dev_f50ad49c2c67a14f,heartbeat,-54
2026-09-20T15:20:09.226924+00:00,AP_01,dev_7a7cb5ddf5eb7995,heartbeat,-46
2026-09-20T15:20:12.226924+00:00,AP_02,dev_e880e41ccd1eeaca,heartbeat,-48
2026-09-20T15:20:12.226924+00:00,AP_03,dev_8ab185ddc4f920ba,heartbeat,-53
2026-09-20T15:20:12.226924+00:00,AP_03,dev_0ee25486519d39a2,heartbeat,-50
2026-09-20T15:20:13.226924+00:00,AP_01,dev_4f88e58b44e4f3e4,heartbeat,-50
2026-09-20T15:20:13.226924+00:00,AP_02,dev_55eaa3daf2dd130b,heartbeat,-56
2026-09-20T15:20:14.226924+00:00,AP_02,dev_4ac84bb5b54bd1e2,heartbeat,-53
2026-09-20T15:20:16.226924+00:00,AP_02,dev_dba56be9de81f118,heartbeat,-48
2026-09-20T15:20:16.226924+00:00,AP_02,dev_44bae648792c87a3,heartbeat,-55
2026-09-20T15:20:17.226924+00:00,AP_01,dev_daba50eec8c1da46,heartbeat,-51
2026-09-20T15:20:18.226924+00:00,AP_02,dev_c4c59c0a301caf36,heartbeat,-50
2026-09-20T15:20:18.226924+00:00,AP_01,dev_a4b93ff51018f4c5,heartbeat,-56
2026-09-20T15:20:19.226924+00:00,AP_02,dev_7dc730154810b19b,heartbeat,-48
2026-09-20T15:20:19.226924+00:00,AP_03,dev_75cf3775171f19ea,heartbeat,-51
2026-09-20T15:20:21.226924+00:00,AP_01,dev_35778c3c4e63c5e5,heartbeat,-49
2026-09-20T15:20:21.226924+00:00,AP_01,dev_c406cbd22ec99ead,heartbeat,-44
2026-09-20T15:20:21.226924+00:00,AP_01,dev_ea5204da7be6a53e,heartbeat,-47
2026-09-20T15:20:22.226924+00:00,AP_02,dev_dac99220a0ad0fd7,heartbeat,-55
2026-09-20T15:20:22.226924+00:00,AP_02,dev_0f96d15f51d22665,heartbeat,-51
2026-09-20T15:20:23.226924+00:00,AP_03,dev_07284014dce9133c,heartbeat,-50
2026-09-20T15:20:24.226924+00:00,AP_01,dev_101e46487f17e515,heartbeat,-49
2026-09-20T15:20:24.226924+00:00,AP_01,dev_bc8d7b6196fcef34,heartbeat,-47
2026-09-20T15:20:24.226924+00:00,AP_02,dev_1f7d38735c96fb65,heartbeat,-53
2026-09-20T15:20:24.226924+00:00,AP_02,dev_349b3f24156b47ac,heartbeat,-53
2026-09-20T15:20:25.226924+00:00,AP_01,dev_8036e1c3a6abbe3c,heartbeat,-57
2026-09-20T15:20:25.226924+00:00,AP_03,dev_5873e32b3ae4395f,heartbeat,-54
2026-09-20T15:20:28.226924+00:00,AP_01,dev_932d334d0b33c912,heartbeat,-48
2026-09-20T15:20:28.226924+00:00,AP_01,dev_62e4eb8d4981d69d,heartbeat,-48
2026-09-20T15:20:29.226924+00:00,AP_01,dev_605e9822a32bf845,heartbeat,-54
2026-09-20T15:20:29.226924+00:00,AP_02,dev_2b173c18c059f8e9,heartbeat,-46
2026-09-20T15:20:30.226924+00:00,AP_01,dev_0f1959ebaf2421f7,heartbeat,-53
2026-09-20T15:20:30.226924+00:00,AP_02,dev_89db6f69939e3a2d,heartbeat,-56
2026-09-20T15:20:30.226924+00:00,AP_02,dev_e0901586fe4e5714,heartbeat,-51
2026-09-20T15:20:31.226924+00:00,AP_01,dev_539021518e086590,heartbeat,-49
2026-09-20T15:20:33.226924+00:00,AP_01,dev_445ccbc2b30f400c,heartbeat,-44
2026-09-20T15:20:34.226924+00:00,AP_01,dev_6e87a995d8ad91a8,heartbeat,-44
2026-09-20T15:20:35.226924+00:00,AP_01,dev_5b04e3a652d6313a,heartbeat,-49
2026-09-20T15:20:35.226924+00:00,AP_03,dev_2ef071463abd9f1c,heartbeat,-56
2026-09-20T15:20:36.226924+00:00,AP_01,dev_069605993fcd64eb,heartbeat,-48
2026-09-20T15:20:36.226924+00:00,AP_01,dev_b5f693bdb2568671,heartbeat,-51
2026-09-20T15:20:37.226924+00:00,AP_01,dev_7a7cb5ddf5eb7995,heartbeat,-60
2026-09-20T15:20:38.226924+00:00,AP_01,dev_f50ad49c2c67a14f,heartbeat,-47
2026-09-20T15:20:40.226924+00:00,AP_02,dev_55eaa3daf2dd130b,heartbeat,-49
2026-09-20T15:20:41.226924+00:00,AP_02,dev_4ac84bb5b54bd1e2,heartbeat,-45
2026-09-20T15:20:42.226924+00:00,AP_03,dev_8ab185ddc4f920ba,heartbeat,-53
2026-09-20T15:20:43.226924+00:00,AP_03,dev_0ee25486519d39a2,heartbeat,-53
2026-09-20T15:20:45.226924+00:00,AP_01,dev_daba50eec8c1da46,heartbeat,-47
2026-09-20T15:20:45.226924+00:00,AP_02,dev_e880e41ccd1eeaca,heartbeat,-48
2026-09-20T15:20:45.226924+00:00,AP_02,dev_dba56be9de81f118,heartbeat,-52
2026-09-20T15:20:46.226924+00:00,AP_01,dev_4f88e58b44e4f3e4,heartbeat,-46
2026-09-20T15:20:48.226924+00:00,AP_01,dev_35778c3c4e63c5e5,heartbeat,-50
2026-09-20T15:20:48.226924+00:00,AP_02,dev_44bae648792c87a3,heartbeat,-44
2026-09-20T15:20:49.226924+00:00,AP_01,dev_ea5204da7be6a53e,heartbeat,-50
2026-09-20T15:20:49.226924+00:00,AP_02,dev_c4c59c0a301caf36,heartbeat,-52
2026-09-20T15:20:49.226924+00:00,AP_01,dev_a4b93ff51018f4c5,heartbeat,-46
2026-09-20T15:20:50.226924+00:00,AP_03,dev_75cf3775171f19ea,heartbeat,-53
2026-09-20T15:20:51.226924+00:00,AP_02,dev_dac99220a0ad0fd7,heartbeat,-51
2026-09-20T15:20:51.226924+00:00,AP_02,dev_1f7d38735c96fb65,heartbeat,-48
2026-09-20T15:20:52.226924+00:00,AP_02,dev_7dc730154810b19b,heartbeat,-44
2026-09-20T15:20:52.226924+00:00,AP_02,dev_0f96d15f51d22665,heartbeat,-51
2026-09-20T15:20:52.226924+00:00,AP_03,dev_07284014dce9133c,heartbeat,-45
2026-09-20T15:20:53.226924+00:00,AP_01,dev_c406cbd22ec99ead,heartbeat,-56
2026-09-20T15:20:53.226924+00:00,AP_01,dev_bc8d7b6196fcef34,heartbeat,-48
2026-09-20T15:20:55.226924+00:00,AP_01,dev_101e46487f17e515,heartbeat,-50
2026-09-20T15:20:56.226924+00:00,AP_02,dev_2b173c18c059f8e9,heartbeat,-48
2026-09-20T15:20:57.226924+00:00,AP_01,dev_8036e1c3a6abbe3c,heartbeat,-51
2026-09-20T15:20:57.226924+00:00,AP_01,dev_0f1959ebaf2421f7,heartbeat,-48
2026-09-20T15:20:57.226924+00:00,AP_02,dev_349b3f24156b47ac,heartbeat,-46
2026-09-20T15:20:57.226924+00:00,AP_02,dev_e0901586fe4e5714,heartbeat,-52
2026-09-20T15:20:58.226924+00:00,AP_01,dev_605e9822a32bf845,heartbeat,-48
2026-09-20T15:20:58.226924+00:00,AP_01,dev_62e4eb8d4981d69d,heartbeat,-50
2026-09-20T15:20:58.226924+00:00,AP_03,dev_5873e32b3ae4395f,heartbeat,-47
2026-09-20T15:21:00.226924+00:00,AP_01,dev_932d334d0b33c912,heartbeat,-53
2026-09-20T15:21:01.226924+00:00,AP_01,dev_539021518e086590,heartbeat,-51
2026-09-20T15:21:02.226924+00:00,AP_01,dev_6e87a995d8ad91a8,heartbeat,-49
2026-09-20T15:21:03.226924+00:00,AP_02,dev_89db6f69939e3a2d,heartbeat,-45
2026-09-20T15:21:04.226924+00:00,AP_01,dev_445ccbc2b30f400c,heartbeat,-48
2026-09-20T15:21:06.226924+00:00,AP_01,dev_f50ad49c2c67a14f,heartbeat,-47
2026-09-20T15:21:06.226924+00:00,AP_01,dev_b5f693bdb2568671,heartbeat,-51
2026-09-20T15:21:07.226924+00:00,AP_01,dev_5b04e3a652d6313a,heartbeat,-53
2026-09-20T15:21:08.226924+00:00,AP_01,dev_069605993fcd64eb,heartbeat,-52
2026-09-20T15:21:08.226924+00:00,AP_03,dev_2ef071463abd9f1c,heartbeat,-50
2026-09-20T15:21:09.226924+00:00,AP_02,dev_55eaa3daf2dd130b,heartbeat,-51
2026-09-20T15:21:10.226924+00:00,AP_01,dev_7a7cb5ddf5eb7995,heartbeat,-57
2026-09-20T15:21:14.226924+00:00,AP_01,dev_4f88e58b44e4f3e4,heartbeat,-51
2026-09-20T15:21:14.226924+00:00,AP_02,dev_4ac84bb5b54bd1e2,heartbeat,-44
2026-09-20T15:21:14.226924+00:00,AP_02,dev_dba56be9de81f118,heartbeat,-51
2026-09-20T15:21:14.226924+00:00,AP_03,dev_8ab185ddc4f920ba,heartbeat,-52
2026-09-20T15:21:15.226924+00:00,AP_01,dev_daba50eec8c1da46,heartbeat,-48
2026-09-20T15:21:15.226924+00:00,AP_02,dev_e880e41ccd1eeaca,heartbeat,-47
2026-09-20T15:21:15.226924+00:00,AP_02,dev_44bae648792c87a3,heartbeat,-47
2026-09-20T15:21:16.226924+00:00,AP_03,dev_0ee25486519d39a2,heartbeat,-48
2026-09-20T15:21:19.226924+00:00,AP_01,dev_35778c3c4e63c5e5,heartbeat,-46
2026-09-20T15:21:21.226924+00:00,AP_01,dev_ea5204da7be6a53e,heartbeat,-52
2026-09-20T15:21:21.226924+00:00,AP_03,dev_75cf3775171f19ea,heartbeat,-51
2026-09-20T15:21:21.226924+00:00,AP_02,dev_1f7d38735c96fb65,heartbeat,-55
2026-09-20T15:21:22.226924+00:00,AP_01,dev_bc8d7b6196fcef34,heartbeat,-53
2026-09-20T15:21:22.226924+00:00,AP_02,dev_c4c59c0a301caf36,heartbeat,-49
2026-09-20T15:21:22.226924+00:00,AP_01,dev_a4b93ff51018f4c5,heartbeat,-46
2026-09-20T15:21:23.226924+00:00,AP_02,dev_dac99220a0ad0fd7,heartbeat,-51
2026-09-20T15:21:24.226924+00:00,AP_01,dev_101e46487f17e515,heartbeat,-49
2026-09-20T15:21:24.226924+00:00,AP_01,dev_c406cbd22ec99ead,heartbeat,-49
2026-09-20T15:21:24.226924+00:00,AP_02,dev_0f96d15f51d22665,heartbeat,-50
2026-09-20T15:21:25.226924+00:00,AP_02,dev_7dc730154810b19b,heartbeat,-47
2026-09-20T15:21:25.226924+00:00,AP_02,dev_349b3f24156b47ac,heartbeat,-51
2026-09-20T15:21:25.226924+00:00,AP_03,dev_5873e32b3ae4395f,heartbeat,-53
2026-09-20T15:21:25.226924+00:00,AP_03,dev_07284014dce9133c,heartbeat,-54
2026-09-20T15:21:26.226924+00:00,AP_01,dev_0f1959ebaf2421f7,heartbeat,-52
2026-09-20T15:21:27.226924+00:00,AP_01,dev_8036e1c3a6abbe3c,heartbeat,-52
2026-09-20T15:21:27.226924+00:00,AP_01,dev_62e4eb8d4981d69d,heartbeat,-46
2026-09-20T15:21:27.226924+00:00,AP_02,dev_e0901586fe4e5714,heartbeat,-51
2026-09-20T15:21:28.226924+00:00,AP_02,dev_2b173c18c059f8e9,heartbeat,-51
2026-09-20T15:21:29.226924+00:00,AP_01,dev_539021518e086590,heartbeat,-51
2026-09-20T15:21:30.226924+00:00,AP_01,dev_605e9822a32bf845,heartbeat,-50
2026-09-20T15:21:30.226924+00:00,AP_01,dev_6e87a995d8ad91a8,heartbeat,-55
2026-09-20T15:21:31.226924+00:00,AP_01,dev_932d334d0b33c912,heartbeat,-55
2026-09-20T15:21:34.226924+00:00,AP_01,dev_f50ad49c2c67a14f,heartbeat,-42
2026-09-20T15:21:35.226924+00:00,AP_01,dev_445ccbc2b30f400c,heartbeat,-48
2026-09-20T15:21:35.226924+00:00,AP_02,dev_89db6f69939e3a2d,heartbeat,-52
2026-09-20T15:21:36.226924+00:00,AP_01,dev_b5f693bdb2568671,heartbeat,-47
2026-09-20T15:21:38.226924+00:00,AP_01,dev_7a7cb5ddf5eb7995,heartbeat,-50
2026-09-20T15:21:39.226924+00:00,AP_01,dev_069605993fcd64eb,heartbeat,-45
2026-09-20T15:21:39.226924+00:00,AP_03,dev_2ef071463abd9f1c,heartbeat,-54
2026-09-20T15:21:40.226924+00:00,AP_01,dev_5b04e3a652d6313a,heartbeat,-48
2026-09-20T15:21:42.226924+00:00,AP_02,dev_55eaa3daf2dd130b,heartbeat,-51
2026-09-20T15:21:43.226924+00:00,AP_02,dev_4ac84bb5b54bd1e2,heartbeat,-52
2026-09-20T15:21:43.226924+00:00,AP_02,dev_dba56be9de81f118,heartbeat,-54
2026-09-20T15:21:43.226924+00:00,AP_02,dev_44bae648792c87a3,heartbeat,-52
2026-09-20T15:21:43.226924+00:00,AP_03,dev_0ee25486519d39a2,heartbeat,-50
2026-09-20T15:21:45.226924+00:00,AP_01,dev_4f88e58b44e4f3e4,heartbeat,-54
2026-09-20T15:21:46.226924+00:00,AP_02,dev_e880e41ccd1eeaca,heartbeat,-51
2026-09-20T15:21:47.226924+00:00,AP_01,dev_daba50eec8c1da46,heartbeat,-51
2026-09-20T15:21:47.226924+00:00,AP_03,dev_8ab185ddc4f920ba,heartbeat,-54
2026-09-20T15:21:49.226924+00:00,AP_01,dev_35778c3c4e63c5e5,heartbeat,-47
2026-09-20T15:21:49.226924+00:00,AP_01,dev_ea5204da7be6a53e,heartbeat,-48
2026-09-20T15:21:49.226924+00:00,AP_03,dev_75cf3775171f19ea,heartbeat,-52
2026-09-20T15:21:49.226924+00:00,AP_02,dev_1f7d38735c96fb65,heartbeat,-49
2026-09-20T15:21:50.226924+00:00,AP_01,dev_a4b93ff51018f4c5,heartbeat,-41
2026-09-20T15:21:51.226924+00:00,AP_01,dev_bc8d7b6196fcef34,heartbeat,-53
2026-09-20T15:21:52.226924+00:00,AP_01,dev_101e46487f17e515,heartbeat,-53
2026-09-20T15:21:53.226924+00:00,AP_02,dev_dac99220a0ad0fd7,heartbeat,-52
2026-09-20T15:21:53.226924+00:00,AP_03,dev_07284014dce9133c,heartbeat,-46
2026-09-20T15:21:54.226924+00:00,AP_01,dev_0f1959ebaf2421f7,heartbeat,-50
2026-09-20T15:21:55.226924+00:00,AP_02,dev_7dc730154810b19b,heartbeat,-46
2026-09-20T15:21:55.226924+00:00,AP_02,dev_c4c59c0a301caf36,heartbeat,-49
2026-09-20T15:21:55.226924+00:00,AP_02,dev_e0901586fe4e5714,heartbeat,-48
2026-09-20T15:21:56.226924+00:00,AP_01,dev_8036e1c3a6abbe3c,heartbeat,-47
2026-09-20T15:21:57.226924+00:00,AP_01,dev_c406cbd22ec99ead,heartbeat,-46
2026-09-20T15:21:57.226924+00:00,AP_01,dev_6e87a995d8ad91a8,heartbeat,-47
2026-09-20T15:21:57.226924+00:00,AP_02,dev_0f96d15f51d22665,heartbeat,-48
2026-09-20T15:21:57.226924+00:00,AP_02,dev_349b3f24156b47ac,heartbeat,-44
2026-09-20T15:21:58.226924+00:00,AP_01,dev_605e9822a32bf845,heartbeat,-50
2026-09-20T15:21:58.226924+00:00,AP_01,dev_62e4eb8d4981d69d,heartbeat,-46
2026-09-20T15:21:58.226924+00:00,AP_01,dev_539021518e086590,heartbeat,-45
2026-09-20T15:21:58.226924+00:00,AP_03,dev_5873e32b3ae4395f,heartbeat,-54
2026-09-20T15:21:59.226924+00:00,AP_01,dev_932d334d0b33c912,heartbeat,-44
2026-09-20T15:22:01.226924+00:00,AP_02,dev_2b173c18c059f8e9,heartbeat,-51
2026-09-20T15:22:05.226924+00:00,AP_01,dev_f50ad49c2c67a14f,heartbeat,-57
2026-09-20T15:22:05.226924+00:00,AP_01,dev_445ccbc2b30f400c,heartbeat,-51
2026-09-20T15:22:07.226924+00:00,AP_01,dev_069605993fcd64eb,heartbeat,-52
2026-09-20T15:22:07.226924+00:00,AP_01,dev_5b04e3a652d6313a,heartbeat,-49
2026-09-20T15:22:07.226924+00:00,AP_01,dev_b5f693bdb2568671,heartbeat,-58
2026-09-20T15:22:07.226924+00:00,AP_02,dev_89db6f69939e3a2d,heartbeat,-47
2026-09-20T15:22:08.226924+00:00,AP_01,dev_7a7cb5ddf5eb7995,heartbeat,-49
2026-09-20T15:22:10.226924+00:00,AP_02,dev_55eaa3daf2dd130b,heartbeat,-53
2026-09-20T15:22:10.226924+00:00,AP_02,dev_4ac84bb5b54bd1e2,heartbeat,-51
2026-09-20T15:22:12.226924+00:00,AP_01,dev_4f88e58b44e4f3e4,heartbeat,-50
2026-09-20T15:22:12.226924+00:00,AP_03,dev_2ef071463abd9f1c,heartbeat,-54
2026-09-20T15:22:12.226924+00:00,AP_02,dev_44bae648792c87a3,heartbeat,-45
2026-09-20T15:22:14.226924+00:00,AP_02,dev_dba56be9de81f118,heartbeat,-45
2026-09-20T15:22:15.226924+00:00,AP_02,dev_e880e41ccd1eeaca,heartbeat,-52
2026-09-20T15:22:16.226924+00:00,AP_02,dev_1f7d38735c96fb65,heartbeat,-46
2026-09-20T15:22:16.226924+00:00,AP_03,dev_8ab185ddc4f920ba,heartbeat,-51
2026-09-20T15:22:16.226924+00:00,AP_03,dev_0ee25486519d39a2,heartbeat,-52
2026-09-20T15:22:17.226924+00:00,AP_01,dev_35778c3c4e63c5e5,heartbeat,-51
2026-09-20T15:22:17.226924+00:00,AP_03,dev_75cf3775171f19ea,heartbeat,-47
2026-09-20T15:22:18.226924+00:00,AP_01,dev_daba50eec8c1da46,heartbeat,-56
2026-09-20T15:22:18.226924+00:00,AP_01,dev_ea5204da7be6a53e,heartbeat,-56
2026-09-20T15:22:22.226924+00:00,AP_02,dev_7dc730154810b19b,heartbeat,-58
2026-09-20T15:22:22.226924+00:00,AP_02,dev_c4c59c0a301caf36,heartbeat,-53
2026-09-20T15:22:22.226924+00:00,AP_01,dev_a4b93ff51018f4c5,heartbeat,-49
2026-09-20T15:22:23.226924+00:00,AP_02,dev_dac99220a0ad0fd7,heartbeat,-48
2026-09-20T15:22:23.226924+00:00,AP_01,dev_0f1959ebaf2421f7,heartbeat,-44
2026-09-20T15:22:24.226924+00:00,AP_01,dev_bc8d7b6196fcef34,heartbeat,-45
2026-09-20T15:22:24.226924+00:00,AP_03,dev_07284014dce9133c,heartbeat,-47
2026-09-20T15:22:25.226924+00:00,AP_01,dev_101e46487f17e515,heartbeat,-54
2026-09-20T15:22:25.226924+00:00,AP_01,dev_8036e1c3a6abbe3c,heartbeat,-51
2026-09-20T15:22:25.226924+00:00,AP_01,dev_605e9822a32bf845,heartbeat,-54
2026-09-20T15:22:25.226924+00:00,AP_01,dev_6e87a995d8ad91a8,heartbeat,-47
2026-09-20T15:22:25.226924+00:00,AP_02,dev_e0901586fe4e5714,heartbeat,-49
2026-09-20T15:22:26.226924+00:00,AP_01,dev_c406cbd22ec99ead,heartbeat,-49
2026-09-20T15:22:27.226924+00:00,AP_02,dev_349b3f24156b47ac,heartbeat,-49
2026-09-20T15:22:29.226924+00:00,AP_01,dev_62e4eb8d4981d69d,heartbeat,-47
2026-09-20T15:22:29.226924+00:00,AP_02,dev_0f96d15f51d22665,heartbeat,-51
2026-09-20T15:22:30.226924+00:00,AP_01,dev_539021518e086590,heartbeat,-56
2026-09-20T15:22:30.226924+00:00,AP_02,dev_2b173c18c059f8e9,heartbeat,-56
2026-09-20T15:22:31.226924+00:00,AP_03,dev_5873e32b3ae4395f,heartbeat,-47
2026-09-20T15:22:32.226924+00:00,AP_01,dev_f50ad49c2c67a14f,heartbeat,-53
2026-09-20T15:22:32.226924+00:00,AP_01,dev_932d334d0b33c912,heartbeat,-44
2026-09-20T15:22:34.226924+00:00,AP_01,dev_5b04e3a652d6313a,heartbeat,-53
2026-09-20T15:22:35.226924+00:00,AP_01,dev_069605993fcd64eb,heartbeat,-49
2026-09-20T15:22:36.226924+00:00,AP_01,dev_7a7cb5ddf5eb7995,heartbeat,-53
2026-09-20T15:22:37.226924+00:00,AP_01,dev_445ccbc2b30f400c,heartbeat,-42
2026-09-20T15:22:37.226924+00:00,AP_02,dev_89db6f69939e3a2d,heartbeat,-54
2026-09-20T15:22:38.226924+00:00,AP_01,dev_b5f693bdb2568671,heartbeat,-47
2026-09-20T15:22:38.226924+00:00,AP_02,dev_4ac84bb5b54bd1e2,heartbeat,-48
2026-09-20T15:22:41.226924+00:00,AP_01,dev_4f88e58b44e4f3e4,heartbeat,-50
2026-09-20T15:22:41.226924+00:00,AP_02,dev_55eaa3daf2dd130b,heartbeat,-47
2026-09-20T15:22:41.226924+00:00,AP_02,dev_dba56be9de81f118,heartbeat,-46
2026-09-20T15:22:42.226924+00:00,AP_03,dev_2ef071463abd9f1c,heartbeat,-52
2026-09-20T15:22:43.226924+00:00,AP_03,dev_0ee25486519d39a2,heartbeat,-50
2026-09-20T15:22:44.226924+00:00,AP_02,dev_e880e41ccd1eeaca,heartbeat,-53
2026-09-20T15:22:44.226924+00:00,AP_02,dev_44bae648792c87a3,heartbeat,-50
2026-09-20T15:22:45.226924+00:00,AP_01,dev_35778c3c4e63c5e5,heartbeat,-50
2026-09-20T15:22:46.226924+00:00,AP_01,dev_ea5204da7be6a53e,heartbeat,-47
2026-09-20T15:22:47.226924+00:00,AP_01,dev_3cb13a6cc5dd47aa,connect,-76
2026-09-20T15:22:47.226924+00:00,AP_03,dev_8ab185ddc4f920ba,heartbeat,-44
2026-09-20T15:22:49.226924+00:00,AP_01,dev_daba50eec8c1da46,heartbeat,-57
2026-09-20T15:22:49.226924+00:00,AP_02,dev_1f7d38735c96fb65,heartbeat,-49
2026-09-20T15:22:50.226924+00:00,AP_02,dev_dac99220a0ad0fd7,heartbeat,-50
2026-09-20T15:22:50.226924+00:00,AP_03,dev_75cf3775171f19ea,heartbeat,-44
2026-09-20T15:22:51.226924+00:00,AP_01,dev_bc8d7b6196fcef34,heartbeat,-49
2026-09-20T15:22:51.226924+00:00,AP_02,dev_7dc730154810b19b,heartbeat,-40
2026-09-20T15:22:54.226924+00:00,AP_01,dev_a4b93ff51018f4c5,heartbeat,-46
2026-09-20T15:22:55.226924+00:00,AP_01,dev_3cb13a6cc5dd47aa,disconnect,-76
2026-09-20T15:22:55.226924+00:00,AP_02,dev_c4c59c0a301caf36,heartbeat,-51
2026-09-20T15:22:56.226924+00:00,AP_01,dev_8036e1c3a6abbe3c,heartbeat,-52
2026-09-20T15:22:56.226924+00:00,AP_01,dev_c406cbd22ec99ead,heartbeat,-51
2026-09-20T15:22:56.226924+00:00,AP_01,dev_0f1959ebaf2421f7,heartbeat,-53
2026-09-20T15:22:57.226924+00:00,AP_03,dev_07284014dce9133c,heartbeat,-49
2026-09-20T15:22:58.226924+00:00,AP_01,dev_101e46487f17e515,heartbeat,-50
2026-09-20T15:22:58.226924+00:00,AP_01,dev_605e9822a32bf845,heartbeat,-50
2026-09-20T15:22:58.226924+00:00,AP_01,dev_6e87a995d8ad91a8,heartbeat,-48
2026-09-20T15:22:58.226924+00:00,AP_02,dev_349b3f24156b47ac,heartbeat,-50
2026-09-20T15:22:58.226924+00:00,AP_02,dev_e0901586fe4e5714,heartbeat,-50
2026-09-20T15:22:59.226924+00:00,AP_01,dev_f50ad49c2c67a14f,heartbeat,-47
2026-09-20T15:23:00.226924+00:00,AP_01,dev_62e4eb8d4981d69d,heartbeat,-45
2026-09-20T15:23:02.226924+00:00,AP_01,dev_5b04e3a652d6313a,heartbeat,-52
2026-09-20T15:23:02.226924+00:00,AP_02,dev_0f96d15f51d22665,heartbeat,-47
2026-09-20T15:23:02.226924+00:00,AP_02,dev_2b173c18c059f8e9,heartbeat,-53
2026-09-20T15:23:03.226924+00:00,AP_01,dev_539021518e086590,heartbeat,-49
2026-09-20T15:23:03.226924+00:00,AP_01,dev_7a7cb5ddf5eb7995,heartbeat,-49
2026-09-20T15:23:03.226924+00:00,AP_03,dev_5873e32b3ae4395f,heartbeat,-50
2026-09-20T15:23:05.226924+00:00,AP_01,dev_b5f693bdb2568671,heartbeat,-52
2026-09-20T15:23:05.226924+00:00,AP_01,dev_445ccbc2b30f400c,heartbeat,-48
2026-09-20T15:23:05.226924+00:00,AP_01,dev_932d334d0b33c912,heartbeat,-42
2026-09-20T15:23:06.226924+00:00,AP_01,dev_069605993fcd64eb,heartbeat,-47
2026-09-20T15:23:08.226924+00:00,AP_02,dev_89db6f69939e3a2d,heartbeat,-52
2026-09-20T15:23:09.226924+00:00,AP_02,dev_55eaa3daf2dd130b,heartbeat,-50
2026-09-20T15:23:09.226924+00:00,AP_03,dev_2ef071463abd9f1c,heartbeat,-51
2026-09-20T15:23:11.226924+00:00,AP_02,dev_4ac84bb5b54bd1e2,heartbeat,-49
2026-09-20T15:23:11.226924+00:00,AP_03,dev_0ee25486519d39a2,heartbeat,-44
2026-09-20T15:23:12.226924+00:00,AP_01,dev_35778c3c4e63c5e5,heartbeat,-52
2026-09-20T15:23:12.226924+00:00,AP_02,dev_dba56be9de81f118,heartbeat,-52
2026-09-20T15:23:12.226924+00:00,AP_02,dev_44bae648792c87a3,heartbeat,-44
2026-09-20T15:23:13.226924+00:00,AP_01,dev_4f88e58b44e4f3e4,heartbeat,-46
2026-09-20T15:23:15.226924+00:00,AP_01,dev_ea5204da7be6a53e,heartbeat,-53
2026-09-20T15:23:16.226924+00:00,AP_02,dev_e880e41ccd1eeaca,heartbeat,-56
2026-09-20T15:23:18.226924+00:00,AP_02,dev_7dc730154810b19b,heartbeat,-50
2026-09-20T15:23:18.226924+00:00,AP_02,dev_1f7d38735c96fb65,heartbeat,-41
2026-09-20T15:23:19.226924+00:00,AP_02,dev_dac99220a0ad0fd7,heartbeat,-53
2026-09-20T15:23:19.226924+00:00,AP_03,dev_8ab185ddc4f920ba,heartbeat,-46
2026-09-20T15:23:22.226924+00:00,AP_01,dev_daba50eec8c1da46,heartbeat,-50
2026-09-20T15:23:22.226924+00:00,AP_03,dev_75cf3775171f19ea,heartbeat,-49
2026-09-20T15:23:22.226924+00:00,AP_01,dev_a4b93ff51018f4c5,heartbeat,-43
2026-09-20T15:23:24.226924+00:00,AP_01,dev_bc8d7b6196fcef34,heartbeat,-48
2026-09-20T15:23:24.226924+00:00,AP_01,dev_0f1959ebaf2421f7,heartbeat,-53
2026-09-20T15:23:25.226924+00:00,AP_01,dev_6e87a995d8ad91a8,heartbeat,-46
2026-09-20T15:23:25.226924+00:00,AP_03,dev_07284014dce9133c,heartbeat,-46
2026-09-20T15:23:26.226924+00:00,AP_01,dev_605e9822a32bf845,heartbeat,-47
2026-09-20T15:23:27.226924+00:00,AP_01,dev_f50ad49c2c67a14f,heartbeat,-50
2026-09-20T15:23:28.226924+00:00,AP_01,dev_8036e1c3a6abbe3c,heartbeat,-47
2026-09-20T15:23:28.226924+00:00,AP_02,dev_c4c59c0a301caf36,heartbeat,-48
2026-09-20T15:23:29.226924+00:00,AP_01,dev_101e46487f17e515,heartbeat,-51
2026-09-20T15:23:29.226924+00:00,AP_01,dev_c406cbd22ec99ead,heartbeat,-55
2026-09-20T15:23:30.226924+00:00,AP_03,dev_5873e32b3ae4395f,heartbeat,-51
2026-09-20T15:23:31.226924+00:00,AP_01,dev_5b04e3a652d6313a,heartbeat,-54
2026-09-20T15:23:31.226924+00:00,AP_02,dev_349b3f24156b47ac,heartbeat,-51
2026-09-20T15:23:31.226924+00:00,AP_02,dev_e0901586fe4e5714,heartbeat,-47
2026-09-20T15:23:32.226924+00:00,AP_02,dev_2b173c18c059f8e9,heartbeat,-54
2026-09-20T15:23:33.226924+00:00,AP_01,dev_445ccbc2b30f400c,heartbeat,-51
2026-09-20T15:23:33.226924+00:00,AP_01,dev_932d334d0b33c912,heartbeat,-47
2026-09-20T15:23:33.226924+00:00,AP_01,dev_62e4eb8d4981d69d,heartbeat,-50
2026-09-20T15:23:34.226924+00:00,AP_01,dev_539021518e086590,heartbeat,-52
2026-09-20T15:23:35.226924+00:00,AP_01,dev_069605993fcd64eb,heartbeat,-50
2026-09-20T15:23:35.226924+00:00,AP_02,dev_0f96d15f51d22665,heartbeat,-50
2026-09-20T15:23:36.226924+00:00,AP_01,dev_7a7cb5ddf5eb7995,heartbeat,-51
2026-09-20T15:23:36.226924+00:00,AP_02,dev_55eaa3daf2dd130b,heartbeat,-55
2026-09-20T15:23:38.226924+00:00,AP_01,dev_b5f693bdb2568671,heartbeat,-48
2026-09-20T15:23:39.226924+00:00,AP_03,dev_2ef071463abd9f1c,heartbeat,-54
2026-09-20T15:23:40.226924+00:00,AP_02,dev_44bae648792c87a3,heartbeat,-49
2026-09-20T15:23:41.226924+00:00,AP_01,dev_35778c3c4e63c5e5,heartbeat,-51
2026-09-20T15:23:41.226924+00:00,AP_02,dev_89db6f69939e3a2d,heartbeat,-51
2026-09-20T15:23:42.226924+00:00,AP_02,dev_4ac84bb5b54bd1e2,heartbeat,-53
2026-09-20T15:23:43.226924+00:00,AP_02,dev_dba56be9de81f118,heartbeat,-53
2026-09-20T15:23:44.226924+00:00,AP_01,dev_4f88e58b44e4f3e4,heartbeat,-48
2026-09-20T15:23:44.226924+00:00,AP_03,dev_0ee25486519d39a2,heartbeat,-57
2026-09-20T15:23:48.226924+00:00,AP_01,dev_ea5204da7be6a53e,heartbeat,-47
2026-09-20T15:23:48.226924+00:00,AP_02,dev_7dc730154810b19b,heartbeat,-49
2026-09-20T15:23:49.226924+00:00,AP_02,dev_dac99220a0ad0fd7,heartbeat,-54
2026-09-20T15:23:49.226924+00:00,AP_02,dev_e880e41ccd1eeaca,heartbeat,-44
2026-09-20T15:23:50.226924+00:00,AP_02,dev_1f7d38735c96fb65,heartbeat,-50
2026-09-20T15:23:51.226924+00:00,AP_03,dev_8ab185ddc4f920ba,heartbeat,-46
2026-09-20T15:23:52.226924+00:00,AP_01,dev_daba50eec8c1da46,heartbeat,-55
2026-09-20T15:23:53.226924+00:00,AP_01,dev_605e9822a32bf845,heartbeat,-48
2026-09-20T15:23:54.226924+00:00,AP_01,dev_6e87a995d8ad91a8,heartbeat,-48
2026-09-20T15:23:54.226924+00:00,AP_03,dev_75cf3775171f19ea,heartbeat,-52
2026-09-20T15:23:54.226924+00:00,AP_01,dev_a4b93ff51018f4c5,heartbeat,-44
2026-09-20T15:23:55.226924+00:00,AP_01,dev_bc8d7b6196fcef34,heartbeat,-50
2026-09-20T15:23:56.226924+00:00,AP_01,dev_8036e1c3a6abbe3c,heartbeat,-42
2026-09-20T15:23:57.226924+00:00,AP_01,dev_c406cbd22ec99ead,heartbeat,-48
2026-09-20T15:23:57.226924+00:00,AP_01,dev_0f1959ebaf2421f7,heartbeat,-52
2026-09-20T15:23:57.226924+00:00,AP_03,dev_07284014dce9133c,heartbeat,-48
2026-09-20T15:23:58.226924+00:00,AP_02,dev_c4c59c0a301caf36,heartbeat,-53
2026-09-20T15:23:59.226924+00:00,AP_01,dev_101e46487f17e515,heartbeat,-50
2026-09-20T15:23:59.226924+00:00,AP_01,dev_f50ad49c2c67a14f,heartbeat,-51
2026-09-20T15:24:00.226924+00:00,AP_01,dev_932d334d0b33c912,heartbeat,-43
2026-09-20T15:24:00.226924+00:00,AP_01,dev_62e4eb8d4981d69d,heartbeat,-51
2026-09-20T15:24:01.226924+00:00,AP_02,dev_349b3f24156b47ac,heartbeat,-50
2026-09-20T15:24:02.226924+00:00,AP_01,dev_069605993fcd64eb,heartbeat,-51
2026-09-20T15:24:02.226924+00:00,AP_01,dev_5b04e3a652d6313a,heartbeat,-56
2026-09-20T15:24:02.226924+00:00,AP_01,dev_445ccbc2b30f400c,heartbeat,-47
2026-09-20T15:24:02.226924+00:00,AP_03,dev_5873e32b3ae4395f,heartbeat,-50
2026-09-20T15:24:03.226924+00:00,AP_02,dev_e0901586fe4e5714,heartbeat,-47
2026-09-20T15:24:04.226924+00:00,AP_01,dev_539021518e086590,heartbeat,-50
2026-09-20T15:24:04.226924+00:00,AP_02,dev_0f96d15f51d22665,heartbeat,-48
2026-09-20T15:24:04.226924+00:00,AP_02,dev_2b173c18c059f8e9,heartbeat,-53
2026-09-20T15:24:05.226924+00:00,AP_01,dev_b5f693bdb2568671,heartbeat,-45
2026-09-20T15:24:07.226924+00:00,AP_03,dev_2ef071463abd9f1c,heartbeat,-47
2026-09-20T15:24:08.226924+00:00,AP_01,dev_35778c3c4e63c5e5,heartbeat,-51
2026-09-20T15:24:09.226924+00:00,AP_01,dev_7a7cb5ddf5eb7995,heartbeat,-49
2026-09-20T15:24:09.226924+00:00,AP_02,dev_55eaa3daf2dd130b,heartbeat,-51
2026-09-20T15:24:09.226924+00:00,AP_02,dev_89db6f69939e3a2d,heartbeat,-46
2026-09-20T15:24:10.226924+00:00,AP_02,dev_44bae648792c87a3,heartbeat,-51
2026-09-20T15:24:13.226924+00:00,AP_02,dev_dba56be9de81f118,heartbeat,-47
2026-09-20T15:24:15.226924+00:00,AP_02,dev_4ac84bb5b54bd1e2,heartbeat,-46
2026-09-20T15:24:17.226924+00:00,AP_01,dev_ea5204da7be6a53e,heartbeat,-47
2026-09-20T15:24:17.226924+00:00,AP_01,dev_4f88e58b44e4f3e4,heartbeat,-45
2026-09-20T15:24:17.226924+00:00,AP_02,dev_1f7d38735c96fb65,heartbeat,-46
2026-09-20T15:24:17.226924+00:00,AP_03,dev_0ee25486519d39a2,heartbeat,-48
2026-09-20T15:24:18.226924+00:00,AP_02,dev_7dc730154810b19b,heartbeat,-54
2026-09-20T15:24:20.226924+00:00,AP_02,dev_e880e41ccd1eeaca,heartbeat,-50
2026-09-20T15:24:21.226924+00:00,AP_03,dev_8ab185ddc4f920ba,heartbeat,-50
2026-09-20T15:24:22.226924+00:00,AP_01,dev_daba50eec8c1da46,heartbeat,-45
2026-09-20T15:24:22.226924+00:00,AP_02,dev_dac99220a0ad0fd7,heartbeat,-49
2026-09-20T15:24:23.226924+00:00,AP_01,dev_8036e1c3a6abbe3c,heartbeat,-52
2026-09-20T15:24:23.226924+00:00,AP_01,dev_bc8d7b6196fcef34,heartbeat,-46
2026-09-20T15:24:23.226924+00:00,AP_01,dev_6e87a995d8ad91a8,heartbeat,-53
2026-09-20T15:24:24.226924+00:00,AP_01,dev_605e9822a32bf845,heartbeat,-56
2026-09-20T15:24:24.226924+00:00,AP_01,dev_c406cbd22ec99ead,heartbeat,-48
2026-09-20T15:24:25.226924+00:00,AP_01,dev_0f1959ebaf2421f7,heartbeat,-57
2026-09-20T15:24:25.226924+00:00,AP_01,dev_a4b93ff51018f4c5,heartbeat,-49
2026-09-20T15:24:25.226924+00:00,AP_03,dev_07284014dce9133c,heartbeat,-49
2026-09-20T15:24:27.226924+00:00,AP_01,dev_f50ad49c2c67a14f,heartbeat,-50
2026-09-20T15:24:27.226924+00:00,AP_03,dev_75cf3775171f19ea,heartbeat,-49
2026-09-20T15:24:28.226924+00:00,AP_01,dev_101e46487f17e515,heartbeat,-50
2026-09-20T15:24:28.226924+00:00,AP_01,dev_932d334d0b33c912,heartbeat,-48
2026-09-20T15:24:28.226924+00:00,AP_02,dev_c4c59c0a301caf36,heartbeat,-49
2026-09-20T15:24:30.226924+00:00,AP_02,dev_e0901586fe4e5714,heartbeat,-53
2026-09-20T15:24:31.226924+00:00,AP_01,dev_62e4eb8d4981d69d,heartbeat,-49
2026-09-20T15:24:31.226924+00:00,AP_03,dev_5873e32b3ae4395f,heartbeat,-48
2026-09-20T15:24:33.226924+00:00,AP_01,dev_b5f693bdb2568671,heartbeat,-42
2026-09-20T15:24:33.226924+00:00,AP_02,dev_349b3f24156b47ac,heartbeat,-50
2026-09-20T15:24:35.226924+00:00,AP_01,dev_069605993fcd64eb,heartbeat,-54
2026-09-20T15:24:35.226924+00:00,AP_01,dev_5b04e3a652d6313a,heartbeat,-55
2026-09-20T15:24:35.226924+00:00,AP_01,dev_445ccbc2b30f400c,heartbeat,-51
2026-09-20T15:24:35.226924+00:00,AP_02,dev_0f96d15f51d22665,heartbeat,-48
2026-09-20T15:24:36.226924+00:00,AP_01,dev_35778c3c4e63c5e5,heartbeat,-50
2026-09-20T15:24:36.226924+00:00,AP_01,dev_539021518e086590,heartbeat,-49
2026-09-20T15:24:36.226924+00:00,AP_02,dev_2b173c18c059f8e9,heartbeat,-50
2026-09-20T15:24:36.226924+00:00,AP_03,dev_2ef071463abd9f1c,heartbeat,-50
2026-09-20T15:24:38.226924+00:00,AP_02,dev_44bae648792c87a3,heartbeat,-47
2026-09-20T15:24:39.226924+00:00,AP_02,dev_89db6f69939e3a2d,heartbeat,-47
2026-09-20T15:24:40.226924+00:00,AP_02,dev_55eaa3daf2dd130b,heartbeat,-50
2026-09-20T15:24:41.226924+00:00,AP_01,dev_7a7cb5ddf5eb7995,heartbeat,-48
2026-09-20T15:24:43.226924+00:00,AP_02,dev_dba56be9de81f118,heartbeat,-47
2026-09-20T15:24:44.226924+00:00,AP_01,dev_ea5204da7be6a53e,heartbeat,-49
2026-09-20T15:24:45.226924+00:00,AP_01,dev_4f88e58b44e4f3e4,heartbeat,-48
2026-09-20T15:24:45.226924+00:00,AP_02,dev_4ac84bb5b54bd1e2,heartbeat,-49
2026-09-20T15:24:46.226924+00:00,AP_03,dev_0ee25486519d39a2,heartbeat,-52
2026-09-20T15:24:48.226924+00:00,AP_02,dev_7dc730154810b19b,heartbeat,-41
2026-09-20T15:24:50.226924+00:00,AP_01,dev_bc8d7b6196fcef34,heartbeat,-54
2026-09-20T15:24:50.226924+00:00,AP_02,dev_1f7d38735c96fb65,heartbeat,-47
2026-09-20T15:24:51.226924+00:00,AP_01,dev_c406cbd22ec99ead,heartbeat,-49
2026-09-20T15:24:52.226924+00:00,AP_01,dev_daba50eec8c1da46,heartbeat,-51
2026-09-20T15:24:52.226924+00:00,AP_02,dev_e880e41ccd1eeaca,heartbeat,-43
2026-09-20T15:24:53.226924+00:00,AP_01,dev_8036e1c3a6abbe3c,heartbeat,-43
2026-09-20T15:24:53.226924+00:00,AP_03,dev_8ab185ddc4f920ba,heartbeat,-56
2026-09-20T15:24:54.226924+00:00,AP_01,dev_605e9822a32bf845,heartbeat,-47
2026-09-20T15:24:54.226924+00:00,AP_01,dev_0f1959ebaf2421f7,heartbeat,-52
2026-09-20T15:24:54.226924+00:00,AP_01,dev_6e87a995d8ad91a8,heartbeat,-43
2026-09-20T15:24:55.226924+00:00,AP_01,dev_f50ad49c2c67a14f,heartbeat,-51
2026-09-20T15:24:55.226924+00:00,AP_02,dev_dac99220a0ad0fd7,heartbeat,-52
2026-09-20T15:24:56.226924+00:00,AP_03,dev_75cf3775171f19ea,heartbeat,-47
2026-09-20T15:24:56.226924+00:00,AP_03,dev_07284014dce9133c,heartbeat,-40
2026-09-20T15:24:57.226924+00:00,AP_01,dev_a4b93ff51018f4c5,heartbeat,-53
2026-09-20T15:24:58.226924+00:00,AP_01,dev_932d334d0b33c912,heartbeat,-56
2026-09-20T15:24:59.226924+00:00,AP_02,dev_c4c59c0a301caf36,heartbeat,-52
2026-09-20T15:25:00.226924+00:00,AP_01,dev_b5f693bdb2568671,heartbeat,-54
2026-09-20T15:25:01.226924+00:00,AP_01,dev_101e46487f17e515,heartbeat,-58
2026-09-20T15:25:01.226924+00:00,AP_03,dev_5873e32b3ae4395f,heartbeat,-47
2026-09-20T15:25:03.226924+00:00,AP_01,dev_35778c3c4e63c5e5,heartbeat,-52
2026-09-20T15:25:03.226924+00:00,AP_01,dev_62e4eb8d4981d69d,heartbeat,-48
2026-09-20T15:25:03.226924+00:00,AP_02,dev_0f96d15f51d22665,heartbeat,-50
2026-09-20T15:25:03.226924+00:00,AP_02,dev_e0901586fe4e5714,heartbeat,-49
2026-09-20T15:25:05.226924+00:00,AP_01,dev_5b04e3a652d6313a,heartbeat,-52
2026-09-20T15:25:06.226924+00:00,AP_02,dev_349b3f24156b47ac,heartbeat,-49
2026-09-20T15:25:06.226924+00:00,AP_02,dev_2b173c18c059f8e9,heartbeat,-48
2026-09-20T15:25:06.226924+00:00,AP_03,dev_2ef071463abd9f1c,heartbeat,-48
2026-09-20T15:25:07.226924+00:00,AP_01,dev_069605993fcd64eb,heartbeat,-43
2026-09-20T15:25:07.226924+00:00,AP_02,dev_89db6f69939e3a2d,heartbeat,-47
2026-09-20T15:25:08.226924+00:00,AP_01,dev_445ccbc2b30f400c,heartbeat,-50
2026-09-20T15:25:08.226924+00:00,AP_01,dev_7a7cb5ddf5eb7995,heartbeat,-52
2026-09-20T15:25:08.226924+00:00,AP_02,dev_55eaa3daf2dd130b,heartbeat,-45
2026-09-20T15:25:09.226924+00:00,AP_01,dev_539021518e086590,heartbeat,-53
2026-09-20T15:25:09.226924+00:00,AP_02,dev_44bae648792c87a3,heartbeat,-55
2026-09-20T15:25:13.226924+00:00,AP_01,dev_ea5204da7be6a53e,heartbeat,-49
2026-09-20T15:25:13.226924+00:00,AP_01,dev_4f88e58b44e4f3e4,heartbeat,-49
2026-09-20T15:25:13.226924+00:00,AP_02,dev_dba56be9de81f118,heartbeat,-46
2026-09-20T15:25:16.226924+00:00,AP_02,dev_4ac84bb5b54bd1e2,heartbeat,-51
2026-09-20T15:25:17.226924+00:00,AP_02,dev_7dc730154810b19b,heartbeat,-58
2026-09-20T15:25:18.226924+00:00,AP_02,dev_1f7d38735c96fb65,heartbeat,-48
2026-09-20T15:25:18.226924+00:00,AP_03,dev_0ee25486519d39a2,heartbeat,-53
2026-09-20T15:25:20.226924+00:00,AP_01,dev_daba50eec8c1da46,heartbeat,-53
2026-09-20T15:25:22.226924+00:00,AP_01,dev_bc8d7b6196fcef34,heartbeat,-45
2026-09-20T15:25:22.226924+00:00,AP_03,dev_8ab185ddc4f920ba,heartbeat,-44
2026-09-20T15:25:23.226924+00:00,AP_02,dev_e880e41ccd1eeaca,heartbeat,-48
2026-09-20T15:25:23.226924+00:00,AP_01,dev_6e87a995d8ad91a8,heartbeat,-45
2026-09-20T15:25:24.226924+00:00,AP_01,dev_8036e1c3a6abbe3c,heartbeat,-49
2026-09-20T15:25:24.226924+00:00,AP_01,dev_c406cbd22ec99ead,heartbeat,-48
2026-09-20T15:25:24.226924+00:00,AP_01,dev_a4b93ff51018f4c5,heartbeat,-51
2026-09-20T15:25:25.226924+00:00,AP_01,dev_605e9822a32bf845,heartbeat,-45
2026-09-20T15:25:25.226924+00:00,AP_01,dev_0f1959ebaf2421f7,heartbeat,-46
2026-09-20T15:25:25.226924+00:00,AP_03,dev_07284014dce9133c,heartbeat,-50
2026-09-20T15:25:26.226924+00:00,AP_01,dev_f50ad49c2c67a14f,heartbeat,-52
2026-09-20T15:25:26.226924+00:00,AP_03,dev_75cf3775171f19ea,heartbeat,-49
2026-09-20T15:25:26.226924+00:00,AP_02,dev_c4c59c0a301caf36,heartbeat,-45
2026-09-20T15:25:28.226924+00:00,AP_02,dev_dac99220a0ad0fd7,heartbeat,-50
2026-09-20T15:25:30.226924+00:00,AP_01,dev_35778c3c4e63c5e5,heartbeat,-49
2026-09-20T15:25:30.226924+00:00,AP_01,dev_932d334d0b33c912,heartbeat,-42
2026-09-20T15:25:30.226924+00:00,AP_02,dev_0f96d15f51d22665,heartbeat,-51
2026-09-20T15:25:33.226924+00:00,AP_01,dev_101e46487f17e515,heartbeat,-48
2026-09-20T15:25:33.226924+00:00,AP_01,dev_b5f693bdb2568671,heartbeat,-46
2026-09-20T15:25:33.226924+00:00,AP_02,dev_349b3f24156b47ac,heartbeat,-48
2026-09-20T15:25:33.226924+00:00,AP_02,dev_e0901586fe4e5714,heartbeat,-49
2026-09-20T15:25:34.226924+00:00,AP_01,dev_5b04e3a652d6313a,heartbeat,-54
2026-09-20T15:25:34.226924+00:00,AP_01,dev_62e4eb8d4981d69d,heartbeat,-53
2026-09-20T15:25:34.226924+00:00,AP_02,dev_2b173c18c059f8e9,heartbeat,-51
2026-09-20T15:25:34.226924+00:00,AP_03,dev_5873e32b3ae4395f,heartbeat,-43
2026-09-20T15:25:35.226924+00:00,AP_01,dev_101e46487f17e515,disconnect,-48
2026-09-20T15:25:35.226924+00:00,AP_01,dev_4f88e58b44e4f3e4,disconnect,-47
2026-09-20T15:25:35.226924+00:00,AP_02,dev_89db6f69939e3a2d,heartbeat,-47
2026-09-20T15:25:37.226924+00:00,AP_03,dev_2ef071463abd9f1c,heartbeat,-51
2026-09-20T15:25:38.226924+00:00,AP_01,dev_539021518e086590,heartbeat,-52
2026-09-20T15:25:38.226924+00:00,AP_02,dev_44bae648792c87a3,heartbeat,-47
2026-09-20T15:25:39.226924+00:00,AP_01,dev_069605993fcd64eb,heartbeat,-45
2026-09-20T15:25:39.226924+00:00,AP_02,dev_55eaa3daf2dd130b,heartbeat,-47
2026-09-20T15:25:41.226924+00:00,AP_01,dev_445ccbc2b30f400c,heartbeat,-46
2026-09-20T15:25:41.226924+00:00,AP_01,dev_7a7cb5ddf5eb7995,heartbeat,-41
2026-09-20T15:25:42.226924+00:00,AP_01,dev_ea5204da7be6a53e,heartbeat,-54
2026-09-20T15:25:44.226924+00:00,AP_02,dev_dba56be9de81f118,heartbeat,-48
2026-09-20T15:25:45.226924+00:00,AP_02,dev_1f7d38735c96fb65,heartbeat,-50
2026-09-20T15:25:47.226924+00:00,AP_02,dev_4ac84bb5b54bd1e2,heartbeat,-55
2026-09-20T15:25:48.226924+00:00,AP_02,dev_7dc730154810b19b,heartbeat,-45
2026-09-20T15:25:50.226924+00:00,AP_01,dev_bc8d7b6196fcef34,heartbeat,-49
2026-09-20T15:25:51.226924+00:00,AP_03,dev_8ab185ddc4f920ba,heartbeat,-45
2026-09-20T15:25:51.226924+00:00,AP_03,dev_0ee25486519d39a2,heartbeat,-50
2026-09-20T15:25:53.226924+00:00,AP_01,dev_daba50eec8c1da46,heartbeat,-58
2026-09-20T15:25:54.226924+00:00,AP_01,dev_c406cbd22ec99ead,heartbeat,-43
2026-09-20T15:25:54.226924+00:00,AP_02,dev_e880e41ccd1eeaca,heartbeat,-45
2026-09-20T15:25:54.226924+00:00,AP_01,dev_6e87a995d8ad91a8,heartbeat,-47
2026-09-20T15:25:55.226924+00:00,AP_01,dev_8036e1c3a6abbe3c,heartbeat,-53
2026-09-20T15:25:55.226924+00:00,AP_02,dev_dac99220a0ad0fd7,heartbeat,-54
2026-09-20T15:25:55.226924+00:00,AP_03,dev_07284014dce9133c,heartbeat,-46
2026-09-20T15:25:56.226924+00:00,AP_01,dev_f50ad49c2c67a14f,heartbeat,-53
2026-09-20T15:25:56.226924+00:00,AP_01,dev_605e9822a32bf845,heartbeat,-43
2026-09-20T15:25:56.226924+00:00,AP_01,dev_0f1959ebaf2421f7,heartbeat,-47
2026-09-20T15:25:57.226924+00:00,AP_01,dev_35778c3c4e63c5e5,heartbeat,-50
2026-09-20T15:25:57.226924+00:00,AP_03,dev_75cf3775171f19ea,heartbeat,-52
2026-09-20T15:25:57.226924+00:00,AP_02,dev_c4c59c0a301caf36,heartbeat,-50
2026-09-20T15:25:57.226924+00:00,AP_01,dev_a4b93ff51018f4c5,heartbeat,-43
2026-09-20T15:25:58.226924+00:00,AP_02,dev_0f96d15f51d22665,heartbeat,-57
2026-09-20T15:26:01.226924+00:00,AP_01,dev_932d334d0b33c912,heartbeat,-46
2026-09-20T15:26:02.226924+00:00,AP_01,dev_62e4eb8d4981d69d,heartbeat,-51
2026-09-20T15:26:02.226924+00:00,AP_02,dev_89db6f69939e3a2d,heartbeat,-53
2026-09-20T15:26:02.226924+00:00,AP_03,dev_5873e32b3ae4395f,heartbeat,-50
2026-09-20T15:26:04.226924+00:00,AP_02,dev_349b3f24156b47ac,heartbeat,-50
2026-09-20T15:26:04.226924+00:00,AP_02,dev_2b173c18c059f8e9,heartbeat,-47
2026-09-20T15:26:05.226924+00:00,AP_03,dev_2ef071463abd9f1c,heartbeat,-50
2026-09-20T15:26:05.226924+00:00,AP_02,dev_e0901586fe4e5714,heartbeat,-51
2026-09-20T15:26:06.226924+00:00,AP_01,dev_b5f693bdb2568671,heartbeat,-54
2026-09-20T15:26:06.226924+00:00,AP_01,dev_539021518e086590,heartbeat,-50
2026-09-20T15:26:07.226924+00:00,AP_01,dev_069605993fcd64eb,heartbeat,-52
2026-09-20T15:26:07.226924+00:00,AP_01,dev_5b04e3a652d6313a,heartbeat,-48
2026-09-20T15:26:09.226924+00:00,AP_01,dev_7a7cb5ddf5eb7995,heartbeat,-49
2026-09-20T15:26:09.226924+00:00,AP_02,dev_55eaa3daf2dd130b,heartbeat,-43
2026-09-20T15:26:11.226924+00:00,AP_01,dev_ea5204da7be6a53e,heartbeat,-51
2026-09-20T15:26:11.226924+00:00,AP_02,dev_44bae648792c87a3,heartbeat,-45
2026-09-20T15:26:13.226924+00:00,AP_02,dev_1f7d38735c96fb65,heartbeat,-47
2026-09-20T15:26:14.226924+00:00,AP_01,dev_445ccbc2b30f400c,heartbeat,-45
2026-09-20T15:26:14.226924+00:00,AP_02,dev_dba56be9de81f118,heartbeat,-52
2026-09-20T15:26:16.226924+00:00,AP_02,dev_4ac84bb5b54bd1e2,heartbeat,-50
2026-09-20T15:26:17.226924+00:00,AP_02,dev_7dc730154810b19b,heartbeat,-52
2026-09-20T15:26:19.226924+00:00,AP_03,dev_8ab185ddc4f920ba,heartbeat,-45
2026-09-20T15:26:20.226924+00:00,AP_03,dev_0ee25486519d39a2,heartbeat,-49
2026-09-20T15:26:21.226924+00:00,AP_01,dev_6e87a995d8ad91a8,heartbeat,-47
2026-09-20T15:26:22.226924+00:00,AP_01,dev_bc8d7b6196fcef34,heartbeat,-45
2026-09-20T15:26:22.226924+00:00,AP_02,dev_e880e41ccd1eeaca,heartbeat,-47
2026-09-20T15:26:25.226924+00:00,AP_01,dev_c406cbd22ec99ead,heartbeat,-50
2026-09-20T15:26:25.226924+00:00,AP_01,dev_0f1959ebaf2421f7,heartbeat,-47
2026-09-20T15:26:26.226924+00:00,AP_01,dev_f50ad49c2c67a14f,heartbeat,-46
2026-09-20T15:26:26.226924+00:00,AP_01,dev_daba50eec8c1da46,heartbeat,-49
2026-09-20T15:26:26.226924+00:00,AP_02,dev_dac99220a0ad0fd7,heartbeat,-48
2026-09-20T15:26:27.226924+00:00,AP_01,dev_35778c3c4e63c5e5,heartbeat,-39
2026-09-20T15:26:27.226924+00:00,AP_03,dev_75cf3775171f19ea,heartbeat,-47
2026-09-20T15:26:27.226924+00:00,AP_02,dev_0f96d15f51d22665,heartbeat,-52
2026-09-20T15:26:27.226924+00:00,AP_02,dev_c4c59c0a301caf36,heartbeat,-45
2026-09-20T15:26:27.226924+00:00,AP_03,dev_07284014dce9133c,heartbeat,-53
2026-09-20T15:26:28.226924+00:00,AP_01,dev_8036e1c3a6abbe3c,heartbeat,-54
2026-09-20T15:26:28.226924+00:00,AP_01,dev_932d334d0b33c912,heartbeat,-50
2026-09-20T15:26:29.226924+00:00,AP_01,dev_605e9822a32bf845,heartbeat,-46
2026-09-20T15:26:29.226924+00:00,AP_01,dev_a4b93ff51018f4c5,heartbeat,-50
2026-09-20T15:26:31.226924+00:00,AP_02,dev_349b3f24156b47ac,heartbeat,-46
2026-09-20T15:26:31.226924+00:00,AP_02,dev_89db6f69939e3a2d,heartbeat,-45
2026-09-20T15:26:32.226924+00:00,AP_01,dev_62e4eb8d4981d69d,heartbeat,-46
2026-09-20T15:26:33.226924+00:00,AP_01,dev_b5f693bdb2568671,heartbeat,-49
2026-09-20T15:26:33.226924+00:00,AP_01,dev_539021518e086590,heartbeat,-54
2026-09-20T15:26:33.226924+00:00,AP_02,dev_2b173c18c059f8e9,heartbeat,-48
2026-09-20T15:26:34.226924+00:00,AP_03,dev_5873e32b3ae4395f,heartbeat,-48
2026-09-20T15:26:35.226924+00:00,AP_01,dev_5b04e3a652d6313a,heartbeat,-51
2026-09-20T15:26:36.226924+00:00,AP_01,dev_069605993fcd64eb,heartbeat,-54
2026-09-20T15:26:36.226924+00:00,AP_03,dev_2ef071463abd9f1c,heartbeat,-46
2026-09-20T15:26:38.226924+00:00,AP_02,dev_e0901586fe4e5714,heartbeat,-48
2026-09-20T15:26:38.226924+00:00,AP_02,dev_44bae648792c87a3,heartbeat,-53
2026-09-20T15:26:39.226924+00:00,AP_01,dev_7a7cb5ddf5eb7995,heartbeat,-49
2026-09-20T15:26:40.226924+00:00,AP_02,dev_55eaa3daf2dd130b,heartbeat,-53
2026-09-20T15:26:41.226924+00:00,AP_01,dev_445ccbc2b30f400c,heartbeat,-45
2026-09-20T15:26:41.226924+00:00,AP_02,dev_1f7d38735c96fb65,heartbeat,-46
2026-09-20T15:26:43.226924+00:00,AP_01,dev_ea5204da7be6a53e,heartbeat,-53
2026-09-20T15:26:43.226924+00:00,AP_02,dev_dba56be9de81f118,heartbeat,-46
2026-09-20T15:26:48.226924+00:00,AP_02,dev_7dc730154810b19b,heartbeat,-47
2026-09-20T15:26:49.226924+00:00,AP_01,dev_6e87a995d8ad91a8,heartbeat,-47
2026-09-20T15:26:49.226924+00:00,AP_02,dev_4ac84bb5b54bd1e2,heartbeat,-47
2026-09-20T15:26:51.226924+00:00,AP_02,dev_e880e41ccd1eeaca,heartbeat,-49
2026-09-20T15:26:51.226924+00:00,AP_03,dev_0ee25486519d39a2,heartbeat,-46
2026-09-20T15:26:52.226924+00:00,AP_03,dev_8ab185ddc4f920ba,heartbeat,-54
2026-09-20T15:26:53.226924+00:00,AP_01,dev_bc8d7b6196fcef34,heartbeat,-45
2026-09-20T15:26:54.226924+00:00,AP_03,dev_75cf3775171f19ea,heartbeat,-49
2026-09-20T15:26:54.226924+00:00,AP_02,dev_c4c59c0a301caf36,heartbeat,-44
2026-09-20T15:26:55.226924+00:00,AP_01,dev_c406cbd22ec99ead,heartbeat,-43
2026-09-20T15:26:55.226924+00:00,AP_01,dev_0f1959ebaf2421f7,heartbeat,-45
2026-09-20T15:26:56.226924+00:00,AP_01,dev_f50ad49c2c67a14f,heartbeat,-47
2026-09-20T15:26:56.226924+00:00,AP_01,dev_8036e1c3a6abbe3c,heartbeat,-43
2026-09-20T15:26:57.226924+00:00,AP_02,dev_dac99220a0ad0fd7,heartbeat,-53
2026-09-20T15:26:58.226924+00:00,AP_01,dev_35778c3c4e63c5e5,heartbeat,-48
2026-09-20T15:26:58.226924+00:00,AP_01,dev_932d334d0b33c912,heartbeat,-43
2026-09-20T15:26:58.226924+00:00,AP_02,dev_349b3f24156b47ac,heartbeat,-52
2026-09-20T15:26:58.226924+00:00,AP_03,dev_07284014dce9133c,heartbeat,-49
2026-09-20T15:26:59.226924+00:00,AP_01,dev_daba50eec8c1da46,heartbeat,-51
2026-09-20T15:26:59.226924+00:00,AP_01,dev_605e9822a32bf845,heartbeat,-47
2026-09-20T15:26:59.226924+00:00,AP_01,dev_a4b93ff51018f4c5,heartbeat,-41
2026-09-20T15:27:00.226924+00:00,AP_01,dev_62e4eb8d4981d69d,heartbeat,-51
2026-09-20T15:27:00.226924+00:00,AP_01,dev_539021518e086590,heartbeat,-47
2026-09-20T15:27:00.226924+00:00,AP_02,dev_0f96d15f51d22665,heartbeat,-52
2026-09-20T15:27:01.226924+00:00,AP_01,dev_b5f693bdb2568671,heartbeat,-56
2026-09-20T15:27:01.226924+00:00,AP_03,dev_5873e32b3ae4395f,heartbeat,-49
2026-09-20T15:27:03.226924+00:00,AP_02,dev_89db6f69939e3a2d,heartbeat,-49
2026-09-20T15:27:05.226924+00:00,AP_02,dev_2b173c18c059f8e9,heartbeat,-50
2026-09-20T15:27:05.226924+00:00,AP_02,dev_44bae648792c87a3,heartbeat,-46
2026-09-20T15:27:06.226924+00:00,AP_03,dev_2ef071463abd9f1c,heartbeat,-49
2026-09-20T15:27:06.226924+00:00,AP_02,dev_e0901586fe4e5714,heartbeat,-48
2026-09-20T15:27:07.226924+00:00,AP_01,dev_5b04e3a652d6313a,heartbeat,-54
2026-09-20T15:27:07.226924+00:00,AP_01,dev_7a7cb5ddf5eb7995,heartbeat,-49
2026-09-20T15:27:07.226924+00:00,AP_02,dev_55eaa3daf2dd130b,heartbeat,-42
2026-09-20T15:27:08.226924+00:00,AP_01,dev_069605993fcd64eb,heartbeat,-46
2026-09-20T15:27:12.226924+00:00,AP_01,dev_445ccbc2b30f400c,heartbeat,-49
2026-09-20T15:27:12.226924+00:00,AP_02,dev_1f7d38735c96fb65,heartbeat,-53
2026-09-20T15:27:14.226924+00:00,AP_02,dev_2d451de3b43a943f,connect,-74
2026-09-20T15:27:15.226924+00:00,AP_01,dev_ea5204da7be6a53e,heartbeat,-48
2026-09-20T15:27:15.226924+00:00,AP_02,dev_7dc730154810b19b,heartbeat,-51
2026-09-20T15:27:16.226924+00:00,AP_02,dev_dba56be9de81f118,heartbeat,-51
2026-09-20T15:27:18.226924+00:00,AP_01,dev_6e87a995d8ad91a8,heartbeat,-49
2026-09-20T15:27:19.226924+00:00,AP_02,dev_4ac84bb5b54bd1e2,heartbeat,-52
2026-09-20T15:27:20.226924+00:00,AP_01,dev_bc8d7b6196fcef34,heartbeat,-45
2026-09-20T15:27:20.226924+00:00,AP_03,dev_8ab185ddc4f920ba,heartbeat,-49
2026-09-20T15:27:21.226924+00:00,AP_03,dev_75cf3775171f19ea,heartbeat,-48
2026-09-20T15:27:21.226924+00:00,AP_03,dev_0ee25486519d39a2,heartbeat,-51
2026-09-20T15:27:23.226924+00:00,AP_02,dev_e880e41ccd1eeaca,heartbeat,-50
2026-09-20T15:27:25.226924+00:00,AP_01,dev_35778c3c4e63c5e5,heartbeat,-50
2026-09-20T15:27:25.226924+00:00,AP_03,dev_07284014dce9133c,heartbeat,-46
2026-09-20T15:27:26.226924+00:00,AP_01,dev_c406cbd22ec99ead,heartbeat,-47
2026-09-20T15:27:26.226924+00:00,AP_02,dev_dac99220a0ad0fd7,heartbeat,-50
2026-09-20T15:27:27.226924+00:00,AP_01,dev_8036e1c3a6abbe3c,heartbeat,-47
2026-09-20T15:27:27.226924+00:00,AP_02,dev_c4c59c0a301caf36,heartbeat,-47
2026-09-20T15:27:28.226924+00:00,AP_01,dev_f50ad49c2c67a14f,heartbeat,-52
2026-09-20T15:27:28.226924+00:00,AP_01,dev_0f1959ebaf2421f7,heartbeat,-46
2026-09-20T15:27:28.226924+00:00,AP_02,dev_2d451de3b43a943f,disconnect,-76
2026-09-20T15:27:28.226924+00:00,AP_03,dev_5873e32b3ae4395f,heartbeat,-52
2026-09-20T15:27:29.226924+00:00,AP_02,dev_0f96d15f51d22665,heartbeat,-48
2026-09-20T15:27:29.226924+00:00,AP_01,dev_a4b93ff51018f4c5,heartbeat,-47
2026-09-20T15:27:30.226924+00:00,AP_01,dev_daba50eec8c1da46,heartbeat,-47
2026-09-20T15:27:30.226924+00:00,AP_01,dev_539021518e086590,heartbeat,-49
2026-09-20T15:27:30.226924+00:00,AP_02,dev_349b3f24156b47ac,heartbeat,-53
2026-09-20T15:27:31.226924+00:00,AP_01,dev_932d334d0b33c912,heartbeat,-45
2026-09-20T15:27:31.226924+00:00,AP_02,dev_89db6f69939e3a2d,heartbeat,-47
2026-09-20T15:27:32.226924+00:00,AP_01,dev_605e9822a32bf845,heartbeat,-53
2026-09-20T15:27:33.226924+00:00,AP_01,dev_62e4eb8d4981d69d,heartbeat,-47
2026-09-20T15:27:34.226924+00:00,AP_01,dev_b5f693bdb2568671,heartbeat,-48
2026-09-20T15:27:34.226924+00:00,AP_02,dev_55eaa3daf2dd130b,heartbeat,-63
2026-09-20T15:27:34.226924+00:00,AP_02,dev_e0901586fe4e5714,heartbeat,-52
2026-09-20T15:27:35.226924+00:00,AP_01,dev_7a7cb5ddf5eb7995,heartbeat,-52
2026-09-20T15:27:35.226924+00:00,AP_02,dev_44bae648792c87a3,heartbeat,-49
2026-09-20T15:27:36.226924+00:00,AP_02,dev_2b173c18c059f8e9,heartbeat,-51
2026-09-20T15:27:38.226924+00:00,AP_03,dev_2ef071463abd9f1c,heartbeat,-39
2026-09-20T15:27:39.226924+00:00,AP_01,dev_5b04e3a652d6313a,heartbeat,-50
2026-09-20T15:27:40.226924+00:00,AP_02,dev_1f7d38735c96fb65,heartbeat,-53
2026-09-20T15:27:41.226924+00:00,AP_01,dev_069605993fcd64eb,heartbeat,-51
2026-09-20T15:27:42.226924+00:00,AP_01,dev_445ccbc2b30f400c,heartbeat,-54
2026-09-20T15:27:42.226924+00:00,AP_02,dev_7dc730154810b19b,heartbeat,-45
2026-09-20T15:27:46.226924+00:00,AP_01,dev_6e87a995d8ad91a8,heartbeat,-49
2026-09-20T15:27:48.226924+00:00,AP_01,dev_ea5204da7be6a53e,heartbeat,-53
2026-09-20T15:27:49.226924+00:00,AP_02,dev_dba56be9de81f118,heartbeat,-51
2026-09-20T15:27:49.226924+00:00,AP_03,dev_8ab185ddc4f920ba,heartbeat,-51
2026-09-20T15:27:50.226924+00:00,AP_01,dev_bc8d7b6196fcef34,heartbeat,-47
2026-09-20T15:27:50.226924+00:00,AP_02,dev_e880e41ccd1eeaca,heartbeat,-52
2026-09-20T15:27:51.226924+00:00,AP_02,dev_4ac84bb5b54bd1e2,heartbeat,-51
2026-09-20T15:27:53.226924+00:00,AP_03,dev_75cf3775171f19ea,heartbeat,-46
2026-09-20T15:27:54.226924+00:00,AP_03,dev_0ee25486519d39a2,heartbeat,-45
2026-09-20T15:27:55.226924+00:00,AP_01,dev_35778c3c4e63c5e5,heartbeat,-56
2026-09-20T15:27:55.226924+00:00,AP_01,dev_8036e1c3a6abbe3c,heartbeat,-50
2026-09-20T15:27:56.226924+00:00,AP_02,dev_c4c59c0a301caf36,heartbeat,-54
2026-09-20T15:27:57.226924+00:00,AP_02,dev_dac99220a0ad0fd7,heartbeat,-45
2026-09-20T15:27:57.226924+00:00,AP_03,dev_5873e32b3ae4395f,heartbeat,-49
2026-09-20T15:27:58.226924+00:00,AP_01,dev_c406cbd22ec99ead,heartbeat,-53
2026-09-20T15:27:58.226924+00:00,AP_03,dev_07284014dce9133c,heartbeat,-47
2026-09-20T15:27:59.226924+00:00,AP_01,dev_932d334d0b33c912,heartbeat,-49
2026-09-20T15:27:59.226924+00:00,AP_02,dev_349b3f24156b47ac,heartbeat,-45
2026-09-20T15:27:59.226924+00:00,AP_01,dev_a4b93ff51018f4c5,heartbeat,-52
2026-09-20T15:28:00.226924+00:00,AP_01,dev_daba50eec8c1da46,heartbeat,-50
2026-09-20T15:28:01.226924+00:00,AP_01,dev_f50ad49c2c67a14f,heartbeat,-42
2026-09-20T15:28:01.226924+00:00,AP_01,dev_605e9822a32bf845,heartbeat,-53
2026-09-20T15:28:01.226924+00:00,AP_01,dev_539021518e086590,heartbeat,-52
2026-09-20T15:28:01.226924+00:00,AP_01,dev_0f1959ebaf2421f7,heartbeat,-51
2026-09-20T15:28:02.226924+00:00,AP_02,dev_0f96d15f51d22665,heartbeat,-51
2026-09-20T15:28:02.226924+00:00,AP_02,dev_55eaa3daf2dd130b,heartbeat,-54
2026-09-20T15:28:03.226924+00:00,AP_02,dev_89db6f69939e3a2d,heartbeat,-46
2026-09-20T15:28:04.226924+00:00,AP_01,dev_62e4eb8d4981d69d,heartbeat,-48
2026-09-20T15:28:04.226924+00:00,AP_02,dev_e0901586fe4e5714,heartbeat,-58
2026-09-20T15:28:07.226924+00:00,AP_01,dev_b5f693bdb2568671,heartbeat,-43
2026-09-20T15:28:07.226924+00:00,AP_01,dev_7a7cb5ddf5eb7995,heartbeat,-49
2026-09-20T15:28:07.226924+00:00,AP_02,dev_44bae648792c87a3,heartbeat,-49
2026-09-20T15:28:08.226924+00:00,AP_03,dev_2ef071463abd9f1c,heartbeat,-46
2026-09-20T15:28:09.226924+00:00,AP_01,dev_5b04e3a652d6313a,heartbeat,-53
2026-09-20T15:28:09.226924+00:00,AP_02,dev_2b173c18c059f8e9,heartbeat,-52
2026-09-20T15:28:13.226924+00:00,AP_01,dev_069605993fcd64eb,heartbeat,-52
2026-09-20T15:28:13.226924+00:00,AP_02,dev_7dc730154810b19b,heartbeat,-54
2026-09-20T15:28:13.226924+00:00,AP_02,dev_1f7d38735c96fb65,heartbeat,-59
2026-09-20T15:28:14.226924+00:00,AP_01,dev_445ccbc2b30f400c,heartbeat,-53
2026-09-20T15:28:15.226924+00:00,AP_01,dev_6e87a995d8ad91a8,heartbeat,-56
2026-09-20T15:28:16.226924+00:00,AP_03,dev_8ab185ddc4f920ba,heartbeat,-48
2026-09-20T15:28:19.226924+00:00,AP_02,dev_e880e41ccd1eeaca,heartbeat,-51
2026-09-20T15:28:20.226924+00:00,AP_03,dev_75cf3775171f19ea,heartbeat,-44
2026-09-20T15:28:20.226924+00:00,AP_02,dev_dba56be9de81f118,heartbeat,-55
2026-09-20T15:28:21.226924+00:00,AP_01,dev_ea5204da7be6a53e,heartbeat,-47
2026-09-20T15:28:22.226924+00:00,AP_01,dev_bc8d7b6196fcef34,heartbeat,-53
2026-09-20T15:28:23.226924+00:00,AP_01,dev_8036e1c3a6abbe3c,heartbeat,-50
2026-09-20T15:28:23.226924+00:00,AP_02,dev_4ac84bb5b54bd1e2,heartbeat,-50
2026-09-20T15:28:24.226924+00:00,AP_02,dev_c4c59c0a301caf36,heartbeat,-52
2026-09-20T15:28:25.226924+00:00,AP_01,dev_c406cbd22ec99ead,heartbeat,-52
2026-09-20T15:28:25.226924+00:00,AP_03,dev_5873e32b3ae4395f,heartbeat,-44
2026-09-20T15:28:25.226924+00:00,AP_03,dev_07284014dce9133c,heartbeat,-50
2026-09-20T15:28:26.226924+00:00,AP_02,dev_dac99220a0ad0fd7,heartbeat,-46
2026-09-20T15:28:26.226924+00:00,AP_02,dev_349b3f24156b47ac,heartbeat,-53
2026-09-20T15:28:26.226924+00:00,AP_03,dev_0ee25486519d39a2,heartbeat,-50
2026-09-20T15:28:27.226924+00:00,AP_01,dev_daba50eec8c1da46,heartbeat,-47
2026-09-20T15:28:28.226924+00:00,AP_01,dev_35778c3c4e63c5e5,heartbeat,-57
2026-09-20T15:28:30.226924+00:00,AP_01,dev_a4b93ff51018f4c5,heartbeat,-45
2026-09-20T15:28:31.226924+00:00,AP_01,dev_932d334d0b33c912,heartbeat,-48
2026-09-20T15:28:32.226924+00:00,AP_01,dev_605e9822a32bf845,heartbeat,-45
2026-09-20T15:28:32.226924+00:00,AP_02,dev_0f96d15f51d22665,heartbeat,-47
2026-09-20T15:28:33.226924+00:00,AP_01,dev_539021518e086590,heartbeat,-51
2026-09-20T15:28:33.226924+00:00,AP_01,dev_0f1959ebaf2421f7,heartbeat,-51
2026-09-20T15:28:34.226924+00:00,AP_01,dev_f50ad49c2c67a14f,heartbeat,-53
2026-09-20T15:28:34.226924+00:00,AP_01,dev_62e4eb8d4981d69d,heartbeat,-46
2026-09-20T15:28:34.226924+00:00,AP_02,dev_44bae648792c87a3,heartbeat,-48
2026-09-20T15:28:35.226924+00:00,AP_02,dev_55eaa3daf2dd130b,heartbeat,-50
2026-09-20T15:28:35.226924+00:00,AP_02,dev_89db6f69939e3a2d,heartbeat,-45
2026-09-20T15:28:37.226924+00:00,AP_01,dev_b5f693bdb2568671,heartbeat,-50
2026-09-20T15:28:37.226924+00:00,AP_02,dev_e0901586fe4e5714,heartbeat,-48
2026-09-20T15:28:38.226924+00:00,AP_01,dev_7a7cb5ddf5eb7995,heartbeat,-54
2026-09-20T15:28:40.226924+00:00,AP_02,dev_2b173c18c059f8e9,heartbeat,-49
2026-09-20T15:28:40.226924+00:00,AP_03,dev_2ef071463abd9f1c,heartbeat,-48
2026-09-20T15:28:41.226924+00:00,AP_01,dev_5b04e3a652d6313a,heartbeat,-54
2026-09-20T15:28:42.226924+00:00,AP_01,dev_6e87a995d8ad91a8,heartbeat,-49
2026-09-20T15:28:43.226924+00:00,AP_01,dev_069605993fcd64eb,heartbeat,-50
2026-09-20T15:28:43.226924+00:00,AP_02,dev_7dc730154810b19b,heartbeat,-52
2026-09-20T15:28:44.226924+00:00,AP_03,dev_8ab185ddc4f920ba,heartbeat,-49
2026-09-20T15:28:46.226924+00:00,AP_01,dev_445ccbc2b30f400c,heartbeat,-46
2026-09-20T15:28:46.226924+00:00,AP_02,dev_1f7d38735c96fb65,heartbeat,-50
2026-09-20T15:28:48.226924+00:00,AP_02,dev_e880e41ccd1eeaca,heartbeat,-52
2026-09-20T15:28:48.226924+00:00,AP_03,dev_75cf3775171f19ea,heartbeat,-47
2026-09-20T15:28:50.226924+00:00,AP_01,dev_8036e1c3a6abbe3c,heartbeat,-52
2026-09-20T15:28:50.226924+00:00,AP_01,dev_ea5204da7be6a53e,heartbeat,-51
2026-09-20T15:28:51.226924+00:00,AP_01,dev_bc8d7b6196fcef34,heartbeat,-42
2026-09-20T15:28:52.226924+00:00,AP_01,dev_c406cbd22ec99ead,heartbeat,-57
2026-09-20T15:28:53.226924+00:00,AP_02,dev_349b3f24156b47ac,heartbeat,-50
2026-09-20T15:28:53.226924+00:00,AP_02,dev_dba56be9de81f118,heartbeat,-47
2026-09-20T15:28:54.226924+00:00,AP_02,dev_dac99220a0ad0fd7,heartbeat,-49
2026-09-20T15:28:55.226924+00:00,AP_01,dev_daba50eec8c1da46,heartbeat,-54
2026-09-20T15:28:55.226924+00:00,AP_02,dev_4ac84bb5b54bd1e2,heartbeat,-47
2026-09-20T15:28:55.226924+00:00,AP_02,dev_c4c59c0a301caf36,heartbeat,-49
2026-09-20T15:28:55.226924+00:00,AP_03,dev_5873e32b3ae4395f,heartbeat,-46
2026-09-20T15:28:55.226924+00:00,AP_03,dev_07284014dce9133c,heartbeat,-46
2026-09-20T15:28:57.226924+00:00,AP_01,dev_35778c3c4e63c5e5,heartbeat,-50
2026-09-20T15:28:57.226924+00:00,AP_03,dev_0ee25486519d39a2,heartbeat,-51
2026-09-20T15:28:58.226924+00:00,AP_01,dev_932d334d0b33c912,heartbeat,-50
2026-09-20T15:29:01.226924+00:00,AP_01,dev_a4b93ff51018f4c5,heartbeat,-49
2026-09-20T15:29:02.226924+00:00,AP_01,dev_0f1959ebaf2421f7,heartbeat,-52
2026-09-20T15:29:02.226924+00:00,AP_02,dev_55eaa3daf2dd130b,heartbeat,-49
2026-09-20T15:29:03.226924+00:00,AP_01,dev_605e9822a32bf845,heartbeat,-52
2026-09-20T15:29:04.226924+00:00,AP_01,dev_62e4eb8d4981d69d,heartbeat,-52
2026-09-20T15:29:04.226924+00:00,AP_01,dev_539021518e086590,heartbeat,-53
2026-09-20T15:29:04.226924+00:00,AP_02,dev_0f96d15f51d22665,heartbeat,-47
2026-09-20T15:29:04.226924+00:00,AP_02,dev_44bae648792c87a3,heartbeat,-53
2026-09-20T15:29:05.226924+00:00,AP_01,dev_f50ad49c2c67a14f,heartbeat,-50
2026-09-20T15:29:05.226924+00:00,AP_02,dev_e0901586fe4e5714,heartbeat,-49
2026-09-20T15:29:06.226924+00:00,AP_01,dev_b5f693bdb2568671,heartbeat,-52
2026-09-20T15:29:07.226924+00:00,AP_03,dev_2ef071463abd9f1c,heartbeat,-50
2026-09-20T15:29:07.226924+00:00,AP_02,dev_89db6f69939e3a2d,heartbeat,-48
2026-09-20T15:29:09.226924+00:00,AP_01,dev_5b04e3a652d6313a,heartbeat,-48
2026-09-20T15:29:11.226924+00:00,AP_01,dev_7a7cb5ddf5eb7995,heartbeat,-52
2026-09-20T15:29:12.226924+00:00,AP_01,dev_069605993fcd64eb,heartbeat,-49
2026-09-20T15:29:13.226924+00:00,AP_02,dev_2b173c18c059f8e9,heartbeat,-48
2026-09-20T15:29:13.226924+00:00,AP_03,dev_8ab185ddc4f920ba,heartbeat,-53
2026-09-20T15:29:14.226924+00:00,AP_02,dev_7dc730154810b19b,heartbeat,-50
2026-09-20T15:29:14.226924+00:00,AP_01,dev_6e87a995d8ad91a8,heartbeat,-49
2026-09-20T15:29:16.226924+00:00,AP_01,dev_445ccbc2b30f400c,heartbeat,-54
2026-09-20T15:29:17.226924+00:00,AP_01,dev_8036e1c3a6abbe3c,heartbeat,-47
2026-09-20T15:29:19.226924+00:00,AP_01,dev_ea5204da7be6a53e,heartbeat,-43
2026-09-20T15:29:19.226924+00:00,AP_02,dev_e880e41ccd1eeaca,heartbeat,-53
2026-09-20T15:29:19.226924+00:00,AP_02,dev_1f7d38735c96fb65,heartbeat,-53
2026-09-20T15:29:20.226924+00:00,AP_01,dev_bc8d7b6196fcef34,heartbeat,-55
2026-09-20T15:29:20.226924+00:00,AP_03,dev_75cf3775171f19ea,heartbeat,-57
2026-09-20T15:29:20.226924+00:00,AP_02,dev_349b3f24156b47ac,heartbeat,-51
2026-09-20T15:29:21.226924+00:00,AP_02,dev_dba56be9de81f118,heartbeat,-53
2026-09-20T15:29:22.226924+00:00,AP_01,dev_daba50eec8c1da46,heartbeat,-48
2026-09-20T15:29:22.226924+00:00,AP_01,dev_c406cbd22ec99ead,heartbeat,-49
2026-09-20T15:29:22.226924+00:00,AP_03,dev_5873e32b3ae4395f,heartbeat,-45
2026-09-20T15:29:22.226924+00:00,AP_03,dev_07284014dce9133c,heartbeat,-44
2026-09-20T15:29:24.226924+00:00,AP_02,dev_4ac84bb5b54bd1e2,heartbeat,-54
2026-09-20T15:29:24.226924+00:00,AP_03,dev_0ee25486519d39a2,heartbeat,-50
2026-09-20T15:29:25.226924+00:00,AP_02,dev_c4c59c0a301caf36,heartbeat,-50
2026-09-20T15:29:27.226924+00:00,AP_02,dev_dac99220a0ad0fd7,heartbeat,-51
2026-09-20T15:29:28.226924+00:00,AP_01,dev_932d334d0b33c912,heartbeat,-51
2026-09-20T15:29:30.226924+00:00,AP_01,dev_35778c3c4e63c5e5,heartbeat,-44
2026-09-20T15:29:30.226924+00:00,AP_01,dev_605e9822a32bf845,heartbeat,-50
2026-09-20T15:29:30.226924+00:00,AP_02,dev_55eaa3daf2dd130b,heartbeat,-47
2026-09-20T15:29:30.226924+00:00,AP_01,dev_a4b93ff51018f4c5,heartbeat,-46
2026-09-20T15:29:31.226924+00:00,AP_02,dev_0f96d15f51d22665,heartbeat,-52
2026-09-20T15:29:32.226924+00:00,AP_01,dev_62e4eb8d4981d69d,heartbeat,-46
2026-09-20T15:29:33.226924+00:00,AP_01,dev_f50ad49c2c67a14f,heartbeat,-53
2026-09-20T15:29:33.226924+00:00,AP_01,dev_539021518e086590,heartbeat,-47
2026-09-20T15:29:33.226924+00:00,AP_02,dev_44bae648792c87a3,heartbeat,-53
2026-09-20T15:29:35.226924+00:00,AP_01,dev_b5f693bdb2568671,heartbeat,-52
2026-09-20T15:29:35.226924+00:00,AP_01,dev_0f1959ebaf2421f7,heartbeat,-45
2026-09-20T15:29:35.226924+00:00,AP_02,dev_89db6f69939e3a2d,heartbeat,-59
2026-09-20T15:29:38.226924+00:00,AP_02,dev_e0901586fe4e5714,heartbeat,-54
2026-09-20T15:29:40.226924+00:00,AP_03,dev_2ef071463abd9f1c,heartbeat,-50
2026-09-20T15:29:41.226924+00:00,AP_01,dev_5b04e3a652d6313a,heartbeat,-50
2026-09-20T15:29:41.226924+00:00,AP_01,dev_6e87a995d8ad91a8,heartbeat,-51
2026-09-20T15:29:42.226924+00:00,AP_01,dev_069605993fcd64eb,heartbeat,-44
2026-09-20T15:29:43.226924+00:00,AP_01,dev_445ccbc2b30f400c,heartbeat,-45
2026-09-20T15:29:43.226924+00:00,AP_02,dev_7dc730154810b19b,heartbeat,-50
2026-09-20T15:29:44.226924+00:00,AP_01,dev_7a7cb5ddf5eb7995,heartbeat,-50
2026-09-20T15:29:45.226924+00:00,AP_02,dev_2b173c18c059f8e9,heartbeat,-53
2026-09-20T15:29:45.226924+00:00,AP_03,dev_8ab185ddc4f920ba,heartbeat,-54
2026-09-20T15:29:46.226924+00:00,AP_02,dev_1f7d38735c96fb65,heartbeat,-42
2026-09-20T15:29:47.226924+00:00,AP_01,dev_8036e1c3a6abbe3c,heartbeat,-50
2026-09-20T15:29:47.226924+00:00,AP_01,dev_bc8d7b6196fcef34,heartbeat,-48
2026-09-20T15:29:47.226924+00:00,AP_03,dev_75cf3775171f19ea,heartbeat,-51
2026-09-20T15:29:48.226924+00:00,AP_01,dev_ea5204da7be6a53e,heartbeat,-46
2026-09-20T15:29:48.226924+00:00,AP_02,dev_dba56be9de81f118,heartbeat,-49
2026-09-20T15:29:50.226924+00:00,AP_01,dev_daba50eec8c1da46,heartbeat,-47
2026-09-20T15:29:51.226924+00:00,AP_02,dev_e880e41ccd1eeaca,heartbeat,-49
2026-09-20T15:29:51.226924+00:00,AP_02,dev_349b3f24156b47ac,heartbeat,-45
2026-09-20T15:29:51.226924+00:00,AP_03,dev_5873e32b3ae4395f,heartbeat,-49
2026-09-20T15:29:53.226924+00:00,AP_03,dev_07284014dce9133c,heartbeat,-48
2026-09-20T15:29:55.226924+00:00,AP_01,dev_c406cbd22ec99ead,heartbeat,-54
2026-09-20T15:29:55.226924+00:00,AP_02,dev_4ac84bb5b54bd1e2,heartbeat,-40
2026-09-20T15:29:57.226924+00:00,AP_02,dev_c4c59c0a301caf36,heartbeat,-52
2026-09-20T15:29:57.226924+00:00,AP_03,dev_0ee25486519d39a2,heartbeat,-52
2026-09-20T15:29:58.226924+00:00,AP_02,dev_dac99220a0ad0fd7,heartbeat,-51
2026-09-20T15:29:58.226924+00:00,AP_02,dev_55eaa3daf2dd130b,heartbeat,-51
2026-09-20T15:30:00.226924+00:00,AP_01,dev_605e9822a32bf845,heartbeat,-45
2026-09-20T15:30:00.226924+00:00,AP_01,dev_62e4eb8d4981d69d,heartbeat,-55
2026-09-20T15:30:00.226924+00:00,AP_02,dev_44bae648792c87a3,heartbeat,-49
2026-09-20T15:30:01.226924+00:00,AP_01,dev_932d334d0b33c912,heartbeat,-48
2026-09-20T15:30:02.226924+00:00,AP_01,dev_b5f693bdb2568671,heartbeat,-53
2026-09-20T15:30:02.226924+00:00,AP_01,dev_539021518e086590,heartbeat,-51
2026-09-20T15:30:02.226924+00:00,AP_01,dev_a4b93ff51018f4c5,heartbeat,-47
2026-09-20T15:30:03.226924+00:00,AP_01,dev_35778c3c4e63c5e5,heartbeat,-48
2026-09-20T15:30:03.226924+00:00,AP_02,dev_0f96d15f51d22665,heartbeat,-51
2026-09-20T15:30:06.226924+00:00,AP_01,dev_f50ad49c2c67a14f,heartbeat,-49
2026-09-20T15:30:06.226924+00:00,AP_01,dev_0f1959ebaf2421f7,heartbeat,-52
2026-09-20T15:30:07.226924+00:00,AP_02,dev_89db6f69939e3a2d,heartbeat,-48
2026-09-20T15:30:07.226924+00:00,AP_02,dev_e0901586fe4e5714,heartbeat,-56
2026-09-20T15:30:09.226924+00:00,AP_01,dev_5b04e3a652d6313a,heartbeat,-51
2026-09-20T15:30:11.226924+00:00,AP_01,dev_6e87a995d8ad91a8,heartbeat,-48
2026-09-20T15:30:11.226924+00:00,AP_03,dev_2ef071463abd9f1c,heartbeat,-52
2026-09-20T15:30:12.226924+00:00,AP_01,dev_445ccbc2b30f400c,heartbeat,-48
2026-09-20T15:30:12.226924+00:00,AP_03,dev_8ab185ddc4f920ba,heartbeat,-47
2026-09-20T15:30:13.226924+00:00,AP_01,dev_069605993fcd64eb,heartbeat,-45
2026-09-20T15:30:15.226924+00:00,AP_01,dev_7a7cb5ddf5eb7995,heartbeat,-46
2026-09-20T15:30:15.226924+00:00,AP_02,dev_7dc730154810b19b,heartbeat,-53
2026-09-20T15:30:16.226924+00:00,AP_02,dev_2b173c18c059f8e9,heartbeat,-41
2026-09-20T15:30:17.226924+00:00,AP_01,dev_ea5204da7be6a53e,heartbeat,-50
2026-09-20T15:30:17.226924+00:00,AP_02,dev_dba56be9de81f118,heartbeat,-50
2026-09-20T15:30:19.226924+00:00,AP_01,dev_8036e1c3a6abbe3c,heartbeat,-49
2026-09-20T15:30:19.226924+00:00,AP_03,dev_75cf3775171f19ea,heartbeat,-38
2026-09-20T15:30:19.226924+00:00,AP_02,dev_1f7d38735c96fb65,heartbeat,-54
2026-09-20T15:30:20.226924+00:00,AP_01,dev_bc8d7b6196fcef34,heartbeat,-49
2026-09-20T15:30:20.226924+00:00,AP_02,dev_e880e41ccd1eeaca,heartbeat,-47
2026-09-20T15:30:22.226924+00:00,AP_02,dev_349b3f24156b47ac,heartbeat,-54
2026-09-20T15:30:22.226924+00:00,AP_03,dev_07284014dce9133c,heartbeat,-51
2026-09-20T15:30:23.226924+00:00,AP_01,dev_daba50eec8c1da46,heartbeat,-49
2026-09-20T15:30:23.226924+00:00,AP_03,dev_5873e32b3ae4395f,heartbeat,-49
2026-09-20T15:30:25.226924+00:00,AP_02,dev_dac99220a0ad0fd7,heartbeat,-52
2026-09-20T15:30:27.226924+00:00,AP_01,dev_c406cbd22ec99ead,heartbeat,-52
2026-09-20T15:30:28.226924+00:00,AP_02,dev_4ac84bb5b54bd1e2,heartbeat,-46
2026-09-20T15:30:28.226924+00:00,AP_02,dev_44bae648792c87a3,heartbeat,-51
2026-09-20T15:30:28.226924+00:00,AP_03,dev_0ee25486519d39a2,heartbeat,-49
2026-09-20T15:30:29.226924+00:00,AP_01,dev_62e4eb8d4981d69d,heartbeat,-53
2026-09-20T15:30:30.226924+00:00,AP_02,dev_55eaa3daf2dd130b,heartbeat,-47
2026-09-20T15:30:30.226924+00:00,AP_02,dev_c4c59c0a301caf36,heartbeat,-51
2026-09-20T15:30:31.226924+00:00,AP_01,dev_539021518e086590,heartbeat,-52
2026-09-20T15:30:32.226924+00:00,AP_01,dev_b5f693bdb2568671,heartbeat,-49
2026-09-20T15:30:32.226924+00:00,AP_01,dev_932d334d0b33c912,heartbeat,-44
2026-09-20T15:30:33.226924+00:00,AP_01,dev_605e9822a32bf845,heartbeat,-50
2026-09-20T15:30:34.226924+00:00,AP_01,dev_0f1959ebaf2421f7,heartbeat,-50
2026-09-20T15:30:34.226924+00:00,AP_02,dev_0f96d15f51d22665,heartbeat,-44
2026-09-20T15:30:34.226924+00:00,AP_01,dev_a4b93ff51018f4c5,heartbeat,-50
2026-09-20T15:30:35.226924+00:00,AP_01,dev_35778c3c4e63c5e5,heartbeat,-54
2026-09-20T15:30:37.226924+00:00,AP_01,dev_f50ad49c2c67a14f,heartbeat,-51
2026-09-20T15:30:38.226924+00:00,AP_01,dev_5b04e3a652d6313a,heartbeat,-49
2026-09-20T15:30:39.226924+00:00,AP_02,dev_89db6f69939e3a2d,heartbeat,-50
2026-09-20T15:30:40.226924+00:00,AP_01,dev_069605993fcd64eb,heartbeat,-49
2026-09-20T15:30:40.226924+00:00,AP_02,dev_e0901586fe4e5714,heartbeat,-51
2026-09-20T15:30:41.226924+00:00,AP_01,dev_445ccbc2b30f400c,heartbeat,-48
2026-09-20T15:30:43.226924+00:00,AP_03,dev_8ab185ddc4f920ba,heartbeat,-53
2026-09-20T15:30:44.226924+00:00,AP_01,dev_6e87a995d8ad91a8,heartbeat,-47
2026-09-20T15:30:44.226924+00:00,AP_03,dev_2ef071463abd9f1c,heartbeat,-50
2026-09-20T15:30:45.226924+00:00,AP_02,dev_2b173c18c059f8e9,heartbeat,-49
2026-09-20T15:30:47.226924+00:00,AP_01,dev_7a7cb5ddf5eb7995,heartbeat,-47
2026-09-20T15:30:47.226924+00:00,AP_02,dev_7dc730154810b19b,heartbeat,-46
2026-09-20T15:30:47.226924+00:00,AP_03,dev_75cf3775171f19ea,heartbeat,-41
2026-09-20T15:30:47.226924+00:00,AP_02,dev_1f7d38735c96fb65,heartbeat,-49
2026-09-20T15:30:47.226924+00:00,AP_02,dev_dba56be9de81f118,heartbeat,-49
2026-09-20T15:30:49.226924+00:00,AP_02,dev_e880e41ccd1eeaca,heartbeat,-46
2026-09-20T15:30:50.226924+00:00,AP_01,dev_ea5204da7be6a53e,heartbeat,-52
2026-09-20T15:30:50.226924+00:00,AP_02,dev_349b3f24156b47ac,heartbeat,-48
2026-09-20T15:30:51.226924+00:00,AP_01,dev_8036e1c3a6abbe3c,heartbeat,-51
2026-09-20T15:30:52.226924+00:00,AP_03,dev_07284014dce9133c,heartbeat,-50
2026-09-20T15:30:53.226924+00:00,AP_01,dev_bc8d7b6196fcef34,heartbeat,-57
2026-09-20T15:30:55.226924+00:00,AP_01,dev_daba50eec8c1da46,heartbeat,-52
2026-09-20T15:30:55.226924+00:00,AP_02,dev_dac99220a0ad0fd7,heartbeat,-50
2026-09-20T15:30:55.226924+00:00,AP_03,dev_5873e32b3ae4395f,heartbeat,-51
2026-09-20T15:30:57.226924+00:00,AP_02,dev_55eaa3daf2dd130b,heartbeat,-50
2026-09-20T15:30:57.226924+00:00,AP_02,dev_4ac84bb5b54bd1e2,heartbeat,-48
2026-09-20T15:30:59.226924+00:00,AP_01,dev_62e4eb8d4981d69d,heartbeat,-50
2026-09-20T15:30:59.226924+00:00,AP_01,dev_539021518e086590,heartbeat,-51
2026-09-20T15:30:59.226924+00:00,AP_02,dev_44bae648792c87a3,heartbeat,-48
2026-09-20T15:31:00.226924+00:00,AP_01,dev_c406cbd22ec99ead,heartbeat,-50
2026-09-20T15:31:00.226924+00:00,AP_02,dev_c4c59c0a301caf36,heartbeat,-60
2026-09-20T15:31:00.226924+00:00,AP_03,dev_0ee25486519d39a2,heartbeat,-48
2026-09-20T15:31:01.226924+00:00,AP_01,dev_b5f693bdb2568671,heartbeat,-49
2026-09-20T15:31:03.226924+00:00,AP_01,dev_a4b93ff51018f4c5,heartbeat,-52
2026-09-20T15:31:04.226924+00:00,AP_01,dev_932d334d0b33c912,heartbeat,-48
2026-09-20T15:31:04.226924+00:00,AP_02,dev_0f96d15f51d22665,heartbeat,-52
2026-09-20T15:31:05.226924+00:00,AP_01,dev_605e9822a32bf845,heartbeat,-52
2026-09-20T15:31:07.226924+00:00,AP_01,dev_0f1959ebaf2421f7,heartbeat,-48
2026-09-20T15:31:08.226924+00:00,AP_01,dev_35778c3c4e63c5e5,heartbeat,-48
2026-09-20T15:31:08.226924+00:00,AP_01,dev_445ccbc2b30f400c,heartbeat,-46
2026-09-20T15:31:09.226924+00:00,AP_01,dev_069605993fcd64eb,heartbeat,-51
2026-09-20T15:31:10.226924+00:00,AP_01,dev_5b04e3a652d6313a,heartbeat,-56
2026-09-20T15:31:10.226924+00:00,AP_01,dev_f50ad49c2c67a14f,heartbeat,-47
2026-09-20T15:31:10.226924+00:00,AP_02,dev_89db6f69939e3a2d,heartbeat,-48
2026-09-20T15:31:12.226924+00:00,AP_03,dev_2ef071463abd9f1c,heartbeat,-46
2026-09-20T15:31:12.226924+00:00,AP_03,dev_8ab185ddc4f920ba,heartbeat,-55
2026-09-20T15:31:13.226924+00:00,AP_02,dev_e0901586fe4e5714,heartbeat,-46
2026-09-20T15:31:14.226924+00:00,AP_01,dev_7a7cb5ddf5eb7995,heartbeat,-48
2026-09-20T15:31:15.226924+00:00,AP_01,dev_6e87a995d8ad91a8,heartbeat,-50
2026-09-20T15:31:17.226924+00:00,AP_03,dev_75cf3775171f19ea,heartbeat,-54
2026-09-20T15:31:17.226924+00:00,AP_02,dev_1f7d38735c96fb65,heartbeat,-48
2026-09-20T15:31:17.226924+00:00,AP_02,dev_2b173c18c059f8e9,heartbeat,-50
2026-09-20T15:31:18.226924+00:00,AP_02,dev_7dc730154810b19b,heartbeat,-48
2026-09-20T15:31:19.226924+00:00,AP_01,dev_8036e1c3a6abbe3c,heartbeat,-50
2026-09-20T15:31:19.226924+00:00,AP_02,dev_e880e41ccd1eeaca,heartbeat,-55
2026-09-20T15:31:20.226924+00:00,AP_02,dev_dba56be9de81f118,heartbeat,-52
2026-09-20T15:31:20.226924+00:00,AP_03,dev_07284014dce9133c,heartbeat,-53
2026-09-20T15:31:21.226924+00:00,AP_01,dev_ea5204da7be6a53e,heartbeat,-57
2026-09-20T15:31:22.226924+00:00,AP_02,dev_349b3f24156b47ac,heartbeat,-53
2026-09-20T15:31:23.226924+00:00,AP_03,dev_5873e32b3ae4395f,heartbeat,-48
2026-09-20T15:31:25.226924+00:00,AP_02,dev_dac99220a0ad0fd7,heartbeat,-51
2026-09-20T15:31:26.226924+00:00,AP_01,dev_daba50eec8c1da46,heartbeat,-57
2026-09-20T15:31:26.226924+00:00,AP_01,dev_bc8d7b6196fcef34,heartbeat,-48
2026-09-20T15:31:26.226924+00:00,AP_02,dev_4ac84bb5b54bd1e2,heartbeat,-48
2026-09-20T15:31:27.226924+00:00,AP_01,dev_c406cbd22ec99ead,heartbeat,-42
2026-09-20T15:31:28.226924+00:00,AP_01,dev_539021518e086590,heartbeat,-54
2026-09-20T15:31:29.226924+00:00,AP_02,dev_55eaa3daf2dd130b,heartbeat,-47
2026-09-20T15:31:29.226924+00:00,AP_02,dev_c4c59c0a301caf36,heartbeat,-52
2026-09-20T15:31:31.226924+00:00,AP_01,dev_62e4eb8d4981d69d,heartbeat,-47
2026-09-20T15:31:31.226924+00:00,AP_02,dev_0f96d15f51d22665,heartbeat,-54
2026-09-20T15:31:31.226924+00:00,AP_02,dev_44bae648792c87a3,heartbeat,-52
2026-09-20T15:31:31.226924+00:00,AP_03,dev_0ee25486519d39a2,heartbeat,-49
2026-09-20T15:31:31.226924+00:00,AP_01,dev_a4b93ff51018f4c5,heartbeat,-51
2026-09-20T15:31:32.226924+00:00,AP_01,dev_b5f693bdb2568671,heartbeat,-50
2026-09-20T15:31:33.226924+00:00,AP_01,dev_932d334d0b33c912,heartbeat,-50
2026-09-20T15:31:34.226924+00:00,AP_01,dev_605e9822a32bf845,heartbeat,-48
2026-09-20T15:31:34.226924+00:00,AP_01,dev_0f1959ebaf2421f7,heartbeat,-48
2026-09-20T15:31:37.226924+00:00,AP_01,dev_445ccbc2b30f400c,heartbeat,-50
2026-09-20T15:31:38.226924+00:00,AP_01,dev_069605993fcd64eb,heartbeat,-50
2026-09-20T15:31:38.226924+00:00,AP_01,dev_35778c3c4e63c5e5,heartbeat,-50
2026-09-20T15:31:39.226924+00:00,AP_01,dev_5b04e3a652d6313a,heartbeat,-52
2026-09-20T15:31:39.226924+00:00,AP_01,dev_f50ad49c2c67a14f,heartbeat,-51
2026-09-20T15:31:39.226924+00:00,AP_02,dev_89db6f69939e3a2d,heartbeat,-49
2026-09-20T15:31:41.226924+00:00,AP_03,dev_8ab185ddc4f920ba,heartbeat,-45
2026-09-20T15:31:42.226924+00:00,AP_02,dev_e0901586fe4e5714,heartbeat,-61
2026-09-20T15:31:43.226924+00:00,AP_03,dev_2ef071463abd9f1c,heartbeat,-41
2026-09-20T15:31:45.226924+00:00,AP_01,dev_7a7cb5ddf5eb7995,heartbeat,-54
2026-09-20T15:31:45.226924+00:00,AP_01,dev_6e87a995d8ad91a8,heartbeat,-47
2026-09-20T15:31:46.226924+00:00,AP_02,dev_2b173c18c059f8e9,heartbeat,-51
2026-09-20T15:31:47.226924+00:00,AP_03,dev_07284014dce9133c,heartbeat,-51
2026-09-20T15:31:48.226924+00:00,AP_01,dev_8036e1c3a6abbe3c,heartbeat,-51
2026-09-20T15:31:48.226924+00:00,AP_01,dev_ea5204da7be6a53e,heartbeat,-49
2026-09-20T15:31:50.226924+00:00,AP_03,dev_75cf3775171f19ea,heartbeat,-48
2026-09-20T15:31:50.226924+00:00,AP_02,dev_1f7d38735c96fb65,heartbeat,-46
2026-09-20T15:31:51.226924+00:00,AP_02,dev_7dc730154810b19b,heartbeat,-46
2026-09-20T15:31:51.226924+00:00,AP_02,dev_dba56be9de81f118,heartbeat,-54
2026-09-20T15:31:52.226924+00:00,AP_02,dev_e880e41ccd1eeaca,heartbeat,-49
2026-09-20T15:31:52.226924+00:00,AP_02,dev_349b3f24156b47ac,heartbeat,-51
2026-09-20T15:31:54.226924+00:00,AP_02,dev_4ac84bb5b54bd1e2,heartbeat,-48
2026-09-20T15:31:56.226924+00:00,AP_03,dev_5873e32b3ae4395f,heartbeat,-49
2026-09-20T15:31:57.226924+00:00,AP_02,dev_55eaa3daf2dd130b,heartbeat,-49
2026-09-20T15:31:58.226924+00:00,AP_01,dev_c406cbd22ec99ead,heartbeat,-52
2026-09-20T15:31:58.226924+00:00,AP_01,dev_bc8d7b6196fcef34,heartbeat,-56
2026-09-20T15:31:58.226924+00:00,AP_02,dev_dac99220a0ad0fd7,heartbeat,-48
2026-09-20T15:31:59.226924+00:00,AP_01,dev_daba50eec8c1da46,heartbeat,-47
2026-09-20T15:31:59.226924+00:00,AP_02,dev_c4c59c0a301caf36,heartbeat,-50
2026-09-20T15:32:00.226924+00:00,AP_02,dev_0f96d15f51d22665,heartbeat,-48
2026-09-20T15:32:00.226924+00:00,AP_01,dev_a4b93ff51018f4c5,heartbeat,-49
2026-09-20T15:32:01.226924+00:00,AP_01,dev_932d334d0b33c912,heartbeat,-52
2026-09-20T15:32:01.226924+00:00,AP_01,dev_539021518e086590,heartbeat,-49
2026-09-20T15:32:01.226924+00:00,AP_03,dev_0ee25486519d39a2,heartbeat,-52
2026-09-20T15:32:02.226924+00:00,AP_02,dev_44bae648792c87a3,heartbeat,-47
2026-09-20T15:32:03.226924+00:00,AP_01,dev_605e9822a32bf845,heartbeat,-50
2026-09-20T15:32:03.226924+00:00,AP_01,dev_62e4eb8d4981d69d,heartbeat,-51
2026-09-20T15:32:04.226924+00:00,AP_01,dev_b5f693bdb2568671,heartbeat,-44
2026-09-20T15:32:06.226924+00:00,AP_01,dev_0f1959ebaf2421f7,heartbeat,-48
2026-09-20T15:32:07.226924+00:00,AP_02,dev_89db6f69939e3a2d,heartbeat,-49
2026-09-20T15:32:09.226924+00:00,AP_01,dev_35778c3c4e63c5e5,heartbeat,-49
2026-09-20T15:32:09.226924+00:00,AP_01,dev_445ccbc2b30f400c,heartbeat,-53
2026-09-20T15:32:10.226924+00:00,AP_01,dev_5b04e3a652d6313a,heartbeat,-53
2026-09-20T15:32:10.226924+00:00,AP_02,dev_e0901586fe4e5714,heartbeat,-50
2026-09-20T15:32:11.226924+00:00,AP_01,dev_069605993fcd64eb,heartbeat,-54
2026-09-20T15:32:11.226924+00:00,AP_01,dev_f50ad49c2c67a14f,heartbeat,-51
2026-09-20T15:32:12.226924+00:00,AP_01,dev_7a7cb5ddf5eb7995,heartbeat,-52
2026-09-20T15:32:13.226924+00:00,AP_03,dev_8ab185ddc4f920ba,heartbeat,-50
2026-09-20T15:32:14.226924+00:00,AP_02,dev_2b173c18c059f8e9,heartbeat,-46
2026-09-20T15:32:15.226924+00:00,AP_03,dev_2ef071463abd9f1c,heartbeat,-45
2026-09-20T15:32:16.226924+00:00,AP_01,dev_ea5204da7be6a53e,heartbeat,-49
2026-09-20T15:32:16.226924+00:00,AP_01,dev_6e87a995d8ad91a8,heartbeat,-52
2026-09-20T15:32:17.226924+00:00,AP_03,dev_75cf3775171f19ea,heartbeat,-50
2026-09-20T15:32:19.226924+00:00,AP_01,dev_8036e1c3a6abbe3c,heartbeat,-51
2026-09-20T15:32:20.226924+00:00,AP_02,dev_e880e41ccd1eeaca,heartbeat,-49
2026-09-20T15:32:20.226924+00:00,AP_02,dev_1f7d38735c96fb65,heartbeat,-55
2026-09-20T15:32:20.226924+00:00,AP_03,dev_07284014dce9133c,heartbeat,-51
2026-09-20T15:32:21.226924+00:00,AP_02,dev_7dc730154810b19b,heartbeat,-47
2026-09-20T15:32:22.226924+00:00,AP_02,dev_4ac84bb5b54bd1e2,heartbeat,-51
2026-09-20T15:32:23.226924+00:00,AP_02,dev_349b3f24156b47ac,heartbeat,-53
2026-09-20T15:32:24.226924+00:00,AP_02,dev_dba56be9de81f118,heartbeat,-47
2026-09-20T15:32:25.226924+00:00,AP_02,dev_dac99220a0ad0fd7,heartbeat,-52
2026-09-20T15:32:26.226924+00:00,AP_02,dev_c4c59c0a301caf36,heartbeat,-45
2026-09-20T15:32:27.226924+00:00,AP_01,dev_c406cbd22ec99ead,heartbeat,-48
2026-09-20T15:32:27.226924+00:00,AP_01,dev_bc8d7b6196fcef34,heartbeat,-53
2026-09-20T15:32:28.226924+00:00,AP_03,dev_5873e32b3ae4395f,heartbeat,-47
2026-09-20T15:32:28.226924+00:00,AP_01,dev_a4b93ff51018f4c5,heartbeat,-49
2026-09-20T15:32:29.226924+00:00,AP_02,dev_55eaa3daf2dd130b,heartbeat,-51
2026-09-20T15:32:30.226924+00:00,AP_02,dev_0f96d15f51d22665,heartbeat,-46
2026-09-20T15:32:31.226924+00:00,AP_02,dev_44bae648792c87a3,heartbeat,-42
2026-09-20T15:32:32.226924+00:00,AP_01,dev_daba50eec8c1da46,heartbeat,-55
2026-09-20T15:32:32.226924+00:00,AP_01,dev_605e9822a32bf845,heartbeat,-45
2026-09-20T15:32:32.226924+00:00,AP_01,dev_932d334d0b33c912,heartbeat,-53
2026-09-20T15:32:32.226924+00:00,AP_03,dev_0ee25486519d39a2,heartbeat,-46
2026-09-20T15:32:34.226924+00:00,AP_01,dev_539021518e086590,heartbeat,-54
2026-09-20T15:32:34.226924+00:00,AP_01,dev_0f1959ebaf2421f7,heartbeat,-49
2026-09-20T15:32:34.226924+00:00,AP_02,dev_89db6f69939e3a2d,heartbeat,-54
2026-09-20T15:32:36.226924+00:00,AP_01,dev_b5f693bdb2568671,heartbeat,-49
2026-09-20T15:32:36.226924+00:00,AP_01,dev_445ccbc2b30f400c,heartbeat,-47
2026-09-20T15:32:36.226924+00:00,AP_01,dev_62e4eb8d4981d69d,heartbeat,-48
2026-09-20T15:32:37.226924+00:00,AP_01,dev_35778c3c4e63c5e5,heartbeat,-48
2026-09-20T15:32:38.226924+00:00,AP_01,dev_069605993fcd64eb,heartbeat,-50
2026-09-20T15:32:38.226924+00:00,AP_01,dev_5b04e3a652d6313a,heartbeat,-42
2026-09-20T15:32:41.226924+00:00,AP_02,dev_e0901586fe4e5714,heartbeat,-44
2026-09-20T15:32:42.226924+00:00,AP_01,dev_f50ad49c2c67a14f,heartbeat,-50
2026-09-20T15:32:44.226924+00:00,AP_01,dev_ea5204da7be6a53e,heartbeat,-48
2026-09-20T15:32:44.226924+00:00,AP_01,dev_6e87a995d8ad91a8,heartbeat,-51
2026-09-20T15:32:44.226924+00:00,AP_02,dev_2b173c18c059f8e9,heartbeat,-48
2026-09-20T15:32:44.226924+00:00,AP_03,dev_2ef071463abd9f1c,heartbeat,-50
2026-09-20T15:32:45.226924+00:00,AP_01,dev_7a7cb5ddf5eb7995,heartbeat,-48
2026-09-20T15:32:46.226924+00:00,AP_03,dev_75cf3775171f19ea,heartbeat,-53
2026-09-20T15:32:46.226924+00:00,AP_03,dev_8ab185ddc4f920ba,heartbeat,-50
2026-09-20T15:32:47.226924+00:00,AP_03,dev_07284014dce9133c,heartbeat,-49
2026-09-20T15:32:48.226924+00:00,AP_02,dev_e880e41ccd1eeaca,heartbeat,-55
2026-09-20T15:32:49.226924+00:00,AP_01,dev_8036e1c3a6abbe3c,heartbeat,-50
2026-09-20T15:32:50.226924+00:00,AP_02,dev_4ac84bb5b54bd1e2,heartbeat,-51
2026-09-20T15:32:50.226924+00:00,AP_02,dev_349b3f24156b47ac,heartbeat,-48
2026-09-20T15:32:51.226924+00:00,AP_02,dev_7dc730154810b19b,heartbeat,-47
2026-09-20T15:32:52.226924+00:00,AP_02,dev_1f7d38735c96fb65,heartbeat,-53
2026-09-20T15:32:52.226924+00:00,AP_02,dev_dba56be9de81f118,heartbeat,-51
2026-09-20T15:32:53.226924+00:00,AP_02,dev_dac99220a0ad0fd7,heartbeat,-46
2026-09-20T15:32:56.226924+00:00,AP_02,dev_c4c59c0a301caf36,heartbeat,-48
2026-09-20T15:32:57.226924+00:00,AP_01,dev_c406cbd22ec99ead,heartbeat,-49
2026-09-20T15:32:58.226924+00:00,AP_03,dev_5873e32b3ae4395f,heartbeat,-48
2026-09-20T15:32:58.226924+00:00,AP_01,dev_a4b93ff51018f4c5,heartbeat,-53
2026-09-20T15:33:00.226924+00:00,AP_01,dev_605e9822a32bf845,heartbeat,-51
2026-09-20T15:33:00.226924+00:00,AP_01,dev_bc8d7b6196fcef34,heartbeat,-49
2026-09-20T15:33:00.226924+00:00,AP_02,dev_0f96d15f51d22665,heartbeat,-52
2026-09-20T15:33:00.226924+00:00,AP_02,dev_44bae648792c87a3,heartbeat,-43
2026-09-20T15:33:02.226924+00:00,AP_01,dev_0f1959ebaf2421f7,heartbeat,-45
2026-09-20T15:33:02.226924+00:00,AP_02,dev_55eaa3daf2dd130b,heartbeat,-50
2026-09-20T15:33:03.226924+00:00,AP_01,dev_daba50eec8c1da46,heartbeat,-46
2026-09-20T15:33:03.226924+00:00,AP_01,dev_932d334d0b33c912,heartbeat,-48
2026-09-20T15:33:04.226924+00:00,AP_01,dev_b5f693bdb2568671,heartbeat,-55
2026-09-20T15:33:04.226924+00:00,AP_02,dev_89db6f69939e3a2d,heartbeat,-50
2026-09-20T15:33:04.226924+00:00,AP_03,dev_0ee25486519d39a2,heartbeat,-45
2026-09-20T15:33:05.226924+00:00,AP_01,dev_069605993fcd64eb,heartbeat,-52
2026-09-20T15:33:05.226924+00:00,AP_01,dev_445ccbc2b30f400c,heartbeat,-50
2026-09-20T15:33:05.226924+00:00,AP_01,dev_62e4eb8d4981d69d,heartbeat,-50
2026-09-20T15:33:06.226924+00:00,AP_01,dev_539021518e086590,heartbeat,-49
2026-09-20T15:33:08.226924+00:00,AP_01,dev_5b04e3a652d6313a,heartbeat,-50
2026-09-20T15:33:09.226924+00:00,AP_01,dev_f50ad49c2c67a14f,heartbeat,-47
2026-09-20T15:33:10.226924+00:00,AP_01,dev_35778c3c4e63c5e5,heartbeat,-54
2026-09-20T15:33:11.226924+00:00,AP_01,dev_6e87a995d8ad91a8,heartbeat,-45
2026-09-20T15:33:13.226924+00:00,AP_03,dev_75cf3775171f19ea,heartbeat,-55
2026-09-20T15:33:13.226924+00:00,AP_02,dev_e0901586fe4e5714,heartbeat,-51
2026-09-20T15:33:15.226924+00:00,AP_01,dev_7a7cb5ddf5eb7995,heartbeat,-45
2026-09-20T15:33:15.226924+00:00,AP_02,dev_2b173c18c059f8e9,heartbeat,-54
2026-09-20T15:33:15.226924+00:00,AP_03,dev_8ab185ddc4f920ba,heartbeat,-52
2026-09-20T15:33:17.226924+00:00,AP_01,dev_ea5204da7be6a53e,heartbeat,-55
2026-09-20T15:33:17.226924+00:00,AP_03,dev_2ef071463abd9f1c,heartbeat,-44
2026-09-20T15:33:18.226924+00:00,AP_03,dev_07284014dce9133c,heartbeat,-49
2026-09-20T15:33:19.226924+00:00,AP_02,dev_4ac84bb5b54bd1e2,heartbeat,-43
2026-09-20T15:33:20.226924+00:00,AP_01,dev_8036e1c3a6abbe3c,heartbeat,-57
2026-09-20T15:33:20.226924+00:00,AP_02,dev_e880e41ccd1eeaca,heartbeat,-51
2026-09-20T15:33:22.226924+00:00,AP_02,dev_349b3f24156b47ac,heartbeat,-51
2026-09-20T15:33:23.226924+00:00,AP_02,dev_1f7d38735c96fb65,heartbeat,-51
2026-09-20T15:33:24.226924+00:00,AP_02,dev_dac99220a0ad0fd7,heartbeat,-52
2026-09-20T15:33:24.226924+00:00,AP_02,dev_7dc730154810b19b,heartbeat,-50
2026-09-20T15:33:25.226924+00:00,AP_02,dev_dba56be9de81f118,heartbeat,-51
2026-09-20T15:33:25.226924+00:00,AP_02,dev_c4c59c0a301caf36,heartbeat,-48
2026-09-20T15:33:25.226924+00:00,AP_01,dev_a4b93ff51018f4c5,heartbeat,-51
2026-09-20T15:33:28.226924+00:00,AP_01,dev_c406cbd22ec99ead,heartbeat,-49
2026-09-20T15:33:28.226924+00:00,AP_02,dev_44bae648792c87a3,heartbeat,-52
2026-09-20T15:33:28.226924+00:00,AP_03,dev_5873e32b3ae4395f,heartbeat,-49
2026-09-20T15:33:29.226924+00:00,AP_01,dev_605e9822a32bf845,heartbeat,-45
2026-09-20T15:33:29.226924+00:00,AP_01,dev_bc8d7b6196fcef34,heartbeat,-52
2026-09-20T15:33:31.226924+00:00,AP_01,dev_b5f693bdb2568671,heartbeat,-52
2026-09-20T15:33:31.226924+00:00,AP_03,dev_0ee25486519d39a2,heartbeat,-49
2026-09-20T15:33:32.226924+00:00,AP_01,dev_445ccbc2b30f400c,heartbeat,-52
2026-09-20T15:33:33.226924+00:00,AP_02,dev_0f96d15f51d22665,heartbeat,-52
2026-09-20T15:33:33.226924+00:00,AP_02,dev_89db6f69939e3a2d,heartbeat,-50
2026-09-20T15:33:34.226924+00:00,AP_01,dev_539021518e086590,heartbeat,-51
2026-09-20T15:33:35.226924+00:00,AP_01,dev_069605993fcd64eb,heartbeat,-53
2026-09-20T15:33:35.226924+00:00,AP_01,dev_daba50eec8c1da46,heartbeat,-48
2026-09-20T15:33:35.226924+00:00,AP_01,dev_932d334d0b33c912,heartbeat,-44
2026-09-20T15:33:35.226924+00:00,AP_01,dev_62e4eb8d4981d69d,heartbeat,-44
2026-09-20T15:33:35.226924+00:00,AP_01,dev_0f1959ebaf2421f7,heartbeat,-46
2026-09-20T15:33:35.226924+00:00,AP_02,dev_55eaa3daf2dd130b,heartbeat,-55
2026-09-20T15:33:36.226924+00:00,AP_01,dev_f50ad49c2c67a14f,heartbeat,-53
2026-09-20T15:33:37.226924+00:00,AP_01,dev_35778c3c4e63c5e5,heartbeat,-43
2026-09-20T15:33:38.226924+00:00,AP_01,dev_5b04e3a652d6313a,heartbeat,-50
2026-09-20T15:33:40.226924+00:00,AP_02,dev_e0901586fe4e5714,heartbeat,-47
2026-09-20T15:33:42.226924+00:00,AP_01,dev_7a7cb5ddf5eb7995,heartbeat,-54
2026-09-20T15:33:43.226924+00:00,AP_01,dev_6e87a995d8ad91a8,heartbeat,-49
2026-09-20T15:33:43.226924+00:00,AP_03,dev_8ab185ddc4f920ba,heartbeat,-50
2026-09-20T15:33:45.226924+00:00,AP_01,dev_ea5204da7be6a53e,heartbeat,-47
2026-09-20T15:33:45.226924+00:00,AP_02,dev_2b173c18c059f8e9,heartbeat,-53
2026-09-20T15:33:46.226924+00:00,AP_03,dev_75cf3775171f19ea,heartbeat,-54
2026-09-20T15:33:48.226924+00:00,AP_03,dev_2ef071463abd9f1c,heartbeat,-49
2026-09-20T15:33:49.226924+00:00,AP_01,dev_8036e1c3a6abbe3c,heartbeat,-55
2026-09-20T15:33:49.226924+00:00,AP_02,dev_e880e41ccd1eeaca,heartbeat,-46
2026-09-20T15:33:51.226924+00:00,AP_03,dev_07284014dce9133c,heartbeat,-47
2026-09-20T15:33:52.226924+00:00,AP_02,dev_4ac84bb5b54bd1e2,heartbeat,-52
2026-09-20T15:33:53.226924+00:00,AP_02,dev_7dc730154810b19b,heartbeat,-45
2026-09-20T15:33:53.226924+00:00,AP_02,dev_c4c59c0a301caf36,heartbeat,-49
2026-09-20T15:33:54.226924+00:00,AP_02,dev_349b3f24156b47ac,heartbeat,-48
2026-09-20T15:33:54.226924+00:00,AP_02,dev_dba56be9de81f118,heartbeat,-49
2026-09-20T15:33:54.226924+00:00,AP_01,dev_a4b93ff51018f4c5,heartbeat,-50
2026-09-20T15:33:55.226924+00:00,AP_01,dev_c406cbd22ec99ead,heartbeat,-54
2026-09-20T15:33:56.226924+00:00,AP_01,dev_bc8d7b6196fcef34,heartbeat,-48
2026-09-20T15:33:56.226924+00:00,AP_02,dev_dac99220a0ad0fd7,heartbeat,-48
2026-09-20T15:33:56.226924+00:00,AP_02,dev_1f7d38735c96fb65,heartbeat,-47
2026-09-20T15:33:57.226924+00:00,AP_02,dev_44bae648792c87a3,heartbeat,-53
2026-09-20T15:33:58.226924+00:00,AP_03,dev_0ee25486519d39a2,heartbeat,-50
2026-09-20T15:33:59.226924+00:00,AP_01,dev_605e9822a32bf845,heartbeat,-49
2026-09-20T15:33:59.226924+00:00,AP_03,dev_5873e32b3ae4395f,heartbeat,-42
2026-09-20T15:34:02.226924+00:00,AP_01,dev_b5f693bdb2568671,heartbeat,-48
2026-09-20T15:34:02.226924+00:00,AP_01,dev_445ccbc2b30f400c,heartbeat,-46
2026-09-20T15:34:04.226924+00:00,AP_01,dev_c3b50002611d3eb0,connect,-79
2026-09-20T15:34:04.226924+00:00,AP_02,dev_0f96d15f51d22665,heartbeat,-52
2026-09-20T15:34:05.226924+00:00,AP_01,dev_069605993fcd64eb,heartbeat,-43
2026-09-20T15:34:05.226924+00:00,AP_01,dev_daba50eec8c1da46,heartbeat,-39
2026-09-20T15:34:05.226924+00:00,AP_02,dev_89db6f69939e3a2d,heartbeat,-48
2026-09-20T15:34:06.226924+00:00,AP_01,dev_539021518e086590,heartbeat,-51
2026-09-20T15:34:07.226924+00:00,AP_01,dev_62e4eb8d4981d69d,heartbeat,-48
2026-09-20T15:34:08.226924+00:00,AP_01,dev_f50ad49c2c67a14f,heartbeat,-55
2026-09-20T15:34:08.226924+00:00,AP_01,dev_35778c3c4e63c5e5,heartbeat,-54
2026-09-20T15:34:08.226924+00:00,AP_01,dev_932d334d0b33c912,heartbeat,-46
2026-09-20T15:34:08.226924+00:00,AP_01,dev_0f1959ebaf2421f7,heartbeat,-49
2026-09-20T15:34:08.226924+00:00,AP_02,dev_55eaa3daf2dd130b,heartbeat,-54
2026-09-20T15:34:09.226924+00:00,AP_02,dev_e0901586fe4e5714,heartbeat,-56
2026-09-20T15:34:11.226924+00:00,AP_01,dev_5b04e3a652d6313a,heartbeat,-52
2026-09-20T15:34:13.226924+00:00,AP_01,dev_7a7cb5ddf5eb7995,heartbeat,-48
2026-09-20T15:34:13.226924+00:00,AP_01,dev_6e87a995d8ad91a8,heartbeat,-49
2026-09-20T15:34:13.226924+00:00,AP_03,dev_8ab185ddc4f920ba,heartbeat,-50
2026-09-20T15:34:15.226924+00:00,AP_01,dev_ea5204da7be6a53e,heartbeat,-48
2026-09-20T15:34:16.226924+00:00,AP_03,dev_75cf3775171f19ea,heartbeat,-50
2026-09-20T15:34:16.226924+00:00,AP_02,dev_2b173c18c059f8e9,heartbeat,-46
2026-09-20T15:34:17.226924+00:00,AP_02,dev_e880e41ccd1eeaca,heartbeat,-55
2026-09-20T15:34:19.226924+00:00,AP_01,dev_c3b50002611d3eb0,disconnect,-82
2026-09-20T15:34:19.226924+00:00,AP_01,dev_8036e1c3a6abbe3c,heartbeat,-57
2026-09-20T15:34:20.226924+00:00,AP_03,dev_2ef071463abd9f1c,heartbeat,-51
2026-09-20T15:34:22.226924+00:00,AP_01,dev_c406cbd22ec99ead,heartbeat,-52
2026-09-20T15:34:22.226924+00:00,AP_02,dev_4ac84bb5b54bd1e2,heartbeat,-44
2026-09-20T15:34:23.226924+00:00,AP_02,dev_1f7d38735c96fb65,heartbeat,-54
2026-09-20T15:34:23.226924+00:00,AP_03,dev_07284014dce9133c,heartbeat,-55
2026-09-20T15:34:24.226924+00:00,AP_01,dev_bc8d7b6196fcef34,heartbeat,-51
2026-09-20T15:34:24.226924+00:00,AP_02,dev_dac99220a0ad0fd7,heartbeat,-47
2026-09-20T15:34:24.226924+00:00,AP_02,dev_7dc730154810b19b,heartbeat,-50
2026-09-20T15:34:24.226924+00:00,AP_02,dev_c4c59c0a301caf36,heartbeat,-53
2026-09-20T15:34:25.226924+00:00,AP_03,dev_0ee25486519d39a2,heartbeat,-56
2026-09-20T15:34:25.226924+00:00,AP_01,dev_a4b93ff51018f4c5,heartbeat,-51
2026-09-20T15:34:26.226924+00:00,AP_02,dev_dba56be9de81f118,heartbeat,-51
2026-09-20T15:34:26.226924+00:00,AP_02,dev_44bae648792c87a3,heartbeat,-46
2026-09-20T15:34:26.226924+00:00,AP_03,dev_5873e32b3ae4395f,heartbeat,-46
2026-09-20T15:34:27.226924+00:00,AP_02,dev_349b3f24156b47ac,heartbeat,-50
2026-09-20T15:34:30.226924+00:00,AP_01,dev_b5f693bdb2568671,heartbeat,-49
2026-09-20T15:34:30.226924+00:00,AP_01,dev_445ccbc2b30f400c,heartbeat,-47
2026-09-20T15:34:31.226924+00:00,AP_01,dev_605e9822a32bf845,heartbeat,-51
2026-09-20T15:34:31.226924+00:00,AP_02,dev_0f96d15f51d22665,heartbeat,-47
2026-09-20T15:34:32.226924+00:00,AP_02,dev_60300dad5756c7a4,connect,-83
2026-09-20T15:34:34.226924+00:00,AP_01,dev_539021518e086590,heartbeat,-48
2026-09-20T15:34:35.226924+00:00,AP_01,dev_069605993fcd64eb,heartbeat,-49
2026-09-20T15:34:35.226924+00:00,AP_01,dev_62e4eb8d4981d69d,heartbeat,-49
2026-09-20T15:34:35.226924+00:00,AP_02,dev_55eaa3daf2dd130b,heartbeat,-51
2026-09-20T15:34:35.226924+00:00,AP_02,dev_89db6f69939e3a2d,heartbeat,-54
2026-09-20T15:34:36.226924+00:00,AP_01,dev_daba50eec8c1da46,heartbeat,-53
2026-09-20T15:34:36.226924+00:00,AP_01,dev_c406cbd22ec99ead,disconnect,-49
2026-09-20T15:34:36.226924+00:00,AP_01,dev_0f1959ebaf2421f7,heartbeat,-51
2026-09-20T15:34:38.226924+00:00,AP_01,dev_f50ad49c2c67a14f,heartbeat,-56
2026-09-20T15:34:38.226924+00:00,AP_01,dev_35778c3c4e63c5e5,heartbeat,-47
2026-09-20T15:34:38.226924+00:00,AP_02,dev_55eaa3daf2dd130b,disconnect,-52
2026-09-20T15:34:38.226924+00:00,AP_02,dev_e0901586fe4e5714,heartbeat,-43
2026-09-20T15:34:39.226924+00:00,AP_01,dev_932d334d0b33c912,heartbeat,-53
2026-09-20T15:34:39.226924+00:00,AP_02,dev_60300dad5756c7a4,disconnect,-80
2026-09-20T15:34:41.226924+00:00,AP_01,dev_7a7cb5ddf5eb7995,heartbeat,-57
2026-09-20T15:34:41.226924+00:00,AP_01,dev_6e87a995d8ad91a8,heartbeat,-50
2026-09-20T15:34:43.226924+00:00,AP_01,dev_932d334d0b33c912,disconnect,-44
2026-09-20T15:34:43.226924+00:00,AP_02,dev_2b173c18c059f8e9,heartbeat,-47
2026-09-20T15:34:43.226924+00:00,AP_03,dev_8ab185ddc4f920ba,heartbeat,-46
2026-09-20T15:34:44.226924+00:00,AP_01,dev_5b04e3a652d6313a,heartbeat,-45
2026-09-20T15:34:44.226924+00:00,AP_01,dev_7a7cb5ddf5eb7995,disconnect,-49
2026-09-20T15:34:48.226924+00:00,AP_01,dev_ea5204da7be6a53e,heartbeat,-51
2026-09-20T15:34:48.226924+00:00,AP_02,dev_e880e41ccd1eeaca,heartbeat,-43
2026-09-20T15:34:48.226924+00:00,AP_03,dev_75cf3775171f19ea,heartbeat,-48
2026-09-20T15:34:49.226924+00:00,AP_02,dev_e880e41ccd1eeaca,disconnect,-53
2026-09-20T15:34:50.226924+00:00,AP_01,dev_8036e1c3a6abbe3c,heartbeat,-49
2026-09-20T15:34:50.226924+00:00,AP_03,dev_2ef071463abd9f1c,heartbeat,-52
2026-09-20T15:34:51.226924+00:00,AP_02,dev_4ac84bb5b54bd1e2,heartbeat,-50
2026-09-20T15:34:51.226924+00:00,AP_02,dev_c4c59c0a301caf36,disconnect,-46
2026-09-20T15:34:52.226924+00:00,AP_02,dev_dac99220a0ad0fd7,heartbeat,-48
2026-09-20T15:34:52.226924+00:00,AP_03,dev_0ee25486519d39a2,heartbeat,-50
2026-09-20T15:34:53.226924+00:00,AP_01,dev_35778c3c4e63c5e5,disconnect,-47
2026-09-20T15:34:53.226924+00:00,AP_03,dev_07284014dce9133c,heartbeat,-48
2026-09-20T15:34:54.226924+00:00,AP_01,dev_069605993fcd64eb,disconnect,-50
2026-09-20T15:34:54.226924+00:00,AP_01,dev_bc8d7b6196fcef34,heartbeat,-53
2026-09-20T15:34:55.226924+00:00,AP_02,dev_1f7d38735c96fb65,heartbeat,-48
2026-09-20T15:34:56.226924+00:00,AP_02,dev_dba56be9de81f118,heartbeat,-44
2026-09-20T15:34:57.226924+00:00,AP_01,dev_b5f693bdb2568671,heartbeat,-52
2026-09-20T15:34:57.226924+00:00,AP_01,dev_445ccbc2b30f400c,disconnect,-48
2026-09-20T15:34:57.226924+00:00,AP_01,dev_0f1959ebaf2421f7,disconnect,-53
2026-09-20T15:34:57.226924+00:00,AP_02,dev_7dc730154810b19b,heartbeat,-48
2026-09-20T15:34:57.226924+00:00,AP_03,dev_5873e32b3ae4395f,heartbeat,-43
2026-09-20T15:34:57.226924+00:00,AP_01,dev_a4b93ff51018f4c5,heartbeat,-52
2026-09-20T15:34:58.226924+00:00,AP_01,dev_f50ad49c2c67a14f,disconnect,-56
2026-09-20T15:34:58.226924+00:00,AP_01,dev_bc8d7b6196fcef34,disconnect,-52
2026-09-20T15:34:59.226924+00:00,AP_02,dev_44bae648792c87a3,heartbeat,-48
2026-09-20T15:35:00.226924+00:00,AP_02,dev_349b3f24156b47ac,heartbeat,-51
2026-09-20T15:35:00.226924+00:00,AP_03,dev_0ee25486519d39a2,disconnect,-50
2026-09-20T15:35:01.226924+00:00,AP_01,dev_605e9822a32bf845,heartbeat,-49
2026-09-20T15:35:01.226924+00:00,AP_02,dev_0f96d15f51d22665,heartbeat,-47
2026-09-20T15:35:02.226924+00:00,AP_01,dev_62e4eb8d4981d69d,heartbeat,-50
2026-09-20T15:35:02.226924+00:00,AP_01,dev_6e87a995d8ad91a8,disconnect,-57
2026-09-20T15:35:02.226924+00:00,AP_02,dev_89db6f69939e3a2d,heartbeat,-48
2026-09-20T15:35:03.226924+00:00,AP_03,dev_8ab185ddc4f920ba,disconnect,-53
2026-09-20T15:35:04.226924+00:00,AP_01,dev_539021518e086590,heartbeat,-53
2026-09-20T15:35:04.226924+00:00,AP_02,dev_349b3f24156b47ac,disconnect,-47
2026-09-20T15:35:05.226924+00:00,AP_01,dev_5b04e3a652d6313a,disconnect,-55
2026-09-20T15:35:07.226924+00:00,AP_01,dev_539021518e086590,disconnect,-50
2026-09-20T15:35:07.226924+00:00,AP_02,dev_2b173c18c059f8e9,disconnect,-51
2026-09-20T15:35:08.226924+00:00,AP_01,dev_daba50eec8c1da46,heartbeat,-54
2026-09-20T15:35:09.226924+00:00,AP_01,dev_b5f693bdb2568671,disconnect,-49
2026-09-20T15:35:09.226924+00:00,AP_02,dev_e0901586fe4e5714,heartbeat,-50
2026-09-20T15:35:12.226924+00:00,AP_03,dev_75cf3775171f19ea,disconnect,-49
2026-09-20T15:35:13.226924+00:00,AP_01,dev_605e9822a32bf845,disconnect,-48
2026-09-20T15:35:14.226924+00:00,AP_03,dev_5873e32b3ae4395f,disconnect,-46
2026-09-20T15:35:16.226924+00:00,AP_01,dev_ea5204da7be6a53e,heartbeat,-47
2026-09-20T15:35:17.226924+00:00,AP_01,dev_8036e1c3a6abbe3c,heartbeat,-51
2026-09-20T15:35:17.226924+00:00,AP_01,dev_62e4eb8d4981d69d,disconnect,-48
2026-09-20T15:35:19.226924+00:00,AP_02,dev_1f7d38735c96fb65,disconnect,-46
2026-09-20T15:35:19.226924+00:00,AP_03,dev_07284014dce9133c,disconnect,-50
2026-09-20T15:35:20.226924+00:00,AP_01,dev_8036e1c3a6abbe3c,disconnect,-47
2026-09-20T15:35:20.226924+00:00,AP_02,dev_dac99220a0ad0fd7,heartbeat,-48
2026-09-20T15:35:20.226924+00:00,AP_03,dev_2ef071463abd9f1c,heartbeat,-51
2026-09-20T15:35:21.226924+00:00,AP_02,dev_dac99220a0ad0fd7,disconnect,-52
2026-09-20T15:35:21.226924+00:00,AP_03,dev_2ef071463abd9f1c,disconnect,-51
2026-09-20T15:35:22.226924+00:00,AP_02,dev_4ac84bb5b54bd1e2,heartbeat,-40
2026-09-20T15:35:22.226924+00:00,AP_01,dev_a4b93ff51018f4c5,disconnect,-49
2026-09-20T15:35:25.226924+00:00,AP_02,dev_dba56be9de81f118,disconnect,-50
2026-09-20T15:35:27.226924+00:00,AP_01,dev_daba50eec8c1da46,disconnect,-52
2026-09-20T15:35:28.226924+00:00,AP_01,dev_ea5204da7be6a53e,disconnect,-47
2026-09-20T15:35:28.226924+00:00,AP_02,dev_0f96d15f51d22665,disconnect,-55
2026-09-20T15:35:28.226924+00:00,AP_02,dev_44bae648792c87a3,disconnect,-48
2026-09-20T15:35:29.226924+00:00,AP_02,dev_89db6f69939e3a2d,heartbeat,-47
2026-09-20T15:35:30.226924+00:00,AP_02,dev_7dc730154810b19b,heartbeat,-54
2026-09-20T15:35:31.226924+00:00,AP_02,dev_7dc730154810b19b,disconnect,-54
2026-09-20T15:35:31.226924+00:00,AP_02,dev_e0901586fe4e5714,disconnect,-47
2026-09-20T15:35:34.226924+00:00,AP_02,dev_4ac84bb5b54bd1e2,disconnect,-57
2026-09-20T15:35:34.226924+00:00,AP_02,dev_89db6f69939e3a2d,disconnect,-56
