timestamp,ap_id,device_id,event,rssi
2026-09-20T14:35:57.823338+00:00,AP_02,dev_35eea70824060c98,connect,-53
2026-09-20T14:35:58.823338+00:00,AP_01,dev_d5facb6e4cdd0f8d,connect,-49
2026-09-20T14:36:02.823338+00:00,AP_03,dev_172964ce995cefb5,connect,-53
2026-09-20T14:36:03.823338+00:00,AP_02,dev_4463e93e128fb718,connect,-49
2026-09-20T14:36:07.823338+00:00,AP_01,dev_ef43c0dc8df3847e,connect,-52
2026-09-20T14:36:09.823338+00:00,AP_02,dev_09e69aaa959cdd44,connect,-45
2026-09-20T14:36:11.823338+00:00,AP_01,dev_46106d48bf350825,connect,-49
2026-09-20T14:36:11.823338+00:00,AP_02,dev_36251f494ec5e4c4,connect,-47
2026-09-20T14:36:12.823338+00:00,AP_01,dev_26be14216d4fd7c4,connect,-55
2026-09-20T14:36:13.823338+00:00,AP_02,dev_b3417cd8c6c08f19,connect,-47
2026-09-20T14:36:15.823338+00:00,AP_01,dev_dac9735c15d23598,connect,-51
2026-09-20T14:36:21.823338+00:00,AP_02,dev_9ac7e0c7eb7246b5,connect,-50
2026-09-20T14:36:26.823338+00:00,AP_01,dev_78b7476e077c5c58,connect,-58
2026-09-20T14:36:26.823338+00:00,AP_02,dev_a9a77d30a2535eda,connect,-45
2026-09-20T14:36:27.823338+00:00,AP_01,dev_3b33fcd2e1d3f788,connect,-44
2026-09-20T14:36:27.823338+00:00,AP_02,dev_35eea70824060c98,heartbeat,-48
2026-09-20T14:36:28.823338+00:00,AP_01,dev_d5facb6e4cdd0f8d,heartbeat,-51
2026-09-20T14:36:32.823338+00:00,AP_03,dev_172964ce995cefb5,heartbeat,-51
2026-09-20T14:36:33.823338+00:00,AP_02,dev_4463e93e128fb718,heartbeat,-57
2026-09-20T14:36:34.823338+00:00,AP_01,dev_4d55811fcbb2d44b,connect,-47
2026-09-20T14:36:37.823338+00:00,AP_01,dev_ef43c0dc8df3847e,heartbeat,-49
2026-09-20T14:36:39.823338+00:00,AP_02,dev_09e69aaa959cdd44,heartbeat,-53
2026-09-20T14:36:40.823338+00:00,AP_02,dev_1730e5aaa7a31ce6,connect,-43
2026-09-20T14:36:41.823338+00:00,AP_01,dev_46106d48bf350825,heartbeat,-51
2026-09-20T14:36:41.823338+00:00,AP_01,dev_de09aa0b03e5957e,connect,-42
2026-09-20T14:36:41.823338+00:00,AP_02,dev_36251f494ec5e4c4,heartbeat,-44
2026-09-20T14:36:42.823338+00:00,AP_01,dev_26be14216d4fd7c4,heartbeat,-46
2026-09-20T14:36:42.823338+00:00,AP_02,dev_be01eb2e5060c2ba,connect,-51
2026-09-20T14:36:43.823338+00:00,AP_02,dev_b3417cd8c6c08f19,heartbeat,-52
2026-09-20T14:36:45.823338+00:00,AP_01,dev_dac9735c15d23598,heartbeat,-46
2026-09-20T14:36:46.823338+00:00,AP_01,dev_0f3a5465c5be5029,connect,-48
2026-09-20T14:36:48.823338+00:00,AP_02,dev_298b986404f77877,connect,-48
2026-09-20T14:36:49.823338+00:00,AP_01,dev_39ef6cebfea41e12,connect,-51
2026-09-20T14:36:51.823338+00:00,AP_01,dev_8ae4745e74ab0761,connect,-85
2026-09-20T14:36:51.823338+00:00,AP_02,dev_9ac7e0c7eb7246b5,heartbeat,-56
2026-09-20T14:36:54.823338+00:00,AP_01,dev_0e322e127a303cdd,connect,-40
2026-09-20T14:36:55.823338+00:00,AP_01,dev_bee12d3e1f271e83,connect,-57
2026-09-20T14:36:55.823338+00:00,AP_02,dev_35eea70824060c98,heartbeat,-48
2026-09-20T14:36:56.823338+00:00,AP_01,dev_8ae4745e74ab0761,disconnect,-79
2026-09-20T14:36:56.823338+00:00,AP_01,dev_78b7476e077c5c58,heartbeat,-51
2026-09-20T14:36:56.823338+00:00,AP_02,dev_a9a77d30a2535eda,heartbeat,-54
2026-09-20T14:36:57.823338+00:00,AP_01,dev_3b33fcd2e1d3f788,heartbeat,-50
2026-09-20T14:36:57.823338+00:00,AP_01,dev_d5facb6e4cdd0f8d,heartbeat,-52
2026-09-20T14:36:58.823338+00:00,AP_02,dev_c8621d86e105ae2c,connect,-49
2026-09-20T14:37:00.823338+00:00,AP_01,dev_761dbfebee20a1b6,connect,-55
2026-09-20T14:37:04.823338+00:00,AP_01,dev_4d55811fcbb2d44b,heartbeat,-52
2026-09-20T14:37:05.823338+00:00,AP_01,dev_0feb402657ab950a,connect,-49
2026-09-20T14:37:05.823338+00:00,AP_02,dev_4463e93e128fb718,heartbeat,-53
2026-09-20T14:37:05.823338+00:00,AP_03,dev_172964ce995cefb5,heartbeat,-53
2026-09-20T14:37:10.823338+00:00,AP_01,dev_ef43c0dc8df3847e,heartbeat,-51
2026-09-20T14:37:10.823338+00:00,AP_01,dev_26be14216d4fd7c4,heartbeat,-49
2026-09-20T14:37:10.823338+00:00,AP_02,dev_1730e5aaa7a31ce6,heartbeat,-52
2026-09-20T14:37:11.823338+00:00,AP_01,dev_de09aa0b03e5957e,heartbeat,-45
2026-09-20T14:37:12.823338+00:00,AP_01,dev_46106d48bf350825,heartbeat,-51
2026-09-20T14:37:12.823338+00:00,AP_02,dev_3712f235b4616c4a,connect,-53
2026-09-20T14:37:12.823338+00:00,AP_02,dev_fda1e4d27c7ec351,connect,-47
2026-09-20T14:37:12.823338+00:00,AP_02,dev_b3417cd8c6c08f19,heartbeat,-51
2026-09-20T14:37:12.823338+00:00,AP_02,dev_09e69aaa959cdd44,heartbeat,-53
2026-09-20T14:37:12.823338+00:00,AP_02,dev_be01eb2e5060c2ba,heartbeat,-52
2026-09-20T14:37:14.823338+00:00,AP_02,dev_36251f494ec5e4c4,heartbeat,-49
2026-09-20T14:37:16.823338+00:00,AP_01,dev_0f3a5465c5be5029,heartbeat,-52
2026-09-20T14:37:17.823338+00:00,AP_01,dev_dac9735c15d23598,heartbeat,-44
2026-09-20T14:37:18.823338+00:00,AP_02,dev_298b986404f77877,heartbeat,-49
2026-09-20T14:37:19.823338+00:00,AP_01,dev_39ef6cebfea41e12,heartbeat,-51
2026-09-20T14:37:21.823338+00:00,AP_02,dev_9ac7e0c7eb7246b5,heartbeat,-49
2026-09-20T14:37:22.823338+00:00,AP_01,dev_ec7f305d29851a5a,connect,-49
2026-09-20T14:37:22.823338+00:00,AP_02,dev_bb34b21593bc8929,connect,-46
2026-09-20T14:37:22.823338+00:00,AP_02,dev_43e59eca12e9d77f,connect,-50
2026-09-20T14:37:23.823338+00:00,AP_03,dev_80d56b8303cd4403,connect,-49
2026-09-20T14:37:24.823338+00:00,AP_01,dev_3b33fcd2e1d3f788,heartbeat,-53
2026-09-20T14:37:24.823338+00:00,AP_01,dev_0e322e127a303cdd,heartbeat,-50
2026-09-20T14:37:24.823338+00:00,AP_02,dev_e275ee8bb2c9833c,connect,-52
2026-09-20T14:37:25.823338+00:00,AP_01,dev_bee12d3e1f271e83,heartbeat,-50
2026-09-20T14:37:25.823338+00:00,AP_02,dev_32123fce6801e287,connect,-48
2026-09-20T14:37:26.823338+00:00,AP_02,dev_35eea70824060c98,heartbeat,-46
2026-09-20T14:37:28.823338+00:00,AP_01,dev_78b7476e077c5c58,heartbeat,-47
2026-09-20T14:37:28.823338+00:00,AP_01,dev_d5facb6e4cdd0f8d,heartbeat,-55
2026-09-20T14:37:28.823338+00:00,AP_02,dev_c8621d86e105ae2c,heartbeat,-42
2026-09-20T14:37:28.823338+00:00,AP_02,dev_a9a77d30a2535eda,heartbeat,-53
2026-09-20T14:37:30.823338+00:00,AP_01,dev_761dbfebee20a1b6,heartbeat,-49
2026-09-20T14:37:34.823338+00:00,AP_01,dev_4d55811fcbb2d44b,heartbeat,-47
2026-09-20T14:37:34.823338+00:00,AP_02,dev_4463e93e128fb718,heartbeat,-50
2026-09-20T14:37:35.823338+00:00,AP_01,dev_382017e48c0d09cb,connect,-53
2026-09-20T14:37:35.823338+00:00,AP_01,dev_0feb402657ab950a,heartbeat,-52
2026-09-20T14:37:37.823338+00:00,AP_01,dev_26be14216d4fd7c4,heartbeat,-52
2026-09-20T14:37:38.823338+00:00,AP_03,dev_172964ce995cefb5,heartbeat,-44
2026-09-20T14:37:39.823338+00:00,AP_01,dev_ef43c0dc8df3847e,heartbeat,-53
2026-09-20T14:37:39.823338+00:00,AP_02,dev_1730e5aaa7a31ce6,heartbeat,-50
2026-09-20T14:37:41.823338+00:00,AP_01,dev_de09aa0b03e5957e,heartbeat,-48
2026-09-20T14:37:41.823338+00:00,AP_01,dev_a42ce750a950b6ed,connect,-49
2026-09-20T14:37:41.823338+00:00,AP_02,dev_36251f494ec5e4c4,heartbeat,-49
2026-09-20T14:37:42.823338+00:00,AP_02,dev_3712f235b4616c4a,heartbeat,-47
2026-09-20T14:37:42.823338+00:00,AP_02,dev_fda1e4d27c7ec351,heartbeat,-48
2026-09-20T14:37:42.823338+00:00,AP_02,dev_b3417cd8c6c08f19,heartbeat,-46
2026-09-20T14:37:42.823338+00:00,AP_02,dev_be01eb2e5060c2ba,heartbeat,-45
2026-09-20T14:37:44.823338+00:00,AP_02,dev_09e69aaa959cdd44,heartbeat,-52
2026-09-20T14:37:45.823338+00:00,AP_01,dev_46106d48bf350825,heartbeat,-54
2026-09-20T14:37:47.823338+00:00,AP_01,dev_0f3a5465c5be5029,heartbeat,-48
2026-09-20T14:37:48.823338+00:00,AP_01,dev_39ef6cebfea41e12,heartbeat,-53
2026-09-20T14:37:48.823338+00:00,AP_02,dev_9ac7e0c7eb7246b5,heartbeat,-56
2026-09-20T14:37:49.823338+00:00,AP_01,dev_dac9735c15d23598,heartbeat,-47
2026-09-20T14:37:50.823338+00:00,AP_02,dev_298b986404f77877,heartbeat,-50
2026-09-20T14:37:52.823338+00:00,AP_01,dev_ec7f305d29851a5a,heartbeat,-51
2026-09-20T14:37:52.823338+00:00,AP_02,dev_bb34b21593bc8929,heartbeat,-55
2026-09-20T14:37:52.823338+00:00,AP_02,dev_43e59eca12e9d77f,heartbeat,-44
2026-09-20T14:37:53.823338+00:00,AP_03,dev_80d56b8303cd4403,heartbeat,-51
2026-09-20T14:37:54.823338+00:00,AP_01,dev_bee12d3e1f271e83,heartbeat,-43
2026-09-20T14:37:54.823338+00:00,AP_02,dev_e275ee8bb2c9833c,heartbeat,-47
2026-09-20T14:37:55.823338+00:00,AP_02,dev_32123fce6801e287,heartbeat,-49
2026-09-20T14:37:56.823338+00:00,AP_01,dev_3b33fcd2e1d3f788,heartbeat,-50
2026-09-20T14:37:56.823338+00:00,AP_01,dev_0e322e127a303cdd,heartbeat,-50
2026-09-20T14:37:57.823338+00:00,AP_01,dev_78b7476e077c5c58,heartbeat,-48
2026-09-20T14:37:57.823338+00:00,AP_02,dev_a9a77d30a2535eda,heartbeat,-54
2026-09-20T14:37:58.823338+00:00,AP_01,dev_d5facb6e4cdd0f8d,heartbeat,-47
2026-09-20T14:37:59.823338+00:00,AP_02,dev_35eea70824060c98,heartbeat,-49
2026-09-20T14:38:00.823338+00:00,AP_02,dev_c8621d86e105ae2c,heartbeat,-46
2026-09-20T14:38:01.823338+00:00,AP_01,dev_761dbfebee20a1b6,heartbeat,-51
2026-09-20T14:38:03.823338+00:00,AP_02,dev_4463e93e128fb718,heartbeat,-50
2026-09-20T14:38:04.823338+00:00,AP_01,dev_0feb402657ab950a,heartbeat,-48
2026-09-20T14:38:05.823338+00:00,AP_01,dev_4d55811fcbb2d44b,heartbeat,-51
2026-09-20T14:38:05.823338+00:00,AP_01,dev_382017e48c0d09cb,heartbeat,-50
2026-09-20T14:38:08.823338+00:00,AP_01,dev_ef43c0dc8df3847e,heartbeat,-46
2026-09-20T14:38:09.823338+00:00,AP_01,dev_26be14216d4fd7c4,heartbeat,-45
2026-09-20T14:38:10.823338+00:00,AP_03,dev_172964ce995cefb5,heartbeat,-54
2026-09-20T14:38:11.823338+00:00,AP_01,dev_a42ce750a950b6ed,heartbeat,-54
2026-09-20T14:38:11.823338+00:00,AP_02,dev_fda1e4d27c7ec351,heartbeat,-44
2026-09-20T14:38:11.823338+00:00,AP_02,dev_1730e5aaa7a31ce6,heartbeat,-47
2026-09-20T14:38:11.823338+00:00,AP_02,dev_b3417cd8c6c08f19,heartbeat,-47
2026-09-20T14:38:13.823338+00:00,AP_01,dev_de09aa0b03e5957e,heartbeat,-53
2026-09-20T14:38:13.823338+00:00,AP_02,dev_be01eb2e5060c2ba,heartbeat,-51
2026-09-20T14:38:14.823338+00:00,AP_02,dev_36251f494ec5e4c4,heartbeat,-47
2026-09-20T14:38:15.823338+00:00,AP_02,dev_3712f235b4616c4a,heartbeat,-54
2026-09-20T14:38:16.823338+00:00,AP_02,dev_9ac7e0c7eb7246b5,heartbeat,-50
2026-09-20T14:38:17.823338+00:00,AP_01,dev_46106d48bf350825,heartbeat,-54
2026-09-20T14:38:17.823338+00:00,AP_02,dev_09e69aaa959cdd44,heartbeat,-49
2026-09-20T14:38:18.823338+00:00,AP_01,dev_dac9735c15d23598,heartbeat,-50
2026-09-20T14:38:19.823338+00:00,AP_01,dev_39ef6cebfea41e12,heartbeat,-47
2026-09-20T14:38:19.823338+00:00,AP_02,dev_298b986404f77877,heartbeat,-54
2026-09-20T14:38:20.823338+00:00,AP_01,dev_0f3a5465c5be5029,heartbeat,-50
2026-09-20T14:38:20.823338+00:00,AP_02,dev_bb34b21593bc8929,heartbeat,-49
2026-09-20T14:38:21.823338+00:00,AP_01,dev_ec7f305d29851a5a,heartbeat,-52
2026-09-20T14:38:21.823338+00:00,AP_02,dev_e275ee8bb2c9833c,heartbeat,-44
2026-09-20T14:38:22.823338+00:00,AP_01,dev_bee12d3e1f271e83,heartbeat,-51
2026-09-20T14:38:23.823338+00:00,AP_02,dev_43e59eca12e9d77f,heartbeat,-55
2026-09-20T14:38:24.823338+00:00,AP_01,dev_0e322e127a303cdd,heartbeat,-50
2026-09-20T14:38:25.823338+00:00,AP_03,dev_80d56b8303cd4403,heartbeat,-52
2026-09-20T14:38:26.823338+00:00,AP_02,dev_a9a77d30a2535eda,heartbeat,-54
2026-09-20T14:38:26.823338+00:00,AP_02,dev_32123fce6801e287,heartbeat,-52
2026-09-20T14:38:28.823338+00:00,AP_01,dev_d5facb6e4cdd0f8d,heartbeat,-55
2026-09-20T14:38:29.823338+00:00,AP_01,dev_3b33fcd2e1d3f788,heartbeat,-54
2026-09-20T14:38:29.823338+00:00,AP_02,dev_c8621d86e105ae2c,heartbeat,-52
2026-09-20T14:38:30.823338+00:00,AP_01,dev_761dbfebee20a1b6,heartbeat,-48
2026-09-20T14:38:30.823338+00:00,AP_01,dev_78b7476e077c5c58,heartbeat,-52
2026-09-20T14:38:30.823338+00:00,AP_02,dev_35eea70824060c98,heartbeat,-53
2026-09-20T14:38:32.823338+00:00,AP_01,dev_4d55811fcbb2d44b,heartbeat,-49
2026-09-20T14:38:32.823338+00:00,AP_01,dev_382017e48c0d09cb,heartbeat,-48
2026-09-20T14:38:32.823338+00:00,AP_01,dev_0feb402657ab950a,heartbeat,-46
2026-09-20T14:38:36.823338+00:00,AP_02,dev_4463e93e128fb718,heartbeat,-42
2026-09-20T14:38:37.823338+00:00,AP_01,dev_ef43c0dc8df3847e,heartbeat,-45
2026-09-20T14:38:38.823338+00:00,AP_01,dev_26be14216d4fd7c4,heartbeat,-46
2026-09-20T14:38:38.823338+00:00,AP_02,dev_b3417cd8c6c08f19,heartbeat,-49
2026-09-20T14:38:38.823338+00:00,AP_03,dev_172964ce995cefb5,heartbeat,-50
2026-09-20T14:38:42.823338+00:00,AP_01,dev_de09aa0b03e5957e,heartbeat,-48
2026-09-20T14:38:42.823338+00:00,AP_02,dev_1730e5aaa7a31ce6,heartbeat,-46
2026-09-20T14:38:43.823338+00:00,AP_01,dev_a42ce750a950b6ed,heartbeat,-48
2026-09-20T14:38:43.823338+00:00,AP_02,dev_3712f235b4616c4a,heartbeat,-56
2026-09-20T14:38:43.823338+00:00,AP_02,dev_9ac7e0c7eb7246b5,heartbeat,-48
2026-09-20T14:38:43.823338+00:00,AP_02,dev_fda1e4d27c7ec351,heartbeat,-51
2026-09-20T14:38:45.823338+00:00,AP_02,dev_09e69aaa959cdd44,heartbeat,-55
2026-09-20T14:38:45.823338+00:00,AP_02,dev_be01eb2e5060c2ba,heartbeat,-44
2026-09-20T14:38:46.823338+00:00,AP_01,dev_39ef6cebfea41e12,heartbeat,-55
2026-09-20T14:38:46.823338+00:00,AP_01,dev_46106d48bf350825,heartbeat,-50
2026-09-20T14:38:47.823338+00:00,AP_02,dev_36251f494ec5e4c4,heartbeat,-56
2026-09-20T14:38:47.823338+00:00,AP_02,dev_bb34b21593bc8929,heartbeat,-48
2026-09-20T14:38:48.823338+00:00,AP_01,dev_dac9735c15d23598,heartbeat,-46
2026-09-20T14:38:51.823338+00:00,AP_02,dev_298b986404f77877,heartbeat,-51
2026-09-20T14:38:52.823338+00:00,AP_01,dev_ec7f305d29851a5a,heartbeat,-53
2026-09-20T14:38:52.823338+00:00,AP_02,dev_43e59eca12e9d77f,heartbeat,-51
2026-09-20T14:38:53.823338+00:00,AP_01,dev_bee12d3e1f271e83,heartbeat,-53
2026-09-20T14:38:53.823338+00:00,AP_01,dev_0f3a5465c5be5029,heartbeat,-53
2026-09-20T14:38:53.823338+00:00,AP_02,dev_e275ee8bb2c9833c,heartbeat,-47
2026-09-20T14:38:53.823338+00:00,AP_03,dev_80d56b8303cd4403,heartbeat,-50
2026-09-20T14:38:57.823338+00:00,AP_01,dev_0e322e127a303cdd,heartbeat,-48
2026-09-20T14:38:57.823338+00:00,AP_02,dev_c8621d86e105ae2c,heartbeat,-50
2026-09-20T14:38:58.823338+00:00,AP_02,dev_a9a77d30a2535eda,heartbeat,-55
2026-09-20T14:38:58.823338+00:00,AP_02,dev_32123fce6801e287,heartbeat,-51
2026-09-20T14:38:59.823338+00:00,AP_01,dev_d5facb6e4cdd0f8d,heartbeat,-49
2026-09-20T14:39:00.823338+00:00,AP_01,dev_382017e48c0d09cb,heartbeat,-49
2026-09-20T14:39:00.823338+00:00,AP_01,dev_78b7476e077c5c58,heartbeat,-45
2026-09-20T14:39:01.823338+00:00,AP_01,dev_3b33fcd2e1d3f788,heartbeat,-49
2026-09-20T14:39:01.823338+00:00,AP_01,dev_761dbfebee20a1b6,heartbeat,-50
2026-09-20T14:39:01.823338+00:00,AP_02,dev_35eea70824060c98,heartbeat,-51
2026-09-20T14:39:02.823338+00:00,AP_01,dev_0feb402657ab950a,heartbeat,-51
2026-09-20T14:39:05.823338+00:00,AP_01,dev_4d55811fcbb2d44b,heartbeat,-43
2026-09-20T14:39:08.823338+00:00,AP_02,dev_4463e93e128fb718,heartbeat,-49
2026-09-20T14:39:08.823338+00:00,AP_02,dev_b3417cd8c6c08f19,heartbeat,-48
2026-09-20T14:39:09.823338+00:00,AP_01,dev_ef43c0dc8df3847e,heartbeat,-49
2026-09-20T14:39:09.823338+00:00,AP_02,dev_1730e5aaa7a31ce6,heartbeat,-52
2026-09-20T14:39:10.823338+00:00,AP_01,dev_a42ce750a950b6ed,heartbeat,-50
2026-09-20T14:39:11.823338+00:00,AP_01,dev_26be14216d4fd7c4,heartbeat,-50
2026-09-20T14:39:11.823338+00:00,AP_02,dev_3712f235b4616c4a,heartbeat,-58
2026-09-20T14:39:11.823338+00:00,AP_02,dev_fda1e4d27c7ec351,heartbeat,-51
2026-09-20T14:39:11.823338+00:00,AP_03,dev_172964ce995cefb5,heartbeat,-48
2026-09-20T14:39:12.823338+00:00,AP_02,dev_9ac7e0c7eb7246b5,heartbeat,-51
2026-09-20T14:39:12.823338+00:00,AP_02,dev_09e69aaa959cdd44,heartbeat,-47
2026-09-20T14:39:13.823338+00:00,AP_01,dev_de09aa0b03e5957e,heartbeat,-46
2026-09-20T14:39:14.823338+00:00,AP_01,dev_39ef6cebfea41e12,heartbeat,-48
2026-09-20T14:39:14.823338+00:00,AP_02,dev_36251f494ec5e4c4,heartbeat,-49
2026-09-20T14:39:15.823338+00:00,AP_01,dev_dac9735c15d23598,heartbeat,-52
2026-09-20T14:39:16.823338+00:00,AP_01,dev_46106d48bf350825,heartbeat,-52
2026-09-20T14:39:18.823338+00:00,AP_02,dev_bb34b21593bc8929,heartbeat,-60
2026-09-20T14:39:18.823338+00:00,AP_02,dev_be01eb2e5060c2ba,heartbeat,-45
2026-09-20T14:39:20.823338+00:00,AP_01,dev_0f3a5465c5be5029,heartbeat,-48
2026-09-20T14:39:20.823338+00:00,AP_02,dev_298b986404f77877,heartbeat,-52
2026-09-20T14:39:23.823338+00:00,AP_02,dev_43e59eca12e9d77f,heartbeat,-47
2026-09-20T14:39:24.823338+00:00,AP_01,dev_ec7f305d29851a5a,heartbeat,-46
2026-09-20T14:39:25.823338+00:00,AP_01,dev_bee12d3e1f271e83,heartbeat,-53
2026-09-20T14:39:25.823338+00:00,AP_02,dev_e275ee8bb2c9833c,heartbeat,-46
2026-09-20T14:39:25.823338+00:00,AP_02,dev_c8621d86e105ae2c,heartbeat,-51
2026-09-20T14:39:25.823338+00:00,AP_02,dev_32123fce6801e287,heartbeat,-51
2026-09-20T14:39:25.823338+00:00,AP_03,dev_80d56b8303cd4403,heartbeat,-49
2026-09-20T14:39:26.823338+00:00,AP_01,dev_d5facb6e4cdd0f8d,heartbeat,-51
2026-09-20T14:39:26.823338+00:00,AP_02,dev_a9a77d30a2535eda,heartbeat,-49
2026-09-20T14:39:27.823338+00:00,AP_01,dev_0e322e127a303cdd,heartbeat,-49
2026-09-20T14:39:27.823338+00:00,AP_01,dev_382017e48c0d09cb,heartbeat,-49
2026-09-20T14:39:27.823338+00:00,AP_01,dev_78b7476e077c5c58,heartbeat,-51
2026-09-20T14:39:32.823338+00:00,AP_01,dev_4d55811fcbb2d44b,heartbeat,-46
2026-09-20T14:39:33.823338+00:00,AP_01,dev_3b33fcd2e1d3f788,heartbeat,-46
2026-09-20T14:39:33.823338+00:00,AP_01,dev_761dbfebee20a1b6,heartbeat,-46
2026-09-20T14:39:33.823338+00:00,AP_01,dev_0feb402657ab950a,heartbeat,-50
2026-09-20T14:39:33.823338+00:00,AP_02,dev_35eea70824060c98,heartbeat,-49
2026-09-20T14:39:36.823338+00:00,AP_02,dev_b3417cd8c6c08f19,heartbeat,-46
2026-09-20T14:39:38.823338+00:00,AP_02,dev_4463e93e128fb718,heartbeat,-42
2026-09-20T14:39:39.823338+00:00,AP_02,dev_fda1e4d27c7ec351,heartbeat,-47
2026-09-20T14:39:39.823338+00:00,AP_02,dev_09e69aaa959cdd44,heartbeat,-52
2026-09-20T14:39:40.823338+00:00,AP_01,dev_a42ce750a950b6ed,heartbeat,-47
2026-09-20T14:39:40.823338+00:00,AP_02,dev_1730e5aaa7a31ce6,heartbeat,-52
2026-09-20T14:39:41.823338+00:00,AP_02,dev_9ac7e0c7eb7246b5,heartbeat,-53
2026-09-20T14:39:42.823338+00:00,AP_01,dev_ef43c0dc8df3847e,heartbeat,-54
2026-09-20T14:39:42.823338+00:00,AP_01,dev_26be14216d4fd7c4,heartbeat,-49
2026-09-20T14:39:42.823338+00:00,AP_01,dev_de09aa0b03e5957e,heartbeat,-47
2026-09-20T14:39:43.823338+00:00,AP_01,dev_39ef6cebfea41e12,heartbeat,-51
2026-09-20T14:39:43.823338+00:00,AP_02,dev_3712f235b4616c4a,heartbeat,-44
2026-09-20T14:39:43.823338+00:00,AP_02,dev_36251f494ec5e4c4,heartbeat,-47
2026-09-20T14:39:44.823338+00:00,AP_03,dev_172964ce995cefb5,heartbeat,-51
2026-09-20T14:39:45.823338+00:00,AP_02,dev_be01eb2e5060c2ba,heartbeat,-47
2026-09-20T14:39:47.823338+00:00,AP_01,dev_46106d48bf350825,heartbeat,-52
2026-09-20T14:39:48.823338+00:00,AP_01,dev_dac9735c15d23598,heartbeat,-53
2026-09-20T14:39:48.823338+00:00,AP_02,dev_298b986404f77877,heartbeat,-48
2026-09-20T14:39:50.823338+00:00,AP_02,dev_43e59eca12e9d77f,heartbeat,-40
2026-09-20T14:39:51.823338+00:00,AP_02,dev_bb34b21593bc8929,heartbeat,-50
2026-09-20T14:39:52.823338+00:00,AP_01,dev_0f3a5465c5be5029,heartbeat,-56
2026-09-20T14:39:52.823338+00:00,AP_02,dev_32123fce6801e287,heartbeat,-50
2026-09-20T14:39:55.823338+00:00,AP_01,dev_0e322e127a303cdd,heartbeat,-53
2026-09-20T14:39:55.823338+00:00,AP_01,dev_ec7f305d29851a5a,heartbeat,-46
2026-09-20T14:39:55.823338+00:00,AP_01,dev_d5facb6e4cdd0f8d,heartbeat,-50
2026-09-20T14:39:56.823338+00:00,AP_02,dev_e275ee8bb2c9833c,heartbeat,-46
2026-09-20T14:39:57.823338+00:00,AP_02,dev_c8621d86e105ae2c,heartbeat,-53
2026-09-20T14:39:57.823338+00:00,AP_03,dev_80d56b8303cd4403,heartbeat,-44
2026-09-20T14:39:58.823338+00:00,AP_01,dev_bee12d3e1f271e83,heartbeat,-48
2026-09-20T14:39:58.823338+00:00,AP_02,dev_a9a77d30a2535eda,heartbeat,-45
2026-09-20T14:39:59.823338+00:00,AP_01,dev_382017e48c0d09cb,heartbeat,-55
2026-09-20T14:40:00.823338+00:00,AP_01,dev_78b7476e077c5c58,heartbeat,-51
2026-09-20T14:40:00.823338+00:00,AP_02,dev_35eea70824060c98,heartbeat,-45
2026-09-20T14:40:01.823338+00:00,AP_01,dev_3b33fcd2e1d3f788,heartbeat,-50
2026-09-20T14:40:03.823338+00:00,AP_02,dev_b3417cd8c6c08f19,heartbeat,-46
2026-09-20T14:40:04.823338+00:00,AP_01,dev_761dbfebee20a1b6,heartbeat,-50
2026-09-20T14:40:05.823338+00:00,AP_01,dev_4d55811fcbb2d44b,heartbeat,-47
2026-09-20T14:40:06.823338+00:00,AP_01,dev_0feb402657ab950a,heartbeat,-50
2026-09-20T14:40:07.823338+00:00,AP_02,dev_4463e93e128fb718,heartbeat,-45
2026-09-20T14:40:09.823338+00:00,AP_02,dev_9ac7e0c7eb7246b5,heartbeat,-44
2026-09-20T14:40:09.823338+00:00,AP_02,dev_1730e5aaa7a31ce6,heartbeat,-48
2026-09-20T14:40:09.823338+00:00,AP_02,dev_09e69aaa959cdd44,heartbeat,-45
2026-09-20T14:40:10.823338+00:00,AP_01,dev_26be14216d4fd7c4,heartbeat,-55
2026-09-20T14:40:10.823338+00:00,AP_02,dev_fda1e4d27c7ec351,heartbeat,-52
2026-09-20T14:40:11.823338+00:00,AP_01,dev_de09aa0b03e5957e,heartbeat,-50
2026-09-20T14:40:11.823338+00:00,AP_02,dev_36251f494ec5e4c4,heartbeat,-40
2026-09-20T14:40:11.823338+00:00,AP_03,dev_172964ce995cefb5,heartbeat,-51
2026-09-20T14:40:12.823338+00:00,AP_01,dev_a42ce750a950b6ed,heartbeat,-47
2026-09-20T14:40:13.823338+00:00,AP_01,dev_39ef6cebfea41e12,heartbeat,-50
2026-09-20T14:40:14.823338+00:00,AP_02,dev_3712f235b4616c4a,heartbeat,-51
2026-09-20T14:40:15.823338+00:00,AP_01,dev_ef43c0dc8df3847e,heartbeat,-48
2026-09-20T14:40:15.823338+00:00,AP_02,dev_298b986404f77877,heartbeat,-55
2026-09-20T14:40:16.823338+00:00,AP_01,dev_46106d48bf350825,heartbeat,-49
2026-09-20T14:40:16.823338+00:00,AP_02,dev_be01eb2e5060c2ba,heartbeat,-49
2026-09-20T14:40:17.823338+00:00,AP_01,dev_dac9735c15d23598,heartbeat,-51
2026-09-20T14:40:19.823338+00:00,AP_02,dev_32123fce6801e287,heartbeat,-48
2026-09-20T14:40:20.823338+00:00,AP_02,dev_bb34b21593bc8929,heartbeat,-45
2026-09-20T14:40:22.823338+00:00,AP_02,dev_43e59eca12e9d77f,heartbeat,-48
2026-09-20T14:40:23.823338+00:00,AP_02,dev_e275ee8bb2c9833c,heartbeat,-49
2026-09-20T14:40:24.823338+00:00,AP_01,dev_0f3a5465c5be5029,heartbeat,-51
2026-09-20T14:40:24.823338+00:00,AP_01,dev_ec7f305d29851a5a,heartbeat,-51
2026-09-20T14:40:24.823338+00:00,AP_01,dev_d5facb6e4cdd0f8d,heartbeat,-48
2026-09-20T14:40:25.823338+00:00,AP_01,dev_0e322e127a303cdd,heartbeat,-52
2026-09-20T14:40:26.823338+00:00,AP_02,dev_c8621d86e105ae2c,heartbeat,-48
2026-09-20T14:40:29.823338+00:00,AP_01,dev_bee12d3e1f271e83,heartbeat,-47
2026-09-20T14:40:29.823338+00:00,AP_01,dev_382017e48c0d09cb,heartbeat,-50
2026-09-20T14:40:30.823338+00:00,AP_03,dev_80d56b8303cd4403,heartbeat,-53
2026-09-20T14:40:31.823338+00:00,AP_01,dev_3b33fcd2e1d3f788,heartbeat,-49
2026-09-20T14:40:31.823338+00:00,AP_02,dev_a9a77d30a2535eda,heartbeat,-46
2026-09-20T14:40:32.823338+00:00,AP_02,dev_b3417cd8c6c08f19,heartbeat,-48
2026-09-20T14:40:32.823338+00:00,AP_02,dev_35eea70824060c98,heartbeat,-50
2026-09-20T14:40:33.823338+00:00,AP_01,dev_761dbfebee20a1b6,heartbeat,-54
2026-09-20T14:40:33.823338+00:00,AP_01,dev_78b7476e077c5c58,heartbeat,-45
2026-09-20T14:40:36.823338+00:00,AP_01,dev_4d55811fcbb2d44b,heartbeat,-50
2026-09-20T14:40:37.823338+00:00,AP_01,dev_0feb402657ab950a,heartbeat,-49
2026-09-20T14:40:37.823338+00:00,AP_02,dev_9ac7e0c7eb7246b5,heartbeat,-47
2026-09-20T14:40:37.823338+00:00,AP_02,dev_09e69aaa959cdd44,heartbeat,-46
2026-09-20T14:40:38.823338+00:00,AP_02,dev_4463e93e128fb718,heartbeat,-50
2026-09-20T14:40:40.823338+00:00,AP_02,dev_fda1e4d27c7ec351,heartbeat,-45
2026-09-20T14:40:41.823338+00:00,AP_01,dev_26be14216d4fd7c4,heartbeat,-51
2026-09-20T14:40:41.823338+00:00,AP_01,dev_39ef6cebfea41e12,heartbeat,-49
2026-09-20T14:40:41.823338+00:00,AP_01,dev_de09aa0b03e5957e,heartbeat,-52
2026-09-20T14:40:42.823338+00:00,AP_01,dev_ef43c0dc8df3847e,heartbeat,-48
2026-09-20T14:40:42.823338+00:00,AP_02,dev_1730e5aaa7a31ce6,heartbeat,-47
2026-09-20T14:40:43.823338+00:00,AP_01,dev_a42ce750a950b6ed,heartbeat,-51
2026-09-20T14:40:43.823338+00:00,AP_02,dev_36251f494ec5e4c4,heartbeat,-46
2026-09-20T14:40:44.823338+00:00,AP_03,dev_172964ce995cefb5,heartbeat,-49
2026-09-20T14:40:45.823338+00:00,AP_01,dev_dac9735c15d23598,heartbeat,-51
2026-09-20T14:40:45.823338+00:00,AP_02,dev_3712f235b4616c4a,heartbeat,-46
2026-09-20T14:40:47.823338+00:00,AP_01,dev_e96f8bdb2ce51760,connect,-48
2026-09-20T14:40:47.823338+00:00,AP_01,dev_46106d48bf350825,heartbeat,-49
2026-09-20T14:40:48.823338+00:00,AP_02,dev_298b986404f77877,heartbeat,-54
2026-09-20T14:40:48.823338+00:00,AP_02,dev_be01eb2e5060c2ba,heartbeat,-52
2026-09-20T14:40:51.823338+00:00,AP_02,dev_bb34b21593bc8929,heartbeat,-51
2026-09-20T14:40:51.823338+00:00,AP_02,dev_32123fce6801e287,heartbeat,-50
2026-09-20T14:40:53.823338+00:00,AP_01,dev_0f3a5465c5be5029,heartbeat,-50
2026-09-20T14:40:53.823338+00:00,AP_01,dev_ec7f305d29851a5a,heartbeat,-52
2026-09-20T14:40:54.823338+00:00,AP_02,dev_e275ee8bb2c9833c,heartbeat,-51
2026-09-20T14:40:55.823338+00:00,AP_02,dev_43e59eca12e9d77f,heartbeat,-53
2026-09-20T14:40:56.823338+00:00,AP_01,dev_0e322e127a303cdd,heartbeat,-46
2026-09-20T14:40:57.823338+00:00,AP_01,dev_382017e48c0d09cb,heartbeat,-51
2026-09-20T14:40:57.823338+00:00,AP_01,dev_d5facb6e4cdd0f8d,heartbeat,-47
2026-09-20T14:40:57.823338+00:00,AP_03,dev_80d56b8303cd4403,heartbeat,-48
2026-09-20T14:40:58.823338+00:00,AP_02,dev_c8621d86e105ae2c,heartbeat,-47
2026-09-20T14:40:59.823338+00:00,AP_01,dev_3b33fcd2e1d3f788,heartbeat,-53
2026-09-20T14:40:59.823338+00:00,AP_02,dev_a9a77d30a2535eda,heartbeat,-53
2026-09-20T14:41:00.823338+00:00,AP_01,dev_bee12d3e1f271e83,heartbeat,-56
2026-09-20T14:41:01.823338+00:00,AP_01,dev_78b7476e077c5c58,heartbeat,-51
2026-09-20T14:41:01.823338+00:00,AP_02,dev_35eea70824060c98,heartbeat,-53
2026-09-20T14:41:03.823338+00:00,AP_01,dev_4d55811fcbb2d44b,heartbeat,-48
2026-09-20T14:41:04.823338+00:00,AP_01,dev_761dbfebee20a1b6,heartbeat,-53
2026-09-20T14:41:04.823338+00:00,AP_02,dev_09e69aaa959cdd44,heartbeat,-56
2026-09-20T14:41:05.823338+00:00,AP_02,dev_4463e93e128fb718,heartbeat,-51
2026-09-20T14:41:05.823338+00:00,AP_02,dev_b3417cd8c6c08f19,heartbeat,-50
2026-09-20T14:41:07.823338+00:00,AP_02,dev_9ac7e0c7eb7246b5,heartbeat,-51
2026-09-20T14:41:08.823338+00:00,AP_01,dev_de09aa0b03e5957e,heartbeat,-48
2026-09-20T14:41:08.823338+00:00,AP_01,dev_0feb402657ab950a,heartbeat,-48
2026-09-20T14:41:10.823338+00:00,AP_02,dev_fda1e4d27c7ec351,heartbeat,-51
2026-09-20T14:41:12.823338+00:00,AP_01,dev_ef43c0dc8df3847e,heartbeat,-50
2026-09-20T14:41:12.823338+00:00,AP_01,dev_39ef6cebfea41e12,heartbeat,-56
2026-09-20T14:41:13.823338+00:00,AP_01,dev_26be14216d4fd7c4,heartbeat,-47
2026-09-20T14:41:13.823338+00:00,AP_01,dev_dac9735c15d23598,heartbeat,-48
2026-09-20T14:41:13.823338+00:00,AP_02,dev_3712f235b4616c4a,heartbeat,-58
2026-09-20T14:41:14.823338+00:00,AP_01,dev_2e85d9684ac02b1e,connect,-74
2026-09-20T14:41:14.823338+00:00,AP_02,dev_36251f494ec5e4c4,heartbeat,-49
2026-09-20T14:41:15.823338+00:00,AP_01,dev_a42ce750a950b6ed,heartbeat,-46
2026-09-20T14:41:15.823338+00:00,AP_02,dev_298b986404f77877,heartbeat,-52
2026-09-20T14:41:15.823338+00:00,AP_02,dev_1730e5aaa7a31ce6,heartbeat,-47
2026-09-20T14:41:15.823338+00:00,AP_03,dev_172964ce995cefb5,heartbeat,-50
2026-09-20T14:41:16.823338+00:00,AP_02,dev_be01eb2e5060c2ba,heartbeat,-48
2026-09-20T14:41:17.823338+00:00,AP_01,dev_e96f8bdb2ce51760,heartbeat,-46
2026-09-20T14:41:17.823338+00:00,AP_01,dev_46106d48bf350825,heartbeat,-59
2026-09-20T14:41:20.823338+00:00,AP_02,dev_32123fce6801e287,heartbeat,-50
2026-09-20T14:41:22.823338+00:00,AP_01,dev_ec7f305d29851a5a,heartbeat,-49
2026-09-20T14:41:23.823338+00:00,AP_01,dev_0f3a5465c5be5029,heartbeat,-53
2026-09-20T14:41:24.823338+00:00,AP_01,dev_382017e48c0d09cb,heartbeat,-51
2026-09-20T14:41:24.823338+00:00,AP_02,dev_bb34b21593bc8929,heartbeat,-46
2026-09-20T14:41:24.823338+00:00,AP_02,dev_43e59eca12e9d77f,heartbeat,-55
2026-09-20T14:41:25.823338+00:00,AP_01,dev_2e85d9684ac02b1e,disconnect,-69
2026-09-20T14:41:25.823338+00:00,AP_01,dev_0e322e127a303cdd,heartbeat,-53
2026-09-20T14:41:25.823338+00:00,AP_01,dev_d5facb6e4cdd0f8d,heartbeat,-48
2026-09-20T14:41:25.823338+00:00,AP_02,dev_c8621d86e105ae2c,heartbeat,-57
2026-09-20T14:41:26.823338+00:00,AP_02,dev_e275ee8bb2c9833c,heartbeat,-39
2026-09-20T14:41:27.823338+00:00,AP_03,dev_80d56b8303cd4403,heartbeat,-49
2026-09-20T14:41:29.823338+00:00,AP_01,dev_bee12d3e1f271e83,heartbeat,-53
2026-09-20T14:41:30.823338+00:00,AP_02,dev_a9a77d30a2535eda,heartbeat,-43
2026-09-20T14:41:31.823338+00:00,AP_01,dev_3b33fcd2e1d3f788,heartbeat,-49
2026-09-20T14:41:32.823338+00:00,AP_02,dev_b3417cd8c6c08f19,heartbeat,-52
2026-09-20T14:41:34.823338+00:00,AP_01,dev_761dbfebee20a1b6,heartbeat,-52
2026-09-20T14:41:34.823338+00:00,AP_01,dev_78b7476e077c5c58,heartbeat,-49
2026-09-20T14:41:34.823338+00:00,AP_02,dev_35eea70824060c98,heartbeat,-51
2026-09-20T14:41:35.823338+00:00,AP_01,dev_4d55811fcbb2d44b,heartbeat,-54
2026-09-20T14:41:37.823338+00:00,AP_01,dev_0feb402657ab950a,heartbeat,-48
2026-09-20T14:41:37.823338+00:00,AP_02,dev_9ac7e0c7eb7246b5,heartbeat,-52
2026-09-20T14:41:37.823338+00:00,AP_02,dev_09e69aaa959cdd44,heartbeat,-46
2026-09-20T14:41:38.823338+00:00,AP_02,dev_4463e93e128fb718,heartbeat,-53
2026-09-20T14:41:40.823338+00:00,AP_02,dev_3712f235b4616c4a,heartbeat,-52
2026-09-20T14:41:41.823338+00:00,AP_01,dev_de09aa0b03e5957e,heartbeat,-49
2026-09-20T14:41:42.823338+00:00,AP_01,dev_a42ce750a950b6ed,heartbeat,-48
2026-09-20T14:41:42.823338+00:00,AP_02,dev_fda1e4d27c7ec351,heartbeat,-49
2026-09-20T14:41:43.823338+00:00,AP_02,dev_298b986404f77877,heartbeat,-51
2026-09-20T14:41:43.823338+00:00,AP_02,dev_1730e5aaa7a31ce6,heartbeat,-45
2026-09-20T14:41:43.823338+00:00,AP_03,dev_172964ce995cefb5,heartbeat,-53
2026-09-20T14:41:45.823338+00:00,AP_01,dev_ef43c0dc8df3847e,heartbeat,-52
2026-09-20T14:41:45.823338+00:00,AP_01,dev_26be14216d4fd7c4,heartbeat,-51
2026-09-20T14:41:45.823338+00:00,AP_01,dev_39ef6cebfea41e12,heartbeat,-49
2026-09-20T14:41:45.823338+00:00,AP_01,dev_dac9735c15d23598,heartbeat,-51
2026-09-20T14:41:46.823338+00:00,AP_01,dev_46106d48bf350825,heartbeat,-47
2026-09-20T14:41:46.823338+00:00,AP_02,dev_36251f494ec5e4c4,heartbeat,-52
2026-09-20T14:41:47.823338+00:00,AP_01,dev_e96f8bdb2ce51760,heartbeat,-51
2026-09-20T14:41:47.823338+00:00,AP_02,dev_47dd476b9bbabc00,connect,-48
2026-09-20T14:41:47.823338+00:00,AP_02,dev_cd0c870c9624e6f6,connect,-51
2026-09-20T14:41:48.823338+00:00,AP_02,dev_be01eb2e5060c2ba,heartbeat,-50
2026-09-20T14:41:52.823338+00:00,AP_01,dev_ec7f305d29851a5a,heartbeat,-51
2026-09-20T14:41:52.823338+00:00,AP_01,dev_d5facb6e4cdd0f8d,heartbeat,-49
2026-09-20T14:41:52.823338+00:00,AP_02,dev_32123fce6801e287,heartbeat,-50
2026-09-20T14:41:53.823338+00:00,AP_01,dev_382017e48c0d09cb,heartbeat,-57
2026-09-20T14:41:53.823338+00:00,AP_02,dev_c8621d86e105ae2c,heartbeat,-48
2026-09-20T14:41:55.823338+00:00,AP_01,dev_0e322e127a303cdd,heartbeat,-55
2026-09-20T14:41:55.823338+00:00,AP_01,dev_0f3a5465c5be5029,heartbeat,-51
2026-09-20T14:41:55.823338+00:00,AP_02,dev_e275ee8bb2c9833c,heartbeat,-47
2026-09-20T14:41:55.823338+00:00,AP_03,dev_80d56b8303cd4403,heartbeat,-46
2026-09-20T14:41:57.823338+00:00,AP_02,dev_bb34b21593bc8929,heartbeat,-49
2026-09-20T14:41:57.823338+00:00,AP_02,dev_43e59eca12e9d77f,heartbeat,-53
2026-09-20T14:41:58.823338+00:00,AP_01,dev_3b33fcd2e1d3f788,heartbeat,-51
2026-09-20T14:41:58.823338+00:00,AP_02,dev_a9a77d30a2535eda,heartbeat,-50
2026-09-20T14:42:00.823338+00:00,AP_02,dev_b3417cd8c6c08f19,heartbeat,-51
2026-09-20T14:42:02.823338+00:00,AP_01,dev_4d55811fcbb2d44b,heartbeat,-54
2026-09-20T14:42:02.823338+00:00,AP_01,dev_bee12d3e1f271e83,heartbeat,-47
2026-09-20T14:42:02.823338+00:00,AP_01,dev_78b7476e077c5c58,heartbeat,-50
2026-09-20T14:42:04.823338+00:00,AP_02,dev_35eea70824060c98,heartbeat,-49
2026-09-20T14:42:07.823338+00:00,AP_01,dev_761dbfebee20a1b6,heartbeat,-51
2026-09-20T14:42:07.823338+00:00,AP_02,dev_9ac7e0c7eb7246b5,heartbeat,-52
2026-09-20T14:42:09.823338+00:00,AP_01,dev_de09aa0b03e5957e,heartbeat,-54
2026-09-20T14:42:09.823338+00:00,AP_01,dev_0feb402657ab950a,heartbeat,-48
2026-09-20T14:42:09.823338+00:00,AP_02,dev_3712f235b4616c4a,heartbeat,-47
2026-09-20T14:42:09.823338+00:00,AP_02,dev_09e69aaa959cdd44,heartbeat,-53
2026-09-20T14:42:10.823338+00:00,AP_01,dev_a42ce750a950b6ed,heartbeat,-53
2026-09-20T14:42:10.823338+00:00,AP_02,dev_4463e93e128fb718,heartbeat,-49
2026-09-20T14:42:10.823338+00:00,AP_02,dev_298b986404f77877,heartbeat,-48
2026-09-20T14:42:12.823338+00:00,AP_01,dev_39ef6cebfea41e12,heartbeat,-41
2026-09-20T14:42:13.823338+00:00,AP_01,dev_46106d48bf350825,heartbeat,-50
2026-09-20T14:42:14.823338+00:00,AP_01,dev_e96f8bdb2ce51760,heartbeat,-52
2026-09-20T14:42:15.823338+00:00,AP_02,dev_fda1e4d27c7ec351,heartbeat,-53
2026-09-20T14:42:15.823338+00:00,AP_02,dev_be01eb2e5060c2ba,heartbeat,-47
2026-09-20T14:42:16.823338+00:00,AP_02,dev_1730e5aaa7a31ce6,heartbeat,-56
2026-09-20T14:42:16.823338+00:00,AP_03,dev_172964ce995cefb5,heartbeat,-50
2026-09-20T14:42:17.823338+00:00,AP_01,dev_dac9735c15d23598,heartbeat,-49
2026-09-20T14:42:17.823338+00:00,AP_02,dev_47dd476b9bbabc00,heartbeat,-49
2026-09-20T14:42:17.823338+00:00,AP_02,dev_cd0c870c9624e6f6,heartbeat,-50
2026-09-20T14:42:18.823338+00:00,AP_01,dev_ef43c0dc8df3847e,heartbeat,-51
2026-09-20T14:42:18.823338+00:00,AP_01,dev_26be14216d4fd7c4,heartbeat,-49
2026-09-20T14:42:19.823338+00:00,AP_02,dev_36251f494ec5e4c4,heartbeat,-55
2026-09-20T14:42:21.823338+00:00,AP_01,dev_d5facb6e4cdd0f8d,heartbeat,-49
2026-09-20T14:42:22.823338+00:00,AP_02,dev_e275ee8bb2c9833c,heartbeat,-50
2026-09-20T14:42:23.823338+00:00,AP_01,dev_0e322e127a303cdd,heartbeat,-53
2026-09-20T14:42:23.823338+00:00,AP_01,dev_ec7f305d29851a5a,heartbeat,-48
2026-09-20T14:42:24.823338+00:00,AP_02,dev_c8621d86e105ae2c,heartbeat,-49
2026-09-20T14:42:24.823338+00:00,AP_02,dev_32123fce6801e287,heartbeat,-51
2026-09-20T14:42:26.823338+00:00,AP_01,dev_382017e48c0d09cb,heartbeat,-47
2026-09-20T14:42:26.823338+00:00,AP_01,dev_0f3a5465c5be5029,heartbeat,-45
2026-09-20T14:42:26.823338+00:00,AP_02,dev_bb34b21593bc8929,heartbeat,-49
2026-09-20T14:42:26.823338+00:00,AP_03,dev_80d56b8303cd4403,heartbeat,-47
2026-09-20T14:42:29.823338+00:00,AP_01,dev_4d55811fcbb2d44b,heartbeat,-47
2026-09-20T14:42:29.823338+00:00,AP_01,dev_bee12d3e1f271e83,heartbeat,-46
2026-09-20T14:42:29.823338+00:00,AP_01,dev_3b33fcd2e1d3f788,heartbeat,-49
2026-09-20T14:42:30.823338+00:00,AP_02,dev_a9a77d30a2535eda,heartbeat,-49
2026-09-20T14:42:30.823338+00:00,AP_02,dev_43e59eca12e9d77f,heartbeat,-46
2026-09-20T14:42:31.823338+00:00,AP_01,dev_78b7476e077c5c58,heartbeat,-52
2026-09-20T14:42:33.823338+00:00,AP_02,dev_b3417cd8c6c08f19,heartbeat,-45
2026-09-20T14:42:34.823338+00:00,AP_02,dev_9ac7e0c7eb7246b5,heartbeat,-53
2026-09-20T14:42:34.823338+00:00,AP_02,dev_35eea70824060c98,heartbeat,-50
2026-09-20T14:42:36.823338+00:00,AP_02,dev_09e69aaa959cdd44,heartbeat,-40
2026-09-20T14:42:37.823338+00:00,AP_02,dev_3712f235b4616c4a,heartbeat,-49
2026-09-20T14:42:38.823338+00:00,AP_01,dev_761dbfebee20a1b6,heartbeat,-50
2026-09-20T14:42:38.823338+00:00,AP_01,dev_de09aa0b03e5957e,heartbeat,-47
2026-09-20T14:42:38.823338+00:00,AP_01,dev_a42ce750a950b6ed,heartbeat,-49
2026-09-20T14:42:38.823338+00:00,AP_02,dev_298b986404f77877,heartbeat,-49
2026-09-20T14:42:39.823338+00:00,AP_01,dev_39ef6cebfea41e12,heartbeat,-48
2026-09-20T14:42:39.823338+00:00,AP_02,dev_4463e93e128fb718,heartbeat,-48
2026-09-20T14:42:41.823338+00:00,AP_01,dev_0feb402657ab950a,heartbeat,-50
2026-09-20T14:42:42.823338+00:00,AP_01,dev_e96f8bdb2ce51760,heartbeat,-51
2026-09-20T14:42:42.823338+00:00,AP_02,dev_be01eb2e5060c2ba,heartbeat,-47
2026-09-20T14:42:45.823338+00:00,AP_01,dev_26be14216d4fd7c4,heartbeat,-50
2026-09-20T14:42:45.823338+00:00,AP_01,dev_46106d48bf350825,heartbeat,-54
2026-09-20T14:42:45.823338+00:00,AP_01,dev_dac9735c15d23598,heartbeat,-49
2026-09-20T14:42:46.823338+00:00,AP_02,dev_cd0c870c9624e6f6,heartbeat,-47
2026-09-20T14:42:46.823338+00:00,AP_02,dev_fda1e4d27c7ec351,heartbeat,-42
2026-09-20T14:42:47.823338+00:00,AP_01,dev_ef43c0dc8df3847e,heartbeat,-52
2026-09-20T14:42:47.823338+00:00,AP_01,dev_ac7b80880a1f3946,connect,-54
2026-09-20T14:42:47.823338+00:00,AP_02,dev_1730e5aaa7a31ce6,heartbeat,-54
2026-09-20T14:42:48.823338+00:00,AP_03,dev_172964ce995cefb5,heartbeat,-48
2026-09-20T14:42:49.823338+00:00,AP_02,dev_47dd476b9bbabc00,heartbeat,-47
2026-09-20T14:42:49.823338+00:00,AP_02,dev_36251f494ec5e4c4,heartbeat,-50
2026-09-20T14:42:51.823338+00:00,AP_02,dev_c8621d86e105ae2c,heartbeat,-56
2026-09-20T14:42:52.823338+00:00,AP_02,dev_e275ee8bb2c9833c,heartbeat,-52
2026-09-20T14:42:53.823338+00:00,AP_01,dev_ec7f305d29851a5a,heartbeat,-49
2026-09-20T14:42:53.823338+00:00,AP_01,dev_d5facb6e4cdd0f8d,heartbeat,-55
2026-09-20T14:42:53.823338+00:00,AP_03,dev_80d56b8303cd4403,heartbeat,-44
2026-09-20T14:42:54.823338+00:00,AP_01,dev_0e322e127a303cdd,heartbeat,-46
2026-09-20T14:42:57.823338+00:00,AP_01,dev_382017e48c0d09cb,heartbeat,-46
2026-09-20T14:42:57.823338+00:00,AP_02,dev_a9a77d30a2535eda,heartbeat,-46
2026-09-20T14:42:57.823338+00:00,AP_02,dev_32123fce6801e287,heartbeat,-45
2026-09-20T14:42:59.823338+00:00,AP_01,dev_0f3a5465c5be5029,heartbeat,-42
2026-09-20T14:42:59.823338+00:00,AP_02,dev_bb34b21593bc8929,heartbeat,-46
2026-09-20T14:42:59.823338+00:00,AP_02,dev_43e59eca12e9d77f,heartbeat,-50
2026-09-20T14:43:00.823338+00:00,AP_01,dev_4d55811fcbb2d44b,heartbeat,-55
2026-09-20T14:43:01.823338+00:00,AP_01,dev_bee12d3e1f271e83,heartbeat,-48
2026-09-20T14:43:01.823338+00:00,AP_01,dev_3b33fcd2e1d3f788,heartbeat,-46
2026-09-20T14:43:02.823338+00:00,AP_01,dev_78b7476e077c5c58,heartbeat,-56
2026-09-20T14:43:04.823338+00:00,AP_02,dev_9ac7e0c7eb7246b5,heartbeat,-51
2026-09-20T14:43:05.823338+00:00,AP_02,dev_298b986404f77877,heartbeat,-52
2026-09-20T14:43:06.823338+00:00,AP_01,dev_39ef6cebfea41e12,heartbeat,-50
2026-09-20T14:43:06.823338+00:00,AP_01,dev_a42ce750a950b6ed,heartbeat,-52
2026-09-20T14:43:06.823338+00:00,AP_02,dev_b3417cd8c6c08f19,heartbeat,-40
2026-09-20T14:43:07.823338+00:00,AP_01,dev_761dbfebee20a1b6,heartbeat,-46
2026-09-20T14:43:07.823338+00:00,AP_02,dev_35eea70824060c98,heartbeat,-53
2026-09-20T14:43:09.823338+00:00,AP_02,dev_3712f235b4616c4a,heartbeat,-50
2026-09-20T14:43:09.823338+00:00,AP_02,dev_4463e93e128fb718,heartbeat,-54
2026-09-20T14:43:09.823338+00:00,AP_02,dev_09e69aaa959cdd44,heartbeat,-52
2026-09-20T14:43:09.823338+00:00,AP_02,dev_be01eb2e5060c2ba,heartbeat,-48
2026-09-20T14:43:10.823338+00:00,AP_01,dev_e96f8bdb2ce51760,heartbeat,-51
2026-09-20T14:43:10.823338+00:00,AP_01,dev_de09aa0b03e5957e,heartbeat,-51
2026-09-20T14:43:12.823338+00:00,AP_01,dev_0feb402657ab950a,heartbeat,-53
2026-09-20T14:43:14.823338+00:00,AP_01,dev_46106d48bf350825,heartbeat,-50
2026-09-20T14:43:14.823338+00:00,AP_01,dev_dac9735c15d23598,heartbeat,-51
2026-09-20T14:43:16.823338+00:00,AP_01,dev_ef43c0dc8df3847e,heartbeat,-46
2026-09-20T14:43:16.823338+00:00,AP_02,dev_47dd476b9bbabc00,heartbeat,-51
2026-09-20T14:43:16.823338+00:00,AP_02,dev_fda1e4d27c7ec351,heartbeat,-49
2026-09-20T14:43:17.823338+00:00,AP_01,dev_ac7b80880a1f3946,heartbeat,-46
2026-09-20T14:43:17.823338+00:00,AP_02,dev_cd0c870c9624e6f6,heartbeat,-49
2026-09-20T14:43:18.823338+00:00,AP_01,dev_26be14216d4fd7c4,heartbeat,-50
2026-09-20T14:43:18.823338+00:00,AP_02,dev_1730e5aaa7a31ce6,heartbeat,-48
2026-09-20T14:43:19.823338+00:00,AP_02,dev_36251f494ec5e4c4,heartbeat,-51
2026-09-20T14:43:20.823338+00:00,AP_02,dev_e275ee8bb2c9833c,heartbeat,-45
2026-09-20T14:43:20.823338+00:00,AP_03,dev_172964ce995cefb5,heartbeat,-49
2026-09-20T14:43:21.823338+00:00,AP_01,dev_0e322e127a303cdd,heartbeat,-55
2026-09-20T14:43:22.823338+00:00,AP_01,dev_ec7f305d29851a5a,heartbeat,-53
2026-09-20T14:43:23.823338+00:00,AP_01,dev_d5facb6e4cdd0f8d,heartbeat,-48
2026-09-20T14:43:23.823338+00:00,AP_02,dev_c8621d86e105ae2c,heartbeat,-45
2026-09-20T14:43:24.823338+00:00,AP_03,dev_80d56b8303cd4403,heartbeat,-51
2026-09-20T14:43:25.823338+00:00,AP_01,dev_382017e48c0d09cb,heartbeat,-47
2026-09-20T14:43:26.823338+00:00,AP_02,dev_32123fce6801e287,heartbeat,-52
2026-09-20T14:43:27.823338+00:00,AP_01,dev_4d55811fcbb2d44b,heartbeat,-45
2026-09-20T14:43:28.823338+00:00,AP_01,dev_bee12d3e1f271e83,heartbeat,-52
2026-09-20T14:43:29.823338+00:00,AP_01,dev_78b7476e077c5c58,heartbeat,-44
2026-09-20T14:43:29.823338+00:00,AP_02,dev_a9a77d30a2535eda,heartbeat,-39
2026-09-20T14:43:30.823338+00:00,AP_01,dev_0f3a5465c5be5029,heartbeat,-51
2026-09-20T14:43:30.823338+00:00,AP_02,dev_bb34b21593bc8929,heartbeat,-53
2026-09-20T14:43:30.823338+00:00,AP_02,dev_43e59eca12e9d77f,heartbeat,-49
2026-09-20T14:43:32.823338+00:00,AP_02,dev_298b986404f77877,heartbeat,-50
2026-09-20T14:43:34.823338+00:00,AP_01,dev_3b33fcd2e1d3f788,heartbeat,-54
2026-09-20T14:43:34.823338+00:00,AP_02,dev_9ac7e0c7eb7246b5,heartbeat,-48
2026-09-20T14:43:34.823338+00:00,AP_02,dev_35eea70824060c98,heartbeat,-51
2026-09-20T14:43:35.823338+00:00,AP_01,dev_a42ce750a950b6ed,heartbeat,-50
2026-09-20T14:43:36.823338+00:00,AP_01,dev_39ef6cebfea41e12,heartbeat,-46
2026-09-20T14:43:36.823338+00:00,AP_02,dev_b3417cd8c6c08f19,heartbeat,-55
2026-09-20T14:43:36.823338+00:00,AP_02,dev_be01eb2e5060c2ba,heartbeat,-52
2026-09-20T14:43:37.823338+00:00,AP_02,dev_3712f235b4616c4a,heartbeat,-45
2026-09-20T14:43:38.823338+00:00,AP_02,dev_09e69aaa959cdd44,heartbeat,-39
2026-09-20T14:43:39.823338+00:00,AP_01,dev_761dbfebee20a1b6,heartbeat,-50
2026-09-20T14:43:40.823338+00:00,AP_01,dev_de09aa0b03e5957e,heartbeat,-50
2026-09-20T14:43:41.823338+00:00,AP_01,dev_0feb402657ab950a,heartbeat,-48
2026-09-20T14:43:41.823338+00:00,AP_02,dev_4463e93e128fb718,heartbeat,-45
2026-09-20T14:43:42.823338+00:00,AP_01,dev_e96f8bdb2ce51760,heartbeat,-43
2026-09-20T14:43:42.823338+00:00,AP_01,dev_46106d48bf350825,heartbeat,-56
2026-09-20T14:43:45.823338+00:00,AP_01,dev_ef43c0dc8df3847e,heartbeat,-50
2026-09-20T14:43:45.823338+00:00,AP_01,dev_26be14216d4fd7c4,heartbeat,-55
2026-09-20T14:43:45.823338+00:00,AP_02,dev_47dd476b9bbabc00,heartbeat,-44
2026-09-20T14:43:45.823338+00:00,AP_02,dev_cd0c870c9624e6f6,heartbeat,-51
2026-09-20T14:43:46.823338+00:00,AP_01,dev_dac9735c15d23598,heartbeat,-57
2026-09-20T14:43:46.823338+00:00,AP_02,dev_36251f494ec5e4c4,heartbeat,-49
2026-09-20T14:43:47.823338+00:00,AP_02,dev_e275ee8bb2c9833c,heartbeat,-46
2026-09-20T14:43:47.823338+00:00,AP_02,dev_bfa351d9deb65b50,connect,-47
2026-09-20T14:43:47.823338+00:00,AP_02,dev_fda1e4d27c7ec351,heartbeat,-43
2026-09-20T14:43:48.823338+00:00,AP_02,dev_1730e5aaa7a31ce6,heartbeat,-56
2026-09-20T14:43:49.823338+00:00,AP_01,dev_0e322e127a303cdd,heartbeat,-49
2026-09-20T14:43:50.823338+00:00,AP_01,dev_ac7b80880a1f3946,heartbeat,-55
2026-09-20T14:43:50.823338+00:00,AP_03,dev_172964ce995cefb5,heartbeat,-51
2026-09-20T14:43:53.823338+00:00,AP_01,dev_382017e48c0d09cb,heartbeat,-50
2026-09-20T14:43:53.823338+00:00,AP_01,dev_d5facb6e4cdd0f8d,heartbeat,-47
2026-09-20T14:43:54.823338+00:00,AP_01,dev_ec7f305d29851a5a,heartbeat,-49
2026-09-20T14:43:54.823338+00:00,AP_03,dev_80d56b8303cd4403,heartbeat,-46
2026-09-20T14:43:55.823338+00:00,AP_01,dev_4d55811fcbb2d44b,heartbeat,-49
2026-09-20T14:43:55.823338+00:00,AP_02,dev_c8621d86e105ae2c,heartbeat,-47
2026-09-20T14:43:57.823338+00:00,AP_01,dev_bee12d3e1f271e83,heartbeat,-54
2026-09-20T14:43:58.823338+00:00,AP_01,dev_0f3a5465c5be5029,heartbeat,-54
2026-09-20T14:43:59.823338+00:00,AP_01,dev_78b7476e077c5c58,heartbeat,-40
2026-09-20T14:43:59.823338+00:00,AP_02,dev_bb34b21593bc8929,heartbeat,-46
2026-09-20T14:43:59.823338+00:00,AP_02,dev_32123fce6801e287,heartbeat,-53
2026-09-20T14:44:01.823338+00:00,AP_02,dev_43e59eca12e9d77f,heartbeat,-59
2026-09-20T14:44:02.823338+00:00,AP_02,dev_a9a77d30a2535eda,heartbeat,-45
2026-09-20T14:44:02.823338+00:00,AP_02,dev_35eea70824060c98,heartbeat,-43
2026-09-20T14:44:03.823338+00:00,AP_01,dev_3b33fcd2e1d3f788,heartbeat,-55
2026-09-20T14:44:03.823338+00:00,AP_02,dev_9ac7e0c7eb7246b5,heartbeat,-47
2026-09-20T14:44:03.823338+00:00,AP_02,dev_be01eb2e5060c2ba,heartbeat,-46
2026-09-20T14:44:04.823338+00:00,AP_01,dev_39ef6cebfea41e12,heartbeat,-49
2026-09-20T14:44:04.823338+00:00,AP_02,dev_3712f235b4616c4a,heartbeat,-54
2026-09-20T14:44:05.823338+00:00,AP_02,dev_298b986404f77877,heartbeat,-53
2026-09-20T14:44:06.823338+00:00,AP_01,dev_a42ce750a950b6ed,heartbeat,-50
2026-09-20T14:44:07.823338+00:00,AP_02,dev_09e69aaa959cdd44,heartbeat,-52
2026-09-20T14:44:08.823338+00:00,AP_01,dev_0feb402657ab950a,heartbeat,-47
2026-09-20T14:44:09.823338+00:00,AP_01,dev_761dbfebee20a1b6,heartbeat,-48
2026-09-20T14:44:09.823338+00:00,AP_01,dev_46106d48bf350825,heartbeat,-51
2026-09-20T14:44:09.823338+00:00,AP_02,dev_b3417cd8c6c08f19,heartbeat,-55
2026-09-20T14:44:11.823338+00:00,AP_01,dev_eb779074bb16fe0e,connect,-78
2026-09-20T14:44:12.823338+00:00,AP_01,dev_ef43c0dc8df3847e,heartbeat,-51
2026-09-20T14:44:12.823338+00:00,AP_01,dev_de09aa0b03e5957e,heartbeat,-54
2026-09-20T14:44:12.823338+00:00,AP_02,dev_47dd476b9bbabc00,heartbeat,-47
2026-09-20T14:44:13.823338+00:00,AP_01,dev_e96f8bdb2ce51760,heartbeat,-43
2026-09-20T14:44:14.823338+00:00,AP_01,dev_dac9735c15d23598,heartbeat,-44
2026-09-20T14:44:14.823338+00:00,AP_02,dev_4463e93e128fb718,heartbeat,-51
2026-09-20T14:44:15.823338+00:00,AP_01,dev_26be14216d4fd7c4,heartbeat,-54
2026-09-20T14:44:15.823338+00:00,AP_02,dev_cd0c870c9624e6f6,heartbeat,-55
2026-09-20T14:44:15.823338+00:00,AP_02,dev_fda1e4d27c7ec351,heartbeat,-46
2026-09-20T14:44:16.823338+00:00,AP_02,dev_36251f494ec5e4c4,heartbeat,-48
2026-09-20T14:44:17.823338+00:00,AP_01,dev_0e322e127a303cdd,heartbeat,-49
2026-09-20T14:44:17.823338+00:00,AP_02,dev_bfa351d9deb65b50,heartbeat,-51
2026-09-20T14:44:19.823338+00:00,AP_01,dev_ac7b80880a1f3946,heartbeat,-51
2026-09-20T14:44:19.823338+00:00,AP_02,dev_e275ee8bb2c9833c,heartbeat,-50
2026-09-20T14:44:20.823338+00:00,AP_03,dev_172964ce995cefb5,heartbeat,-50
2026-09-20T14:44:21.823338+00:00,AP_01,dev_d5facb6e4cdd0f8d,heartbeat,-47
2026-09-20T14:44:21.823338+00:00,AP_02,dev_1730e5aaa7a31ce6,heartbeat,-56
2026-09-20T14:44:22.823338+00:00,AP_03,dev_80d56b8303cd4403,heartbeat,-49
2026-09-20T14:44:23.823338+00:00,AP_01,dev_4d55811fcbb2d44b,heartbeat,-53
2026-09-20T14:44:23.823338+00:00,AP_01,dev_eb779074bb16fe0e,disconnect,-78
2026-09-20T14:44:23.823338+00:00,AP_01,dev_382017e48c0d09cb,heartbeat,-44
2026-09-20T14:44:26.823338+00:00,AP_01,dev_ec7f305d29851a5a,heartbeat,-50
2026-09-20T14:44:27.823338+00:00,AP_01,dev_0f3a5465c5be5029,heartbeat,-49
2026-09-20T14:44:27.823338+00:00,AP_01,dev_78b7476e077c5c58,heartbeat,-57
2026-09-20T14:44:28.823338+00:00,AP_01,dev_bee12d3e1f271e83,heartbeat,-55
2026-09-20T14:44:28.823338+00:00,AP_02,dev_c8621d86e105ae2c,heartbeat,-52
2026-09-20T14:44:28.823338+00:00,AP_02,dev_43e59eca12e9d77f,heartbeat,-42
2026-09-20T14:44:29.823338+00:00,AP_02,dev_bb34b21593bc8929,heartbeat,-52
2026-09-20T14:44:29.823338+00:00,AP_02,dev_32123fce6801e287,heartbeat,-47
2026-09-20T14:44:30.823338+00:00,AP_02,dev_be01eb2e5060c2ba,heartbeat,-49
2026-09-20T14:44:32.823338+00:00,AP_01,dev_3b33fcd2e1d3f788,heartbeat,-50
2026-09-20T14:44:32.823338+00:00,AP_02,dev_a9a77d30a2535eda,heartbeat,-47
2026-09-20T14:44:33.823338+00:00,AP_02,dev_3712f235b4616c4a,heartbeat,-53
2026-09-20T14:44:33.823338+00:00,AP_02,dev_298b986404f77877,heartbeat,-49
2026-09-20T14:44:34.823338+00:00,AP_02,dev_9ac7e0c7eb7246b5,heartbeat,-49
2026-09-20T14:44:34.823338+00:00,AP_02,dev_35eea70824060c98,heartbeat,-48
2026-09-20T14:44:35.823338+00:00,AP_01,dev_39ef6cebfea41e12,heartbeat,-45
2026-09-20T14:44:35.823338+00:00,AP_02,dev_09e69aaa959cdd44,heartbeat,-50
2026-09-20T14:44:36.823338+00:00,AP_02,dev_b3417cd8c6c08f19,heartbeat,-47
2026-09-20T14:44:38.823338+00:00,AP_01,dev_761dbfebee20a1b6,heartbeat,-43
2026-09-20T14:44:39.823338+00:00,AP_01,dev_ef43c0dc8df3847e,heartbeat,-50
2026-09-20T14:44:39.823338+00:00,AP_01,dev_a42ce750a950b6ed,heartbeat,-53
2026-09-20T14:44:40.823338+00:00,AP_01,dev_de09aa0b03e5957e,heartbeat,-49
2026-09-20T14:44:40.823338+00:00,AP_02,dev_47dd476b9bbabc00,heartbeat,-45
2026-09-20T14:44:41.823338+00:00,AP_01,dev_46106d48bf350825,heartbeat,-52
2026-09-20T14:44:41.823338+00:00,AP_01,dev_0feb402657ab950a,heartbeat,-53
2026-09-20T14:44:42.823338+00:00,AP_01,dev_26be14216d4fd7c4,heartbeat,-48
2026-09-20T14:44:44.823338+00:00,AP_02,dev_36251f494ec5e4c4,heartbeat,-44
2026-09-20T14:44:45.823338+00:00,AP_01,dev_e96f8bdb2ce51760,heartbeat,-56
2026-09-20T14:44:45.823338+00:00,AP_01,dev_dac9735c15d23598,heartbeat,-49
2026-09-20T14:44:45.823338+00:00,AP_02,dev_fda1e4d27c7ec351,heartbeat,-37
2026-09-20T14:44:46.823338+00:00,AP_01,dev_0e322e127a303cdd,heartbeat,-52
2026-09-20T14:44:46.823338+00:00,AP_02,dev_4463e93e128fb718,heartbeat,-48
2026-09-20T14:44:47.823338+00:00,AP_02,dev_cd0c870c9624e6f6,heartbeat,-47
2026-09-20T14:44:49.823338+00:00,AP_01,dev_ac7b80880a1f3946,heartbeat,-51
2026-09-20T14:44:50.823338+00:00,AP_01,dev_382017e48c0d09cb,heartbeat,-51
2026-09-20T14:44:50.823338+00:00,AP_02,dev_bfa351d9deb65b50,heartbeat,-52
2026-09-20T14:44:51.823338+00:00,AP_02,dev_1730e5aaa7a31ce6,heartbeat,-51
2026-09-20T14:44:52.823338+00:00,AP_02,dev_e275ee8bb2c9833c,heartbeat,-53
2026-09-20T14:44:52.823338+00:00,AP_03,dev_172964ce995cefb5,heartbeat,-46
2026-09-20T14:44:53.823338+00:00,AP_01,dev_d5facb6e4cdd0f8d,heartbeat,-58
2026-09-20T14:44:54.823338+00:00,AP_01,dev_4d55811fcbb2d44b,heartbeat,-47
2026-09-20T14:44:55.823338+00:00,AP_01,dev_bee12d3e1f271e83,heartbeat,-50
2026-09-20T14:44:55.823338+00:00,AP_03,dev_80d56b8303cd4403,heartbeat,-52
2026-09-20T14:44:57.823338+00:00,AP_02,dev_43e59eca12e9d77f,heartbeat,-49
2026-09-20T14:44:58.823338+00:00,AP_01,dev_0f3a5465c5be5029,heartbeat,-51
2026-09-20T14:44:58.823338+00:00,AP_02,dev_bb34b21593bc8929,heartbeat,-53
2026-09-20T14:44:59.823338+00:00,AP_01,dev_ec7f305d29851a5a,heartbeat,-45
2026-09-20T14:44:59.823338+00:00,AP_02,dev_c8621d86e105ae2c,heartbeat,-46
2026-09-20T14:45:00.823338+00:00,AP_01,dev_78b7476e077c5c58,heartbeat,-45
2026-09-20T14:45:01.823338+00:00,AP_01,dev_3b33fcd2e1d3f788,heartbeat,-53
2026-09-20T14:45:01.823338+00:00,AP_02,dev_be01eb2e5060c2ba,heartbeat,-48
2026-09-20T14:45:02.823338+00:00,AP_02,dev_3712f235b4616c4a,heartbeat,-47
2026-09-20T14:45:02.823338+00:00,AP_02,dev_32123fce6801e287,heartbeat,-50
2026-09-20T14:45:03.823338+00:00,AP_01,dev_39ef6cebfea41e12,heartbeat,-46
2026-09-20T14:45:03.823338+00:00,AP_02,dev_298b986404f77877,heartbeat,-44
2026-09-20T14:45:03.823338+00:00,AP_02,dev_9ac7e0c7eb7246b5,heartbeat,-45
2026-09-20T14:45:03.823338+00:00,AP_02,dev_09e69aaa959cdd44,heartbeat,-49
2026-09-20T14:45:04.823338+00:00,AP_02,dev_a9a77d30a2535eda,heartbeat,-49
2026-09-20T14:45:06.823338+00:00,AP_02,dev_b3417cd8c6c08f19,heartbeat,-47
2026-09-20T14:45:07.823338+00:00,AP_02,dev_47dd476b9bbabc00,heartbeat,-45
2026-09-20T14:45:07.823338+00:00,AP_02,dev_35eea70824060c98,heartbeat,-49
2026-09-20T14:45:08.823338+00:00,AP_01,dev_ef43c0dc8df3847e,heartbeat,-52
2026-09-20T14:45:08.823338+00:00,AP_01,dev_761dbfebee20a1b6,heartbeat,-47
2026-09-20T14:45:09.823338+00:00,AP_01,dev_26be14216d4fd7c4,heartbeat,-53
2026-09-20T14:45:09.823338+00:00,AP_01,dev_de09aa0b03e5957e,heartbeat,-43
2026-09-20T14:45:10.823338+00:00,AP_01,dev_a42ce750a950b6ed,heartbeat,-51
2026-09-20T14:45:11.823338+00:00,AP_01,dev_46106d48bf350825,heartbeat,-50
2026-09-20T14:45:12.823338+00:00,AP_01,dev_0feb402657ab950a,heartbeat,-52
2026-09-20T14:45:13.823338+00:00,AP_02,dev_4463e93e128fb718,heartbeat,-45
2026-09-20T14:45:13.823338+00:00,AP_02,dev_36251f494ec5e4c4,heartbeat,-47
2026-09-20T14:45:15.823338+00:00,AP_01,dev_e96f8bdb2ce51760,heartbeat,-42
2026-09-20T14:45:16.823338+00:00,AP_01,dev_0e322e127a303cdd,heartbeat,-49
2026-09-20T14:45:16.823338+00:00,AP_02,dev_cd0c870c9624e6f6,heartbeat,-54
2026-09-20T14:45:17.823338+00:00,AP_01,dev_dac9735c15d23598,heartbeat,-55
2026-09-20T14:45:18.823338+00:00,AP_02,dev_fda1e4d27c7ec351,heartbeat,-59
2026-09-20T14:45:18.823338+00:00,AP_02,dev_1730e5aaa7a31ce6,heartbeat,-53
2026-09-20T14:45:19.823338+00:00,AP_01,dev_382017e48c0d09cb,heartbeat,-52
2026-09-20T14:45:19.823338+00:00,AP_03,dev_172964ce995cefb5,heartbeat,-48
2026-09-20T14:45:21.823338+00:00,AP_01,dev_d5facb6e4cdd0f8d,heartbeat,-52
2026-09-20T14:45:22.823338+00:00,AP_01,dev_ac7b80880a1f3946,heartbeat,-51
2026-09-20T14:45:23.823338+00:00,AP_02,dev_e275ee8bb2c9833c,heartbeat,-49
2026-09-20T14:45:23.823338+00:00,AP_02,dev_bfa351d9deb65b50,heartbeat,-53
2026-09-20T14:45:24.823338+00:00,AP_03,dev_80d56b8303cd4403,heartbeat,-46
2026-09-20T14:45:25.823338+00:00,AP_01,dev_bee12d3e1f271e83,heartbeat,-50
2026-09-20T14:45:26.823338+00:00,AP_01,dev_4d55811fcbb2d44b,heartbeat,-52
2026-09-20T14:45:26.823338+00:00,AP_01,dev_0f3a5465c5be5029,heartbeat,-50
2026-09-20T14:45:26.823338+00:00,AP_02,dev_43e59eca12e9d77f,heartbeat,-49
2026-09-20T14:45:28.823338+00:00,AP_01,dev_3b33fcd2e1d3f788,heartbeat,-49
2026-09-20T14:45:28.823338+00:00,AP_01,dev_ec7f305d29851a5a,heartbeat,-55
2026-09-20T14:45:29.823338+00:00,AP_01,dev_78b7476e077c5c58,heartbeat,-48
2026-09-20T14:45:30.823338+00:00,AP_02,dev_298b986404f77877,heartbeat,-48
2026-09-20T14:45:30.823338+00:00,AP_02,dev_bb34b21593bc8929,heartbeat,-50
2026-09-20T14:45:32.823338+00:00,AP_02,dev_c8621d86e105ae2c,heartbeat,-52
2026-09-20T14:45:32.823338+00:00,AP_02,dev_be01eb2e5060c2ba,heartbeat,-52
2026-09-20T14:45:33.823338+00:00,AP_02,dev_3712f235b4616c4a,heartbeat,-51
2026-09-20T14:45:33.823338+00:00,AP_02,dev_b3417cd8c6c08f19,heartbeat,-48
2026-09-20T14:45:34.823338+00:00,AP_01,dev_39ef6cebfea41e12,heartbeat,-47
2026-09-20T14:45:34.823338+00:00,AP_02,dev_9ac7e0c7eb7246b5,heartbeat,-46
2026-09-20T14:45:34.823338+00:00,AP_02,dev_32123fce6801e287,heartbeat,-50
2026-09-20T14:45:35.823338+00:00,AP_02,dev_a9a77d30a2535eda,heartbeat,-56
2026-09-20T14:45:36.823338+00:00,AP_01,dev_de09aa0b03e5957e,heartbeat,-48
2026-09-20T14:45:36.823338+00:00,AP_02,dev_09e69aaa959cdd44,heartbeat,-50
2026-09-20T14:45:37.823338+00:00,AP_01,dev_761dbfebee20a1b6,heartbeat,-49
2026-09-20T14:45:38.823338+00:00,AP_01,dev_26be14216d4fd7c4,heartbeat,-49
2026-09-20T14:45:38.823338+00:00,AP_01,dev_46106d48bf350825,heartbeat,-45
2026-09-20T14:45:39.823338+00:00,AP_01,dev_ef43c0dc8df3847e,heartbeat,-45
2026-09-20T14:45:40.823338+00:00,AP_02,dev_47dd476b9bbabc00,heartbeat,-49
2026-09-20T14:45:40.823338+00:00,AP_02,dev_35eea70824060c98,heartbeat,-45
2026-09-20T14:45:42.823338+00:00,AP_01,dev_a42ce750a950b6ed,heartbeat,-51
2026-09-20T14:45:42.823338+00:00,AP_01,dev_0feb402657ab950a,heartbeat,-44
2026-09-20T14:45:42.823338+00:00,AP_02,dev_4463e93e128fb718,heartbeat,-55
2026-09-20T14:45:42.823338+00:00,AP_02,dev_36251f494ec5e4c4,heartbeat,-62
2026-09-20T14:45:43.823338+00:00,AP_01,dev_e96f8bdb2ce51760,heartbeat,-49
2026-09-20T14:45:45.823338+00:00,AP_01,dev_0e322e127a303cdd,heartbeat,-53
2026-09-20T14:45:46.823338+00:00,AP_01,dev_382017e48c0d09cb,heartbeat,-47
2026-09-20T14:45:46.823338+00:00,AP_02,dev_1730e5aaa7a31ce6,heartbeat,-48
2026-09-20T14:45:47.823338+00:00,AP_01,dev_4ec6910610b8ee21,connect,-45
2026-09-20T14:45:47.823338+00:00,AP_01,dev_adc0336ce46d9142,connect,-50
2026-09-20T14:45:47.823338+00:00,AP_02,dev_02af9fa92d40a9af,connect,-45
2026-09-20T14:45:47.823338+00:00,AP_02,dev_cd0c870c9624e6f6,heartbeat,-48
2026-09-20T14:45:47.823338+00:00,AP_02,dev_fda1e4d27c7ec351,heartbeat,-45
2026-09-20T14:45:48.823338+00:00,AP_01,dev_dac9735c15d23598,heartbeat,-43
2026-09-20T14:45:48.823338+00:00,AP_01,dev_d5facb6e4cdd0f8d,heartbeat,-49
2026-09-20T14:45:51.823338+00:00,AP_03,dev_172964ce995cefb5,heartbeat,-55
2026-09-20T14:45:51.823338+00:00,AP_03,dev_80d56b8303cd4403,heartbeat,-49
2026-09-20T14:45:52.823338+00:00,AP_01,dev_ac7b80880a1f3946,heartbeat,-50
2026-09-20T14:45:53.823338+00:00,AP_01,dev_4d55811fcbb2d44b,heartbeat,-46
2026-09-20T14:45:54.823338+00:00,AP_02,dev_e275ee8bb2c9833c,heartbeat,-55
2026-09-20T14:45:54.823338+00:00,AP_02,dev_bfa351d9deb65b50,heartbeat,-51
2026-09-20T14:45:55.823338+00:00,AP_02,dev_43e59eca12e9d77f,heartbeat,-48
2026-09-20T14:45:56.823338+00:00,AP_01,dev_78b7476e077c5c58,heartbeat,-51
2026-09-20T14:45:57.823338+00:00,AP_01,dev_bee12d3e1f271e83,heartbeat,-47
2026-09-20T14:45:57.823338+00:00,AP_01,dev_ec7f305d29851a5a,heartbeat,-49
2026-09-20T14:45:58.823338+00:00,AP_01,dev_0f3a5465c5be5029,heartbeat,-49
2026-09-20T14:45:58.823338+00:00,AP_02,dev_bb34b21593bc8929,heartbeat,-50
2026-09-20T14:46:00.823338+00:00,AP_02,dev_298b986404f77877,heartbeat,-48
2026-09-20T14:46:01.823338+00:00,AP_01,dev_3b33fcd2e1d3f788,heartbeat,-47
2026-09-20T14:46:01.823338+00:00,AP_02,dev_9ac7e0c7eb7246b5,heartbeat,-49
2026-09-20T14:46:02.823338+00:00,AP_02,dev_c8621d86e105ae2c,heartbeat,-51
2026-09-20T14:46:03.823338+00:00,AP_02,dev_b3417cd8c6c08f19,heartbeat,-49
2026-09-20T14:46:03.823338+00:00,AP_02,dev_a9a77d30a2535eda,heartbeat,-51
2026-09-20T14:46:04.823338+00:00,AP_01,dev_39ef6cebfea41e12,heartbeat,-49
2026-09-20T14:46:04.823338+00:00,AP_02,dev_09e69aaa959cdd44,heartbeat,-50
2026-09-20T14:46:04.823338+00:00,AP_02,dev_be01eb2e5060c2ba,heartbeat,-44
2026-09-20T14:46:05.823338+00:00,AP_02,dev_3712f235b4616c4a,heartbeat,-47
2026-09-20T14:46:06.823338+00:00,AP_01,dev_761dbfebee20a1b6,heartbeat,-48
2026-09-20T14:46:06.823338+00:00,AP_01,dev_de09aa0b03e5957e,heartbeat,-44
2026-09-20T14:46:07.823338+00:00,AP_01,dev_26be14216d4fd7c4,heartbeat,-49
2026-09-20T14:46:07.823338+00:00,AP_02,dev_35eea70824060c98,heartbeat,-52
2026-09-20T14:46:07.823338+00:00,AP_02,dev_32123fce6801e287,heartbeat,-55
2026-09-20T14:46:09.823338+00:00,AP_01,dev_0feb402657ab950a,heartbeat,-59
2026-09-20T14:46:09.823338+00:00,AP_02,dev_4463e93e128fb718,heartbeat,-45
2026-09-20T14:46:10.823338+00:00,AP_02,dev_47dd476b9bbabc00,heartbeat,-49
2026-09-20T14:46:10.823338+00:00,AP_02,dev_36251f494ec5e4c4,heartbeat,-46
2026-09-20T14:46:11.823338+00:00,AP_01,dev_e96f8bdb2ce51760,heartbeat,-50
2026-09-20T14:46:11.823338+00:00,AP_01,dev_46106d48bf350825,heartbeat,-46
2026-09-20T14:46:12.823338+00:00,AP_01,dev_ef43c0dc8df3847e,heartbeat,-47
2026-09-20T14:46:12.823338+00:00,AP_01,dev_0e322e127a303cdd,heartbeat,-50
2026-09-20T14:46:14.823338+00:00,AP_01,dev_a42ce750a950b6ed,heartbeat,-52
2026-09-20T14:46:15.823338+00:00,AP_02,dev_cd0c870c9624e6f6,heartbeat,-51
2026-09-20T14:46:16.823338+00:00,AP_01,dev_382017e48c0d09cb,heartbeat,-56
2026-09-20T14:46:17.823338+00:00,AP_01,dev_4ec6910610b8ee21,heartbeat,-56
2026-09-20T14:46:17.823338+00:00,AP_01,dev_adc0336ce46d9142,heartbeat,-52
2026-09-20T14:46:17.823338+00:00,AP_02,dev_02af9fa92d40a9af,heartbeat,-52
2026-09-20T14:46:17.823338+00:00,AP_02,dev_fda1e4d27c7ec351,heartbeat,-54
2026-09-20T14:46:18.823338+00:00,AP_01,dev_d5facb6e4cdd0f8d,heartbeat,-48
2026-09-20T14:46:18.823338+00:00,AP_02,dev_1730e5aaa7a31ce6,heartbeat,-52
2026-09-20T14:46:18.823338+00:00,AP_03,dev_172964ce995cefb5,heartbeat,-56
2026-09-20T14:46:20.823338+00:00,AP_01,dev_dac9735c15d23598,heartbeat,-50
2026-09-20T14:46:20.823338+00:00,AP_03,dev_80d56b8303cd4403,heartbeat,-46
2026-09-20T14:46:22.823338+00:00,AP_01,dev_ac7b80880a1f3946,heartbeat,-49
2026-09-20T14:46:22.823338+00:00,AP_02,dev_e275ee8bb2c9833c,heartbeat,-45
2026-09-20T14:46:23.823338+00:00,AP_01,dev_4d55811fcbb2d44b,heartbeat,-49
2026-09-20T14:46:24.823338+00:00,AP_01,dev_78b7476e077c5c58,heartbeat,-54
2026-09-20T14:46:26.823338+00:00,AP_02,dev_bfa351d9deb65b50,heartbeat,-53
2026-09-20T14:46:27.823338+00:00,AP_01,dev_ec7f305d29851a5a,heartbeat,-56
2026-09-20T14:46:28.823338+00:00,AP_01,dev_3b33fcd2e1d3f788,heartbeat,-51
2026-09-20T14:46:28.823338+00:00,AP_02,dev_298b986404f77877,heartbeat,-51
2026-09-20T14:46:28.823338+00:00,AP_02,dev_43e59eca12e9d77f,heartbeat,-50
2026-09-20T14:46:29.823338+00:00,AP_01,dev_bee12d3e1f271e83,heartbeat,-47
2026-09-20T14:46:30.823338+00:00,AP_01,dev_0f3a5465c5be5029,heartbeat,-47
2026-09-20T14:46:31.823338+00:00,AP_02,dev_bb34b21593bc8929,heartbeat,-45
2026-09-20T14:46:33.823338+00:00,AP_01,dev_761dbfebee20a1b6,heartbeat,-51
2026-09-20T14:46:33.823338+00:00,AP_01,dev_39ef6cebfea41e12,heartbeat,-48
2026-09-20T14:46:33.823338+00:00,AP_01,dev_de09aa0b03e5957e,heartbeat,-46
2026-09-20T14:46:33.823338+00:00,AP_02,dev_9ac7e0c7eb7246b5,heartbeat,-50
2026-09-20T14:46:34.823338+00:00,AP_02,dev_35eea70824060c98,heartbeat,-53
2026-09-20T14:46:34.823338+00:00,AP_02,dev_09e69aaa959cdd44,heartbeat,-49
2026-09-20T14:46:35.823338+00:00,AP_02,dev_3712f235b4616c4a,heartbeat,-53
2026-09-20T14:46:35.823338+00:00,AP_02,dev_c8621d86e105ae2c,heartbeat,-53
2026-09-20T14:46:35.823338+00:00,AP_02,dev_a9a77d30a2535eda,heartbeat,-49
2026-09-20T14:46:36.823338+00:00,AP_02,dev_b3417cd8c6c08f19,heartbeat,-48
2026-09-20T14:46:36.823338+00:00,AP_02,dev_be01eb2e5060c2ba,heartbeat,-54
2026-09-20T14:46:38.823338+00:00,AP_01,dev_26be14216d4fd7c4,heartbeat,-52
2026-09-20T14:46:38.823338+00:00,AP_01,dev_e96f8bdb2ce51760,heartbeat,-51
2026-09-20T14:46:38.823338+00:00,AP_02,dev_36251f494ec5e4c4,heartbeat,-42
2026-09-20T14:46:39.823338+00:00,AP_01,dev_46106d48bf350825,heartbeat,-58
2026-09-20T14:46:40.823338+00:00,AP_01,dev_0e322e127a303cdd,heartbeat,-48
2026-09-20T14:46:40.823338+00:00,AP_02,dev_47dd476b9bbabc00,heartbeat,-43
2026-09-20T14:46:40.823338+00:00,AP_02,dev_4463e93e128fb718,heartbeat,-52
2026-09-20T14:46:40.823338+00:00,AP_02,dev_32123fce6801e287,heartbeat,-48
2026-09-20T14:46:41.823338+00:00,AP_01,dev_a42ce750a950b6ed,heartbeat,-47
2026-09-20T14:46:42.823338+00:00,AP_01,dev_ef43c0dc8df3847e,heartbeat,-48
2026-09-20T14:46:42.823338+00:00,AP_01,dev_0feb402657ab950a,heartbeat,-53
2026-09-20T14:46:44.823338+00:00,AP_01,dev_382017e48c0d09cb,heartbeat,-48
2026-09-20T14:46:44.823338+00:00,AP_02,dev_fda1e4d27c7ec351,heartbeat,-56
2026-09-20T14:46:45.823338+00:00,AP_01,dev_adc0336ce46d9142,heartbeat,-51
2026-09-20T14:46:45.823338+00:00,AP_01,dev_d5facb6e4cdd0f8d,heartbeat,-52
2026-09-20T14:46:46.823338+00:00,AP_01,dev_4ec6910610b8ee21,heartbeat,-43
2026-09-20T14:46:46.823338+00:00,AP_02,dev_cd0c870c9624e6f6,heartbeat,-53
2026-09-20T14:46:47.823338+00:00,AP_02,dev_942144bd6b3fd842,connect,-47
2026-09-20T14:46:49.823338+00:00,AP_03,dev_80d56b8303cd4403,heartbeat,-50
2026-09-20T14:46:50.823338+00:00,AP_02,dev_02af9fa92d40a9af,heartbeat,-46
2026-09-20T14:46:50.823338+00:00,AP_02,dev_1730e5aaa7a31ce6,heartbeat,-48
2026-09-20T14:46:51.823338+00:00,AP_01,dev_dac9735c15d23598,heartbeat,-50
2026-09-20T14:46:51.823338+00:00,AP_01,dev_78b7476e077c5c58,heartbeat,-47
2026-09-20T14:46:51.823338+00:00,AP_03,dev_172964ce995cefb5,heartbeat,-54
2026-09-20T14:46:52.823338+00:00,AP_02,dev_e275ee8bb2c9833c,heartbeat,-57
2026-09-20T14:46:53.823338+00:00,AP_01,dev_4d55811fcbb2d44b,heartbeat,-48
2026-09-20T14:46:54.823338+00:00,AP_01,dev_ac7b80880a1f3946,heartbeat,-53
2026-09-20T14:46:55.823338+00:00,AP_02,dev_bfa351d9deb65b50,heartbeat,-50
2026-09-20T14:46:55.823338+00:00,AP_02,dev_298b986404f77877,heartbeat,-49
2026-09-20T14:46:56.823338+00:00,AP_01,dev_3b33fcd2e1d3f788,heartbeat,-52
2026-09-20T14:46:57.823338+00:00,AP_02,dev_43e59eca12e9d77f,heartbeat,-49
2026-09-20T14:46:58.823338+00:00,AP_01,dev_bee12d3e1f271e83,heartbeat,-48
2026-09-20T14:47:00.823338+00:00,AP_01,dev_ec7f305d29851a5a,heartbeat,-50
2026-09-20T14:47:01.823338+00:00,AP_02,dev_9ac7e0c7eb7246b5,heartbeat,-52
2026-09-20T14:47:02.823338+00:00,AP_01,dev_761dbfebee20a1b6,heartbeat,-53
2026-09-20T14:47:02.823338+00:00,AP_02,dev_3712f235b4616c4a,heartbeat,-50
2026-09-20T14:47:03.823338+00:00,AP_01,dev_39ef6cebfea41e12,heartbeat,-49
2026-09-20T14:47:03.823338+00:00,AP_01,dev_0f3a5465c5be5029,heartbeat,-50
2026-09-20T14:47:03.823338+00:00,AP_02,dev_bb34b21593bc8929,heartbeat,-49
2026-09-20T14:47:03.823338+00:00,AP_02,dev_be01eb2e5060c2ba,heartbeat,-50
2026-09-20T14:47:04.823338+00:00,AP_02,dev_09e69aaa959cdd44,heartbeat,-55
2026-09-20T14:47:05.823338+00:00,AP_01,dev_de09aa0b03e5957e,heartbeat,-46
2026-09-20T14:47:05.823338+00:00,AP_02,dev_36251f494ec5e4c4,heartbeat,-47
2026-09-20T14:47:05.823338+00:00,AP_02,dev_35eea70824060c98,heartbeat,-54
2026-09-20T14:47:06.823338+00:00,AP_02,dev_b3417cd8c6c08f19,heartbeat,-52
2026-09-20T14:47:06.823338+00:00,AP_02,dev_a9a77d30a2535eda,heartbeat,-45
2026-09-20T14:47:07.823338+00:00,AP_02,dev_47dd476b9bbabc00,heartbeat,-54
2026-09-20T14:47:08.823338+00:00,AP_01,dev_e96f8bdb2ce51760,heartbeat,-50
2026-09-20T14:47:08.823338+00:00,AP_01,dev_a42ce750a950b6ed,heartbeat,-49
2026-09-20T14:47:08.823338+00:00,AP_02,dev_c8621d86e105ae2c,heartbeat,-48
2026-09-20T14:47:09.823338+00:00,AP_01,dev_26be14216d4fd7c4,heartbeat,-51
2026-09-20T14:47:09.823338+00:00,AP_01,dev_0e322e127a303cdd,heartbeat,-49
2026-09-20T14:47:10.823338+00:00,AP_02,dev_4463e93e128fb718,heartbeat,-48
2026-09-20T14:47:11.823338+00:00,AP_01,dev_46106d48bf350825,heartbeat,-52
2026-09-20T14:47:12.823338+00:00,AP_01,dev_ef43c0dc8df3847e,heartbeat,-49
2026-09-20T14:47:13.823338+00:00,AP_02,dev_32123fce6801e287,heartbeat,-49
2026-09-20T14:47:14.823338+00:00,AP_01,dev_4ec6910610b8ee21,heartbeat,-44
2026-09-20T14:47:15.823338+00:00,AP_01,dev_0feb402657ab950a,heartbeat,-51
2026-09-20T14:47:16.823338+00:00,AP_01,dev_382017e48c0d09cb,heartbeat,-47
2026-09-20T14:47:16.823338+00:00,AP_01,dev_adc0336ce46d9142,heartbeat,-50
2026-09-20T14:47:17.823338+00:00,AP_02,dev_fda1e4d27c7ec351,heartbeat,-44
2026-09-20T14:47:17.823338+00:00,AP_02,dev_942144bd6b3fd842,heartbeat,-48
2026-09-20T14:47:18.823338+00:00,AP_01,dev_d5facb6e4cdd0f8d,heartbeat,-50
2026-09-20T14:47:18.823338+00:00,AP_03,dev_172964ce995cefb5,heartbeat,-50
2026-09-20T14:47:19.823338+00:00,AP_02,dev_02af9fa92d40a9af,heartbeat,-49
2026-09-20T14:47:19.823338+00:00,AP_02,dev_cd0c870c9624e6f6,heartbeat,-47
2026-09-20T14:47:20.823338+00:00,AP_03,dev_80d56b8303cd4403,heartbeat,-46
2026-09-20T14:47:22.823338+00:00,AP_01,dev_4d55811fcbb2d44b,heartbeat,-47
2026-09-20T14:47:22.823338+00:00,AP_02,dev_1730e5aaa7a31ce6,heartbeat,-48
2026-09-20T14:47:23.823338+00:00,AP_01,dev_3b33fcd2e1d3f788,heartbeat,-59
2026-09-20T14:47:23.823338+00:00,AP_01,dev_dac9735c15d23598,heartbeat,-47
2026-09-20T14:47:23.823338+00:00,AP_02,dev_e275ee8bb2c9833c,heartbeat,-53
2026-09-20T14:47:24.823338+00:00,AP_01,dev_78b7476e077c5c58,heartbeat,-49
2026-09-20T14:47:24.823338+00:00,AP_02,dev_43e59eca12e9d77f,heartbeat,-40
2026-09-20T14:47:26.823338+00:00,AP_01,dev_ac7b80880a1f3946,heartbeat,-47
2026-09-20T14:47:27.823338+00:00,AP_01,dev_bee12d3e1f271e83,heartbeat,-55
2026-09-20T14:47:27.823338+00:00,AP_02,dev_bfa351d9deb65b50,heartbeat,-55
2026-09-20T14:47:28.823338+00:00,AP_02,dev_298b986404f77877,heartbeat,-50
2026-09-20T14:47:31.823338+00:00,AP_02,dev_3712f235b4616c4a,heartbeat,-47
2026-09-20T14:47:32.823338+00:00,AP_02,dev_9ac7e0c7eb7246b5,heartbeat,-43
2026-09-20T14:47:33.823338+00:00,AP_01,dev_761dbfebee20a1b6,heartbeat,-50
2026-09-20T14:47:33.823338+00:00,AP_01,dev_39ef6cebfea41e12,heartbeat,-47
2026-09-20T14:47:33.823338+00:00,AP_01,dev_ec7f305d29851a5a,heartbeat,-51
2026-09-20T14:47:33.823338+00:00,AP_02,dev_b3417cd8c6c08f19,heartbeat,-53
2026-09-20T14:47:33.823338+00:00,AP_02,dev_be01eb2e5060c2ba,heartbeat,-49
2026-09-20T14:47:34.823338+00:00,AP_02,dev_35eea70824060c98,heartbeat,-49
2026-09-20T14:47:35.823338+00:00,AP_02,dev_36251f494ec5e4c4,heartbeat,-54
2026-09-20T14:47:36.823338+00:00,AP_01,dev_26be14216d4fd7c4,heartbeat,-53
2026-09-20T14:47:36.823338+00:00,AP_01,dev_0f3a5465c5be5029,heartbeat,-49
2026-09-20T14:47:36.823338+00:00,AP_01,dev_de09aa0b03e5957e,heartbeat,-48
2026-09-20T14:47:36.823338+00:00,AP_02,dev_c8621d86e105ae2c,heartbeat,-48
2026-09-20T14:47:36.823338+00:00,AP_02,dev_bb34b21593bc8929,heartbeat,-46
2026-09-20T14:47:36.823338+00:00,AP_02,dev_a9a77d30a2535eda,heartbeat,-52
2026-09-20T14:47:37.823338+00:00,AP_02,dev_4463e93e128fb718,heartbeat,-41
2026-09-20T14:47:37.823338+00:00,AP_02,dev_09e69aaa959cdd44,heartbeat,-46
2026-09-20T14:47:38.823338+00:00,AP_01,dev_e96f8bdb2ce51760,heartbeat,-44
2026-09-20T14:47:39.823338+00:00,AP_01,dev_0e322e127a303cdd,heartbeat,-47
2026-09-20T14:47:40.823338+00:00,AP_01,dev_46106d48bf350825,heartbeat,-49
2026-09-20T14:47:40.823338+00:00,AP_01,dev_a42ce750a950b6ed,heartbeat,-53
2026-09-20T14:47:40.823338+00:00,AP_02,dev_47dd476b9bbabc00,heartbeat,-47
2026-09-20T14:47:41.823338+00:00,AP_01,dev_4ec6910610b8ee21,heartbeat,-45
2026-09-20T14:47:43.823338+00:00,AP_01,dev_adc0336ce46d9142,heartbeat,-53
2026-09-20T14:47:43.823338+00:00,AP_02,dev_32123fce6801e287,heartbeat,-57
2026-09-20T14:47:44.823338+00:00,AP_01,dev_ef43c0dc8df3847e,heartbeat,-52
2026-09-20T14:47:44.823338+00:00,AP_01,dev_0feb402657ab950a,heartbeat,-47
2026-09-20T14:47:46.823338+00:00,AP_01,dev_382017e48c0d09cb,heartbeat,-53
2026-09-20T14:47:46.823338+00:00,AP_01,dev_d5facb6e4cdd0f8d,heartbeat,-48
2026-09-20T14:47:46.823338+00:00,AP_03,dev_172964ce995cefb5,heartbeat,-50
2026-09-20T14:47:47.823338+00:00,AP_02,dev_95f1a30bee85ba16,connect,-52
2026-09-20T14:47:49.823338+00:00,AP_02,dev_fda1e4d27c7ec351,heartbeat,-55
2026-09-20T14:47:49.823338+00:00,AP_02,dev_942144bd6b3fd842,heartbeat,-48
2026-09-20T14:47:51.823338+00:00,AP_02,dev_e275ee8bb2c9833c,heartbeat,-51
2026-09-20T14:47:51.823338+00:00,AP_03,dev_80d56b8303cd4403,heartbeat,-46
2026-09-20T14:47:52.823338+00:00,AP_01,dev_dac9735c15d23598,heartbeat,-51
2026-09-20T14:47:52.823338+00:00,AP_02,dev_02af9fa92d40a9af,heartbeat,-54
2026-09-20T14:47:52.823338+00:00,AP_02,dev_cd0c870c9624e6f6,heartbeat,-51
2026-09-20T14:47:53.823338+00:00,AP_01,dev_4d55811fcbb2d44b,heartbeat,-51
2026-09-20T14:47:54.823338+00:00,AP_02,dev_1730e5aaa7a31ce6,heartbeat,-50
2026-09-20T14:47:55.823338+00:00,AP_01,dev_78b7476e077c5c58,heartbeat,-50
2026-09-20T14:47:56.823338+00:00,AP_01,dev_3b33fcd2e1d3f788,heartbeat,-50
2026-09-20T14:47:56.823338+00:00,AP_01,dev_ac7b80880a1f3946,heartbeat,-42
2026-09-20T14:47:56.823338+00:00,AP_02,dev_43e59eca12e9d77f,heartbeat,-47
2026-09-20T14:47:57.823338+00:00,AP_02,dev_298b986404f77877,heartbeat,-44
2026-09-20T14:47:58.823338+00:00,AP_02,dev_bfa351d9deb65b50,heartbeat,-46
2026-09-20T14:48:00.823338+00:00,AP_01,dev_bee12d3e1f271e83,heartbeat,-51
2026-09-20T14:48:00.823338+00:00,AP_01,dev_ec7f305d29851a5a,heartbeat,-48
2026-09-20T14:48:01.823338+00:00,AP_01,dev_761dbfebee20a1b6,heartbeat,-49
2026-09-20T14:48:01.823338+00:00,AP_02,dev_3712f235b4616c4a,heartbeat,-50
2026-09-20T14:48:01.823338+00:00,AP_02,dev_be01eb2e5060c2ba,heartbeat,-50
2026-09-20T14:48:02.823338+00:00,AP_02,dev_9ac7e0c7eb7246b5,heartbeat,-49
2026-09-20T14:48:04.823338+00:00,AP_01,dev_0f3a5465c5be5029,heartbeat,-53
2026-09-20T14:48:04.823338+00:00,AP_02,dev_4463e93e128fb718,heartbeat,-48
2026-09-20T14:48:04.823338+00:00,AP_02,dev_b3417cd8c6c08f19,heartbeat,-48
2026-09-20T14:48:04.823338+00:00,AP_02,dev_a9a77d30a2535eda,heartbeat,-51
2026-09-20T14:48:05.823338+00:00,AP_01,dev_39ef6cebfea41e12,heartbeat,-43
2026-09-20T14:48:05.823338+00:00,AP_02,dev_36251f494ec5e4c4,heartbeat,-44
2026-09-20T14:48:05.823338+00:00,AP_02,dev_35eea70824060c98,heartbeat,-50
2026-09-20T14:48:06.823338+00:00,AP_01,dev_e96f8bdb2ce51760,heartbeat,-49
2026-09-20T14:48:06.823338+00:00,AP_01,dev_0e322e127a303cdd,heartbeat,-54
2026-09-20T14:48:06.823338+00:00,AP_02,dev_bb34b21593bc8929,heartbeat,-52
2026-09-20T14:48:08.823338+00:00,AP_01,dev_de09aa0b03e5957e,heartbeat,-47
2026-09-20T14:48:08.823338+00:00,AP_02,dev_09e69aaa959cdd44,heartbeat,-47
2026-09-20T14:48:09.823338+00:00,AP_01,dev_26be14216d4fd7c4,heartbeat,-49
2026-09-20T14:48:09.823338+00:00,AP_01,dev_a42ce750a950b6ed,heartbeat,-59
2026-09-20T14:48:09.823338+00:00,AP_02,dev_c8621d86e105ae2c,heartbeat,-51
2026-09-20T14:48:10.823338+00:00,AP_01,dev_46106d48bf350825,heartbeat,-43
2026-09-20T14:48:10.823338+00:00,AP_02,dev_47dd476b9bbabc00,heartbeat,-56
2026-09-20T14:48:11.823338+00:00,AP_01,dev_ef43c0dc8df3847e,heartbeat,-44
2026-09-20T14:48:12.823338+00:00,AP_01,dev_4ec6910610b8ee21,heartbeat,-45
2026-09-20T14:48:12.823338+00:00,AP_01,dev_adc0336ce46d9142,heartbeat,-50
2026-09-20T14:48:12.823338+00:00,AP_02,dev_32123fce6801e287,heartbeat,-46
2026-09-20T14:48:13.823338+00:00,AP_01,dev_382017e48c0d09cb,heartbeat,-57
2026-09-20T14:48:13.823338+00:00,AP_01,dev_0feb402657ab950a,heartbeat,-52
2026-09-20T14:48:15.823338+00:00,AP_01,dev_d5facb6e4cdd0f8d,heartbeat,-48
2026-09-20T14:48:16.823338+00:00,AP_02,dev_fda1e4d27c7ec351,heartbeat,-43
2026-09-20T14:48:17.823338+00:00,AP_02,dev_95f1a30bee85ba16,heartbeat,-46
2026-09-20T14:48:19.823338+00:00,AP_01,dev_dac9735c15d23598,heartbeat,-44
2026-09-20T14:48:19.823338+00:00,AP_03,dev_172964ce995cefb5,heartbeat,-53
2026-09-20T14:48:19.823338+00:00,AP_03,dev_80d56b8303cd4403,heartbeat,-50
2026-09-20T14:48:20.823338+00:00,AP_02,dev_942144bd6b3fd842,heartbeat,-45
2026-09-20T14:48:21.823338+00:00,AP_02,dev_1730e5aaa7a31ce6,heartbeat,-50
2026-09-20T14:48:22.823338+00:00,AP_02,dev_e275ee8bb2c9833c,heartbeat,-53
2026-09-20T14:48:22.823338+00:00,AP_02,dev_cd0c870c9624e6f6,heartbeat,-46
2026-09-20T14:48:23.823338+00:00,AP_02,dev_02af9fa92d40a9af,heartbeat,-56
2026-09-20T14:48:24.823338+00:00,AP_02,dev_43e59eca12e9d77f,heartbeat,-45
2026-09-20T14:48:25.823338+00:00,AP_01,dev_4d55811fcbb2d44b,heartbeat,-49
2026-09-20T14:48:25.823338+00:00,AP_01,dev_ac7b80880a1f3946,heartbeat,-48
2026-09-20T14:48:25.823338+00:00,AP_01,dev_78b7476e077c5c58,heartbeat,-49
2026-09-20T14:48:26.823338+00:00,AP_01,dev_3b33fcd2e1d3f788,heartbeat,-49
2026-09-20T14:48:27.823338+00:00,AP_01,dev_bee12d3e1f271e83,heartbeat,-49
2026-09-20T14:48:29.823338+00:00,AP_02,dev_298b986404f77877,heartbeat,-53
2026-09-20T14:48:30.823338+00:00,AP_01,dev_761dbfebee20a1b6,heartbeat,-53
2026-09-20T14:48:30.823338+00:00,AP_02,dev_be01eb2e5060c2ba,heartbeat,-53
2026-09-20T14:48:31.823338+00:00,AP_02,dev_bfa351d9deb65b50,heartbeat,-51
2026-09-20T14:48:31.823338+00:00,AP_02,dev_9ac7e0c7eb7246b5,heartbeat,-51
2026-09-20T14:48:32.823338+00:00,AP_02,dev_4463e93e128fb718,heartbeat,-49
2026-09-20T14:48:33.823338+00:00,AP_01,dev_e96f8bdb2ce51760,heartbeat,-50
2026-09-20T14:48:33.823338+00:00,AP_01,dev_0f3a5465c5be5029,heartbeat,-49
2026-09-20T14:48:33.823338+00:00,AP_01,dev_ec7f305d29851a5a,heartbeat,-51
2026-09-20T14:48:33.823338+00:00,AP_02,dev_3712f235b4616c4a,heartbeat,-55
2026-09-20T14:48:34.823338+00:00,AP_02,dev_36251f494ec5e4c4,heartbeat,-49
2026-09-20T14:48:34.823338+00:00,AP_02,dev_b3417cd8c6c08f19,heartbeat,-53
2026-09-20T14:48:35.823338+00:00,AP_01,dev_39ef6cebfea41e12,heartbeat,-51
2026-09-20T14:48:35.823338+00:00,AP_02,dev_a9a77d30a2535eda,heartbeat,-55
2026-09-20T14:48:36.823338+00:00,AP_01,dev_0e322e127a303cdd,heartbeat,-48
2026-09-20T14:48:36.823338+00:00,AP_02,dev_35eea70824060c98,heartbeat,-48
2026-09-20T14:48:36.823338+00:00,AP_02,dev_09e69aaa959cdd44,heartbeat,-55
2026-09-20T14:48:37.823338+00:00,AP_02,dev_bb34b21593bc8929,heartbeat,-44
2026-09-20T14:48:38.823338+00:00,AP_01,dev_de09aa0b03e5957e,heartbeat,-47
2026-09-20T14:48:39.823338+00:00,AP_01,dev_26be14216d4fd7c4,heartbeat,-44
2026-09-20T14:48:40.823338+00:00,AP_02,dev_c8621d86e105ae2c,heartbeat,-43
2026-09-20T14:48:41.823338+00:00,AP_01,dev_46106d48bf350825,heartbeat,-47
2026-09-20T14:48:41.823338+00:00,AP_02,dev_47dd476b9bbabc00,heartbeat,-52
2026-09-20T14:48:42.823338+00:00,AP_01,dev_a42ce750a950b6ed,heartbeat,-58
2026-09-20T14:48:43.823338+00:00,AP_01,dev_0feb402657ab950a,heartbeat,-50
2026-09-20T14:48:43.823338+00:00,AP_02,dev_fda1e4d27c7ec351,heartbeat,-46
2026-09-20T14:48:44.823338+00:00,AP_01,dev_ef43c0dc8df3847e,heartbeat,-54
2026-09-20T14:48:44.823338+00:00,AP_01,dev_382017e48c0d09cb,heartbeat,-46
2026-09-20T14:48:44.823338+00:00,AP_01,dev_4ec6910610b8ee21,heartbeat,-48
2026-09-20T14:48:44.823338+00:00,AP_01,dev_adc0336ce46d9142,heartbeat,-54
2026-09-20T14:48:45.823338+00:00,AP_02,dev_95f1a30bee85ba16,heartbeat,-52
2026-09-20T14:48:45.823338+00:00,AP_02,dev_32123fce6801e287,heartbeat,-45
2026-09-20T14:48:46.823338+00:00,AP_01,dev_d5facb6e4cdd0f8d,heartbeat,-49
2026-09-20T14:48:47.823338+00:00,AP_01,dev_dac9735c15d23598,heartbeat,-48
2026-09-20T14:48:47.823338+00:00,AP_02,dev_942144bd6b3fd842,heartbeat,-44
2026-09-20T14:48:47.823338+00:00,AP_03,dev_172964ce995cefb5,heartbeat,-51
2026-09-20T14:48:47.823338+00:00,AP_03,dev_80d56b8303cd4403,heartbeat,-49
2026-09-20T14:48:49.823338+00:00,AP_02,dev_e275ee8bb2c9833c,heartbeat,-53
2026-09-20T14:48:51.823338+00:00,AP_02,dev_02af9fa92d40a9af,heartbeat,-50
2026-09-20T14:48:51.823338+00:00,AP_02,dev_1730e5aaa7a31ce6,heartbeat,-52
2026-09-20T14:48:52.823338+00:00,AP_01,dev_78b7476e077c5c58,heartbeat,-52
2026-09-20T14:48:53.823338+00:00,AP_02,dev_cd0c870c9624e6f6,heartbeat,-41
2026-09-20T14:48:54.823338+00:00,AP_01,dev_4d55811fcbb2d44b,heartbeat,-49
2026-09-20T14:48:54.823338+00:00,AP_01,dev_3b33fcd2e1d3f788,heartbeat,-48
2026-09-20T14:48:54.823338+00:00,AP_01,dev_ac7b80880a1f3946,heartbeat,-52
2026-09-20T14:48:55.823338+00:00,AP_02,dev_43e59eca12e9d77f,heartbeat,-46
2026-09-20T14:48:56.823338+00:00,AP_01,dev_bee12d3e1f271e83,heartbeat,-51
2026-09-20T14:48:58.823338+00:00,AP_01,dev_761dbfebee20a1b6,heartbeat,-48
2026-09-20T14:48:58.823338+00:00,AP_02,dev_be01eb2e5060c2ba,heartbeat,-47
2026-09-20T14:48:59.823338+00:00,AP_02,dev_9ac7e0c7eb7246b5,heartbeat,-50
2026-09-20T14:49:00.823338+00:00,AP_02,dev_298b986404f77877,heartbeat,-49
2026-09-20T14:49:01.823338+00:00,AP_01,dev_e96f8bdb2ce51760,heartbeat,-51
2026-09-20T14:49:01.823338+00:00,AP_02,dev_b3417cd8c6c08f19,heartbeat,-53
2026-09-20T14:49:03.823338+00:00,AP_02,dev_35eea70824060c98,heartbeat,-62
2026-09-20T14:49:04.823338+00:00,AP_01,dev_ec7f305d29851a5a,heartbeat,-46
2026-09-20T14:49:04.823338+00:00,AP_02,dev_bfa351d9deb65b50,heartbeat,-47
2026-09-20T14:49:04.823338+00:00,AP_02,dev_a9a77d30a2535eda,heartbeat,-51
2026-09-20T14:49:05.823338+00:00,AP_02,dev_4463e93e128fb718,heartbeat,-48
2026-09-20T14:49:05.823338+00:00,AP_02,dev_bb34b21593bc8929,heartbeat,-52
2026-09-20T14:49:06.823338+00:00,AP_01,dev_0f3a5465c5be5029,heartbeat,-49
2026-09-20T14:49:06.823338+00:00,AP_02,dev_3712f235b4616c4a,heartbeat,-47
2026-09-20T14:49:07.823338+00:00,AP_02,dev_36251f494ec5e4c4,heartbeat,-53
2026-09-20T14:49:07.823338+00:00,AP_02,dev_09e69aaa959cdd44,heartbeat,-47
2026-09-20T14:49:08.823338+00:00,AP_01,dev_39ef6cebfea41e12,heartbeat,-57
2026-09-20T14:49:08.823338+00:00,AP_01,dev_de09aa0b03e5957e,heartbeat,-40
2026-09-20T14:49:09.823338+00:00,AP_01,dev_0e322e127a303cdd,heartbeat,-44
2026-09-20T14:49:09.823338+00:00,AP_02,dev_c8621d86e105ae2c,heartbeat,-49
2026-09-20T14:49:10.823338+00:00,AP_01,dev_26be14216d4fd7c4,heartbeat,-59
2026-09-20T14:49:11.823338+00:00,AP_01,dev_46106d48bf350825,heartbeat,-55
2026-09-20T14:49:11.823338+00:00,AP_01,dev_a42ce750a950b6ed,heartbeat,-53
2026-09-20T14:49:12.823338+00:00,AP_01,dev_4ec6910610b8ee21,heartbeat,-53
2026-09-20T14:49:13.823338+00:00,AP_02,dev_47dd476b9bbabc00,heartbeat,-50
2026-09-20T14:49:13.823338+00:00,AP_02,dev_fda1e4d27c7ec351,heartbeat,-57
2026-09-20T14:49:13.823338+00:00,AP_02,dev_32123fce6801e287,heartbeat,-54
2026-09-20T14:49:14.823338+00:00,AP_01,dev_dac9735c15d23598,heartbeat,-49
2026-09-20T14:49:14.823338+00:00,AP_01,dev_adc0336ce46d9142,heartbeat,-47
2026-09-20T14:49:14.823338+00:00,AP_02,dev_95f1a30bee85ba16,heartbeat,-49
2026-09-20T14:49:15.823338+00:00,AP_03,dev_80d56b8303cd4403,heartbeat,-57
2026-09-20T14:49:16.823338+00:00,AP_01,dev_382017e48c0d09cb,heartbeat,-51
2026-09-20T14:49:16.823338+00:00,AP_01,dev_0feb402657ab950a,heartbeat,-47
2026-09-20T14:49:16.823338+00:00,AP_03,dev_172964ce995cefb5,heartbeat,-44
2026-09-20T14:49:17.823338+00:00,AP_01,dev_ef43c0dc8df3847e,heartbeat,-54
2026-09-20T14:49:17.823338+00:00,AP_02,dev_e275ee8bb2c9833c,heartbeat,-56
2026-09-20T14:49:17.823338+00:00,AP_02,dev_942144bd6b3fd842,heartbeat,-54
2026-09-20T14:49:19.823338+00:00,AP_01,dev_d5facb6e4cdd0f8d,heartbeat,-49
2026-09-20T14:49:22.823338+00:00,AP_01,dev_ac7b80880a1f3946,heartbeat,-53
2026-09-20T14:49:22.823338+00:00,AP_02,dev_02af9fa92d40a9af,heartbeat,-52
2026-09-20T14:49:22.823338+00:00,AP_02,dev_43e59eca12e9d77f,heartbeat,-53
2026-09-20T14:49:23.823338+00:00,AP_01,dev_78b7476e077c5c58,heartbeat,-47
2026-09-20T14:49:23.823338+00:00,AP_02,dev_cd0c870c9624e6f6,heartbeat,-44
2026-09-20T14:49:24.823338+00:00,AP_02,dev_1730e5aaa7a31ce6,heartbeat,-45
2026-09-20T14:49:25.823338+00:00,AP_02,dev_be01eb2e5060c2ba,heartbeat,-46
2026-09-20T14:49:27.823338+00:00,AP_01,dev_4d55811fcbb2d44b,heartbeat,-47
2026-09-20T14:49:27.823338+00:00,AP_01,dev_bee12d3e1f271e83,heartbeat,-55
2026-09-20T14:49:27.823338+00:00,AP_01,dev_3b33fcd2e1d3f788,heartbeat,-52
2026-09-20T14:49:27.823338+00:00,AP_02,dev_298b986404f77877,heartbeat,-50
2026-09-20T14:49:27.823338+00:00,AP_02,dev_9ac7e0c7eb7246b5,heartbeat,-49
2026-09-20T14:49:30.823338+00:00,AP_02,dev_b3417cd8c6c08f19,heartbeat,-44
2026-09-20T14:49:31.823338+00:00,AP_01,dev_761dbfebee20a1b6,heartbeat,-52
2026-09-20T14:49:31.823338+00:00,AP_02,dev_a9a77d30a2535eda,heartbeat,-45
2026-09-20T14:49:32.823338+00:00,AP_01,dev_e96f8bdb2ce51760,heartbeat,-57
2026-09-20T14:49:32.823338+00:00,AP_01,dev_ec7f305d29851a5a,heartbeat,-48
2026-09-20T14:49:32.823338+00:00,AP_02,dev_bfa351d9deb65b50,heartbeat,-54
2026-09-20T14:49:33.823338+00:00,AP_01,dev_0f3a5465c5be5029,heartbeat,-51
2026-09-20T14:49:33.823338+00:00,AP_02,dev_35eea70824060c98,heartbeat,-51
2026-09-20T14:49:35.823338+00:00,AP_02,dev_3712f235b4616c4a,heartbeat,-57
2026-09-20T14:49:35.823338+00:00,AP_02,dev_09e69aaa959cdd44,heartbeat,-54
2026-09-20T14:49:36.823338+00:00,AP_01,dev_0e322e127a303cdd,heartbeat,-52
2026-09-20T14:49:37.823338+00:00,AP_01,dev_de09aa0b03e5957e,heartbeat,-46
2026-09-20T14:49:37.823338+00:00,AP_02,dev_4463e93e128fb718,heartbeat,-46
2026-09-20T14:49:37.823338+00:00,AP_02,dev_c8621d86e105ae2c,heartbeat,-47
2026-09-20T14:49:37.823338+00:00,AP_02,dev_36251f494ec5e4c4,heartbeat,-48
2026-09-20T14:49:38.823338+00:00,AP_01,dev_26be14216d4fd7c4,heartbeat,-56
2026-09-20T14:49:38.823338+00:00,AP_02,dev_bb34b21593bc8929,heartbeat,-49
2026-09-20T14:49:41.823338+00:00,AP_01,dev_39ef6cebfea41e12,heartbeat,-50
2026-09-20T14:49:42.823338+00:00,AP_01,dev_46106d48bf350825,heartbeat,-55
2026-09-20T14:49:42.823338+00:00,AP_03,dev_80d56b8303cd4403,heartbeat,-53
2026-09-20T14:49:43.823338+00:00,AP_01,dev_dac9735c15d23598,heartbeat,-49
2026-09-20T14:49:43.823338+00:00,AP_01,dev_a42ce750a950b6ed,heartbeat,-52
2026-09-20T14:49:43.823338+00:00,AP_01,dev_0feb402657ab950a,heartbeat,-48
2026-09-20T14:49:44.823338+00:00,AP_01,dev_4ec6910610b8ee21,heartbeat,-54
2026-09-20T14:49:44.823338+00:00,AP_02,dev_47dd476b9bbabc00,heartbeat,-44
2026-09-20T14:49:44.823338+00:00,AP_02,dev_fda1e4d27c7ec351,heartbeat,-47
2026-09-20T14:49:45.823338+00:00,AP_03,dev_172964ce995cefb5,heartbeat,-45
2026-09-20T14:49:46.823338+00:00,AP_01,dev_ef43c0dc8df3847e,heartbeat,-43
2026-09-20T14:49:46.823338+00:00,AP_02,dev_e275ee8bb2c9833c,heartbeat,-53
2026-09-20T14:49:46.823338+00:00,AP_02,dev_95f1a30bee85ba16,heartbeat,-58
2026-09-20T14:49:46.823338+00:00,AP_02,dev_32123fce6801e287,heartbeat,-49
2026-09-20T14:49:47.823338+00:00,AP_01,dev_ba0ab9a640d8388b,connect,-54
2026-09-20T14:49:47.823338+00:00,AP_01,dev_382017e48c0d09cb,heartbeat,-49
2026-09-20T14:49:47.823338+00:00,AP_01,dev_adc0336ce46d9142,heartbeat,-48
2026-09-20T14:49:49.823338+00:00,AP_01,dev_d5facb6e4cdd0f8d,heartbeat,-52
2026-09-20T14:49:49.823338+00:00,AP_02,dev_942144bd6b3fd842,heartbeat,-49
2026-09-20T14:49:50.823338+00:00,AP_01,dev_ac7b80880a1f3946,heartbeat,-52
2026-09-20T14:49:51.823338+00:00,AP_02,dev_43e59eca12e9d77f,heartbeat,-45
2026-09-20T14:49:52.823338+00:00,AP_02,dev_02af9fa92d40a9af,heartbeat,-52
2026-09-20T14:49:53.823338+00:00,AP_02,dev_cd0c870c9624e6f6,heartbeat,-55
2026-09-20T14:49:53.823338+00:00,AP_02,dev_be01eb2e5060c2ba,heartbeat,-47
2026-09-20T14:49:54.823338+00:00,AP_01,dev_78b7476e077c5c58,heartbeat,-45
2026-09-20T14:49:57.823338+00:00,AP_01,dev_3b33fcd2e1d3f788,heartbeat,-48
2026-09-20T14:49:57.823338+00:00,AP_02,dev_1730e5aaa7a31ce6,heartbeat,-49
2026-09-20T14:49:57.823338+00:00,AP_02,dev_b3417cd8c6c08f19,heartbeat,-51
2026-09-20T14:49:58.823338+00:00,AP_01,dev_761dbfebee20a1b6,heartbeat,-52
2026-09-20T14:49:58.823338+00:00,AP_02,dev_9ac7e0c7eb7246b5,heartbeat,-46
2026-09-20T14:49:59.823338+00:00,AP_01,dev_e96f8bdb2ce51760,heartbeat,-50
2026-09-20T14:49:59.823338+00:00,AP_02,dev_298b986404f77877,heartbeat,-52
2026-09-20T14:50:00.823338+00:00,AP_01,dev_4d55811fcbb2d44b,heartbeat,-50
2026-09-20T14:50:00.823338+00:00,AP_01,dev_bee12d3e1f271e83,heartbeat,-48
2026-09-20T14:50:00.823338+00:00,AP_02,dev_a9a77d30a2535eda,heartbeat,-50
2026-09-20T14:50:01.823338+00:00,AP_01,dev_0f3a5465c5be5029,heartbeat,-50
2026-09-20T14:50:01.823338+00:00,AP_02,dev_bfa351d9deb65b50,heartbeat,-47
2026-09-20T14:50:02.823338+00:00,AP_01,dev_ec7f305d29851a5a,heartbeat,-51
2026-09-20T14:50:02.823338+00:00,AP_02,dev_35eea70824060c98,heartbeat,-52
2026-09-20T14:50:05.823338+00:00,AP_02,dev_c8621d86e105ae2c,heartbeat,-50
2026-09-20T14:50:05.823338+00:00,AP_02,dev_09e69aaa959cdd44,heartbeat,-52
2026-09-20T14:50:06.823338+00:00,AP_01,dev_0e322e127a303cdd,heartbeat,-53
2026-09-20T14:50:07.823338+00:00,AP_02,dev_4463e93e128fb718,heartbeat,-41
2026-09-20T14:50:08.823338+00:00,AP_02,dev_3712f235b4616c4a,heartbeat,-48
2026-09-20T14:50:08.823338+00:00,AP_02,dev_36251f494ec5e4c4,heartbeat,-44
2026-09-20T14:50:09.823338+00:00,AP_01,dev_26be14216d4fd7c4,heartbeat,-43
2026-09-20T14:50:09.823338+00:00,AP_01,dev_de09aa0b03e5957e,heartbeat,-41
2026-09-20T14:50:10.823338+00:00,AP_02,dev_bb34b21593bc8929,heartbeat,-45
2026-09-20T14:50:11.823338+00:00,AP_01,dev_39ef6cebfea41e12,heartbeat,-48
2026-09-20T14:50:11.823338+00:00,AP_02,dev_fda1e4d27c7ec351,heartbeat,-45
2026-09-20T14:50:12.823338+00:00,AP_03,dev_172964ce995cefb5,heartbeat,-48
2026-09-20T14:50:13.823338+00:00,AP_01,dev_4ec6910610b8ee21,heartbeat,-54
2026-09-20T14:50:13.823338+00:00,AP_02,dev_e275ee8bb2c9833c,heartbeat,-54
2026-09-20T14:50:13.823338+00:00,AP_02,dev_95f1a30bee85ba16,heartbeat,-51
2026-09-20T14:50:14.823338+00:00,AP_01,dev_ef43c0dc8df3847e,heartbeat,-49
2026-09-20T14:50:14.823338+00:00,AP_01,dev_a42ce750a950b6ed,heartbeat,-45
2026-09-20T14:50:15.823338+00:00,AP_01,dev_382017e48c0d09cb,heartbeat,-48
2026-09-20T14:50:15.823338+00:00,AP_01,dev_46106d48bf350825,heartbeat,-54
2026-09-20T14:50:15.823338+00:00,AP_01,dev_dac9735c15d23598,heartbeat,-49
2026-09-20T14:50:15.823338+00:00,AP_01,dev_adc0336ce46d9142,heartbeat,-46
2026-09-20T14:50:15.823338+00:00,AP_01,dev_0feb402657ab950a,heartbeat,-54
2026-09-20T14:50:15.823338+00:00,AP_03,dev_80d56b8303cd4403,heartbeat,-48
2026-09-20T14:50:16.823338+00:00,AP_02,dev_47dd476b9bbabc00,heartbeat,-50
2026-09-20T14:50:17.823338+00:00,AP_01,dev_ba0ab9a640d8388b,heartbeat,-42
2026-09-20T14:50:17.823338+00:00,AP_01,dev_ac7b80880a1f3946,heartbeat,-55
2026-09-20T14:50:18.823338+00:00,AP_02,dev_32123fce6801e287,heartbeat,-49
2026-09-20T14:50:20.823338+00:00,AP_02,dev_942144bd6b3fd842,heartbeat,-43
2026-09-20T14:50:21.823338+00:00,AP_02,dev_cd0c870c9624e6f6,heartbeat,-54
2026-09-20T14:50:21.823338+00:00,AP_02,dev_43e59eca12e9d77f,heartbeat,-42
2026-09-20T14:50:22.823338+00:00,AP_01,dev_d5facb6e4cdd0f8d,heartbeat,-52
2026-09-20T14:50:22.823338+00:00,AP_02,dev_02af9fa92d40a9af,heartbeat,-47
2026-09-20T14:50:23.823338+00:00,AP_02,dev_be01eb2e5060c2ba,heartbeat,-45
2026-09-20T14:50:25.823338+00:00,AP_01,dev_78b7476e077c5c58,heartbeat,-51
2026-09-20T14:50:25.823338+00:00,AP_02,dev_9ac7e0c7eb7246b5,heartbeat,-47
2026-09-20T14:50:26.823338+00:00,AP_01,dev_761dbfebee20a1b6,heartbeat,-50
2026-09-20T14:50:27.823338+00:00,AP_01,dev_4d55811fcbb2d44b,heartbeat,-46
2026-09-20T14:50:27.823338+00:00,AP_01,dev_e96f8bdb2ce51760,heartbeat,-54
2026-09-20T14:50:28.823338+00:00,AP_01,dev_bee12d3e1f271e83,heartbeat,-47
2026-09-20T14:50:28.823338+00:00,AP_02,dev_1730e5aaa7a31ce6,heartbeat,-49
2026-09-20T14:50:30.823338+00:00,AP_01,dev_3b33fcd2e1d3f788,heartbeat,-42
2026-09-20T14:50:30.823338+00:00,AP_02,dev_298b986404f77877,heartbeat,-44
2026-09-20T14:50:30.823338+00:00,AP_02,dev_b3417cd8c6c08f19,heartbeat,-48
2026-09-20T14:50:31.823338+00:00,AP_01,dev_ec7f305d29851a5a,heartbeat,-51
2026-09-20T14:50:31.823338+00:00,AP_02,dev_bfa351d9deb65b50,heartbeat,-55
2026-09-20T14:50:31.823338+00:00,AP_02,dev_35eea70824060c98,heartbeat,-50
2026-09-20T14:50:32.823338+00:00,AP_01,dev_0f3a5465c5be5029,heartbeat,-52
2026-09-20T14:50:33.823338+00:00,AP_02,dev_a9a77d30a2535eda,heartbeat,-47
2026-09-20T14:50:34.823338+00:00,AP_02,dev_09e69aaa959cdd44,heartbeat,-53
2026-09-20T14:50:35.823338+00:00,AP_02,dev_c8621d86e105ae2c,heartbeat,-45
2026-09-20T14:50:35.823338+00:00,AP_02,dev_36251f494ec5e4c4,heartbeat,-51
2026-09-20T14:50:36.823338+00:00,AP_01,dev_de09aa0b03e5957e,heartbeat,-46
2026-09-20T14:50:39.823338+00:00,AP_01,dev_0e322e127a303cdd,heartbeat,-56
2026-09-20T14:50:40.823338+00:00,AP_01,dev_39ef6cebfea41e12,heartbeat,-47
2026-09-20T14:50:40.823338+00:00,AP_02,dev_3712f235b4616c4a,heartbeat,-44
2026-09-20T14:50:40.823338+00:00,AP_02,dev_4463e93e128fb718,heartbeat,-49
2026-09-20T14:50:41.823338+00:00,AP_01,dev_26be14216d4fd7c4,heartbeat,-53
2026-09-20T14:50:41.823338+00:00,AP_02,dev_bb34b21593bc8929,heartbeat,-55
2026-09-20T14:50:42.823338+00:00,AP_03,dev_172964ce995cefb5,heartbeat,-51
2026-09-20T14:50:42.823338+00:00,AP_03,dev_80d56b8303cd4403,heartbeat,-46
2026-09-20T14:50:43.823338+00:00,AP_01,dev_4ec6910610b8ee21,heartbeat,-47
2026-09-20T14:50:43.823338+00:00,AP_02,dev_e275ee8bb2c9833c,heartbeat,-49
2026-09-20T14:50:44.823338+00:00,AP_01,dev_ac7b80880a1f3946,heartbeat,-50
2026-09-20T14:50:44.823338+00:00,AP_01,dev_0feb402657ab950a,heartbeat,-48
2026-09-20T14:50:44.823338+00:00,AP_02,dev_fda1e4d27c7ec351,heartbeat,-49
2026-09-20T14:50:45.823338+00:00,AP_01,dev_ef43c0dc8df3847e,heartbeat,-49
2026-09-20T14:50:45.823338+00:00,AP_02,dev_95f1a30bee85ba16,heartbeat,-44
2026-09-20T14:50:45.823338+00:00,AP_02,dev_32123fce6801e287,heartbeat,-52
2026-09-20T14:50:46.823338+00:00,AP_01,dev_adc0336ce46d9142,heartbeat,-54
2026-09-20T14:50:47.823338+00:00,AP_01,dev_ba0ab9a640d8388b,heartbeat,-44
2026-09-20T14:50:47.823338+00:00,AP_01,dev_578ac8cc2a8f72ce,connect,-76
2026-09-20T14:50:47.823338+00:00,AP_01,dev_570873d5e07620f7,connect,-44
2026-09-20T14:50:47.823338+00:00,AP_01,dev_46106d48bf350825,heartbeat,-53
2026-09-20T14:50:47.823338+00:00,AP_01,dev_dac9735c15d23598,heartbeat,-46
2026-09-20T14:50:47.823338+00:00,AP_01,dev_b00c9275f41b488e,connect,-49
2026-09-20T14:50:47.823338+00:00,AP_01,dev_a42ce750a950b6ed,heartbeat,-47
2026-09-20T14:50:47.823338+00:00,AP_02,dev_47dd476b9bbabc00,heartbeat,-53
2026-09-20T14:50:47.823338+00:00,AP_02,dev_fd835430174d2b7e,connect,-51
2026-09-20T14:50:47.823338+00:00,AP_02,dev_5cb49a89349d804a,connect,-45
2026-09-20T14:50:47.823338+00:00,AP_03,dev_14710bbb669656eb,connect,-47
2026-09-20T14:50:48.823338+00:00,AP_01,dev_382017e48c0d09cb,heartbeat,-48
2026-09-20T14:50:48.823338+00:00,AP_02,dev_cd0c870c9624e6f6,heartbeat,-48
2026-09-20T14:50:49.823338+00:00,AP_02,dev_02af9fa92d40a9af,heartbeat,-49
2026-09-20T14:50:50.823338+00:00,AP_01,dev_d5facb6e4cdd0f8d,heartbeat,-51
2026-09-20T14:50:50.823338+00:00,AP_02,dev_43e59eca12e9d77f,heartbeat,-48
2026-09-20T14:50:51.823338+00:00,AP_02,dev_be01eb2e5060c2ba,heartbeat,-48
2026-09-20T14:50:53.823338+00:00,AP_02,dev_942144bd6b3fd842,heartbeat,-49
2026-09-20T14:50:55.823338+00:00,AP_01,dev_4d55811fcbb2d44b,heartbeat,-44
2026-09-20T14:50:55.823338+00:00,AP_02,dev_9ac7e0c7eb7246b5,heartbeat,-51
2026-09-20T14:50:56.823338+00:00,AP_01,dev_761dbfebee20a1b6,heartbeat,-46
2026-09-20T14:50:57.823338+00:00,AP_02,dev_b3417cd8c6c08f19,heartbeat,-52
2026-09-20T14:50:58.823338+00:00,AP_01,dev_e96f8bdb2ce51760,heartbeat,-57
2026-09-20T14:50:58.823338+00:00,AP_01,dev_bee12d3e1f271e83,heartbeat,-45
2026-09-20T14:50:58.823338+00:00,AP_01,dev_78b7476e077c5c58,heartbeat,-46
2026-09-20T14:50:59.823338+00:00,AP_02,dev_1730e5aaa7a31ce6,heartbeat,-50
2026-09-20T14:51:00.823338+00:00,AP_01,dev_578ac8cc2a8f72ce,disconnect,-79
2026-09-20T14:51:02.823338+00:00,AP_01,dev_3b33fcd2e1d3f788,heartbeat,-49
2026-09-20T14:51:02.823338+00:00,AP_02,dev_c8621d86e105ae2c,heartbeat,-48
2026-09-20T14:51:02.823338+00:00,AP_02,dev_09e69aaa959cdd44,heartbeat,-51
2026-09-20T14:51:03.823338+00:00,AP_02,dev_bfa351d9deb65b50,heartbeat,-48
2026-09-20T14:51:03.823338+00:00,AP_02,dev_298b986404f77877,heartbeat,-49
2026-09-20T14:51:03.823338+00:00,AP_02,dev_35eea70824060c98,heartbeat,-51
2026-09-20T14:51:04.823338+00:00,AP_01,dev_0f3a5465c5be5029,heartbeat,-46
2026-09-20T14:51:04.823338+00:00,AP_01,dev_ec7f305d29851a5a,heartbeat,-48
2026-09-20T14:51:06.823338+00:00,AP_02,dev_a9a77d30a2535eda,heartbeat,-55
2026-09-20T14:51:07.823338+00:00,AP_02,dev_36251f494ec5e4c4,heartbeat,-55
2026-09-20T14:51:09.823338+00:00,AP_01,dev_de09aa0b03e5957e,heartbeat,-50
2026-09-20T14:51:10.823338+00:00,AP_02,dev_4463e93e128fb718,heartbeat,-52
2026-09-20T14:51:11.823338+00:00,AP_01,dev_26be14216d4fd7c4,heartbeat,-47
2026-09-20T14:51:11.823338+00:00,AP_02,dev_3712f235b4616c4a,heartbeat,-52
2026-09-20T14:51:11.823338+00:00,AP_02,dev_bb34b21593bc8929,heartbeat,-51
2026-09-20T14:51:12.823338+00:00,AP_01,dev_0e322e127a303cdd,heartbeat,-48
2026-09-20T14:51:12.823338+00:00,AP_01,dev_ac7b80880a1f3946,heartbeat,-49
2026-09-20T14:51:12.823338+00:00,AP_01,dev_4ec6910610b8ee21,heartbeat,-47
2026-09-20T14:51:12.823338+00:00,AP_02,dev_32123fce6801e287,heartbeat,-47
2026-09-20T14:51:12.823338+00:00,AP_03,dev_172964ce995cefb5,heartbeat,-48
2026-09-20T14:51:13.823338+00:00,AP_01,dev_39ef6cebfea41e12,heartbeat,-51
2026-09-20T14:51:13.823338+00:00,AP_01,dev_adc0336ce46d9142,heartbeat,-50
2026-09-20T14:51:13.823338+00:00,AP_02,dev_fda1e4d27c7ec351,heartbeat,-51
2026-09-20T14:51:14.823338+00:00,AP_01,dev_ef43c0dc8df3847e,heartbeat,-44
2026-09-20T14:51:14.823338+00:00,AP_01,dev_46106d48bf350825,heartbeat,-50
2026-09-20T14:51:14.823338+00:00,AP_01,dev_dac9735c15d23598,heartbeat,-52
2026-09-20T14:51:14.823338+00:00,AP_02,dev_e275ee8bb2c9833c,heartbeat,-57
2026-09-20T14:51:14.823338+00:00,AP_02,dev_95f1a30bee85ba16,heartbeat,-53
2026-09-20T14:51:15.823338+00:00,AP_01,dev_a42ce750a950b6ed,heartbeat,-56
2026-09-20T14:51:15.823338+00:00,AP_02,dev_47dd476b9bbabc00,heartbeat,-43
2026-09-20T14:51:15.823338+00:00,AP_03,dev_80d56b8303cd4403,heartbeat,-56
2026-09-20T14:51:16.823338+00:00,AP_01,dev_ba0ab9a640d8388b,heartbeat,-55
2026-09-20T14:51:16.823338+00:00,AP_02,dev_cd0c870c9624e6f6,heartbeat,-47
2026-09-20T14:51:17.823338+00:00,AP_01,dev_570873d5e07620f7,heartbeat,-47
2026-09-20T14:51:17.823338+00:00,AP_01,dev_b00c9275f41b488e,heartbeat,-54
2026-09-20T14:51:17.823338+00:00,AP_01,dev_d5facb6e4cdd0f8d,heartbeat,-43
2026-09-20T14:51:17.823338+00:00,AP_01,dev_0feb402657ab950a,heartbeat,-46
2026-09-20T14:51:17.823338+00:00,AP_02,dev_fd835430174d2b7e,heartbeat,-54
2026-09-20T14:51:17.823338+00:00,AP_02,dev_5cb49a89349d804a,heartbeat,-49
2026-09-20T14:51:17.823338+00:00,AP_03,dev_14710bbb669656eb,heartbeat,-54
2026-09-20T14:51:18.823338+00:00,AP_02,dev_be01eb2e5060c2ba,heartbeat,-50
2026-09-20T14:51:19.823338+00:00,AP_02,dev_43e59eca12e9d77f,heartbeat,-54
2026-09-20T14:51:20.823338+00:00,AP_01,dev_382017e48c0d09cb,heartbeat,-49
2026-09-20T14:51:20.823338+00:00,AP_02,dev_02af9fa92d40a9af,heartbeat,-52
2026-09-20T14:51:24.823338+00:00,AP_02,dev_942144bd6b3fd842,heartbeat,-51
2026-09-20T14:51:25.823338+00:00,AP_02,dev_9ac7e0c7eb7246b5,heartbeat,-47
2026-09-20T14:51:26.823338+00:00,AP_01,dev_bee12d3e1f271e83,heartbeat,-48
2026-09-20T14:51:26.823338+00:00,AP_02,dev_1730e5aaa7a31ce6,heartbeat,-53
2026-09-20T14:51:27.823338+00:00,AP_01,dev_4d55811fcbb2d44b,heartbeat,-46
2026-09-20T14:51:27.823338+00:00,AP_01,dev_78b7476e077c5c58,heartbeat,-50
2026-09-20T14:51:28.823338+00:00,AP_01,dev_e96f8bdb2ce51760,heartbeat,-45
2026-09-20T14:51:29.823338+00:00,AP_01,dev_761dbfebee20a1b6,heartbeat,-50
2026-09-20T14:51:30.823338+00:00,AP_01,dev_3b33fcd2e1d3f788,heartbeat,-48
2026-09-20T14:51:30.823338+00:00,AP_02,dev_b3417cd8c6c08f19,heartbeat,-54
2026-09-20T14:51:31.823338+00:00,AP_01,dev_0f3a5465c5be5029,heartbeat,-50
2026-09-20T14:51:32.823338+00:00,AP_02,dev_bfa351d9deb65b50,heartbeat,-49
2026-09-20T14:51:32.823338+00:00,AP_02,dev_09e69aaa959cdd44,heartbeat,-51
2026-09-20T14:51:33.823338+00:00,AP_02,dev_c8621d86e105ae2c,heartbeat,-51
2026-09-20T14:51:34.823338+00:00,AP_02,dev_35eea70824060c98,heartbeat,-54
2026-09-20T14:51:35.823338+00:00,AP_01,dev_ec7f305d29851a5a,heartbeat,-45
2026-09-20T14:51:36.823338+00:00,AP_01,dev_de09aa0b03e5957e,heartbeat,-47
2026-09-20T14:51:36.823338+00:00,AP_02,dev_298b986404f77877,heartbeat,-53
2026-09-20T14:51:38.823338+00:00,AP_02,dev_a9a77d30a2535eda,heartbeat,-51
2026-09-20T14:51:39.823338+00:00,AP_01,dev_26be14216d4fd7c4,heartbeat,-46
2026-09-20T14:51:39.823338+00:00,AP_02,dev_3712f235b4616c4a,heartbeat,-51
2026-09-20T14:51:39.823338+00:00,AP_02,dev_4463e93e128fb718,heartbeat,-55
2026-09-20T14:51:39.823338+00:00,AP_02,dev_32123fce6801e287,heartbeat,-49
2026-09-20T14:51:40.823338+00:00,AP_01,dev_4ec6910610b8ee21,heartbeat,-47
2026-09-20T14:51:40.823338+00:00,AP_02,dev_36251f494ec5e4c4,heartbeat,-48
2026-09-20T14:51:41.823338+00:00,AP_01,dev_adc0336ce46d9142,heartbeat,-47
2026-09-20T14:51:41.823338+00:00,AP_02,dev_e275ee8bb2c9833c,heartbeat,-55
2026-09-20T14:51:41.823338+00:00,AP_02,dev_bb34b21593bc8929,heartbeat,-52
2026-09-20T14:51:42.823338+00:00,AP_01,dev_0e322e127a303cdd,heartbeat,-48
2026-09-20T14:51:42.823338+00:00,AP_01,dev_ac7b80880a1f3946,heartbeat,-53
2026-09-20T14:51:42.823338+00:00,AP_01,dev_46106d48bf350825,heartbeat,-49
2026-09-20T14:51:42.823338+00:00,AP_01,dev_dac9735c15d23598,heartbeat,-50
2026-09-20T14:51:43.823338+00:00,AP_01,dev_ef43c0dc8df3847e,heartbeat,-53
2026-09-20T14:51:43.823338+00:00,AP_01,dev_a42ce750a950b6ed,heartbeat,-46
2026-09-20T14:51:43.823338+00:00,AP_03,dev_172964ce995cefb5,heartbeat,-52
2026-09-20T14:51:44.823338+00:00,AP_02,dev_cd0c870c9624e6f6,heartbeat,-46
2026-09-20T14:51:44.823338+00:00,AP_02,dev_95f1a30bee85ba16,heartbeat,-51
2026-09-20T14:51:45.823338+00:00,AP_01,dev_ba0ab9a640d8388b,heartbeat,-53
2026-09-20T14:51:45.823338+00:00,AP_01,dev_570873d5e07620f7,heartbeat,-50
2026-09-20T14:51:45.823338+00:00,AP_02,dev_fda1e4d27c7ec351,heartbeat,-50
2026-09-20T14:51:45.823338+00:00,AP_02,dev_fd835430174d2b7e,heartbeat,-54
2026-09-20T14:51:45.823338+00:00,AP_02,dev_5cb49a89349d804a,heartbeat,-53
2026-09-20T14:51:46.823338+00:00,AP_01,dev_39ef6cebfea41e12,heartbeat,-40
2026-09-20T14:51:46.823338+00:00,AP_03,dev_14710bbb669656eb,heartbeat,-50
2026-09-20T14:51:46.823338+00:00,AP_03,dev_80d56b8303cd4403,heartbeat,-47
2026-09-20T14:51:47.823338+00:00,AP_01,dev_382017e48c0d09cb,heartbeat,-53
2026-09-20T14:51:47.823338+00:00,AP_02,dev_47dd476b9bbabc00,heartbeat,-53
2026-09-20T14:51:49.823338+00:00,AP_01,dev_d5facb6e4cdd0f8d,heartbeat,-47
2026-09-20T14:51:49.823338+00:00,AP_01,dev_0feb402657ab950a,heartbeat,-50
2026-09-20T14:51:50.823338+00:00,AP_01,dev_b00c9275f41b488e,heartbeat,-49
2026-09-20T14:51:51.823338+00:00,AP_02,dev_be01eb2e5060c2ba,heartbeat,-53
2026-09-20T14:51:52.823338+00:00,AP_02,dev_02af9fa92d40a9af,heartbeat,-51
2026-09-20T14:51:52.823338+00:00,AP_02,dev_9ac7e0c7eb7246b5,heartbeat,-51
2026-09-20T14:51:52.823338+00:00,AP_02,dev_43e59eca12e9d77f,heartbeat,-47
2026-09-20T14:51:55.823338+00:00,AP_01,dev_4d55811fcbb2d44b,heartbeat,-49
2026-09-20T14:51:56.823338+00:00,AP_01,dev_e96f8bdb2ce51760,heartbeat,-54
2026-09-20T14:51:57.823338+00:00,AP_02,dev_b3417cd8c6c08f19,heartbeat,-44
2026-09-20T14:51:57.823338+00:00,AP_02,dev_942144bd6b3fd842,heartbeat,-45
2026-09-20T14:51:58.823338+00:00,AP_01,dev_bee12d3e1f271e83,heartbeat,-52
2026-09-20T14:51:58.823338+00:00,AP_01,dev_78b7476e077c5c58,heartbeat,-49
2026-09-20T14:51:59.823338+00:00,AP_01,dev_761dbfebee20a1b6,heartbeat,-47
2026-09-20T14:51:59.823338+00:00,AP_01,dev_0f3a5465c5be5029,heartbeat,-49
2026-09-20T14:51:59.823338+00:00,AP_02,dev_1730e5aaa7a31ce6,heartbeat,-44
2026-09-20T14:51:59.823338+00:00,AP_02,dev_09e69aaa959cdd44,heartbeat,-54
2026-09-20T14:52:00.823338+00:00,AP_01,dev_3b33fcd2e1d3f788,heartbeat,-53
2026-09-20T14:52:02.823338+00:00,AP_02,dev_bfa351d9deb65b50,heartbeat,-57
2026-09-20T14:52:03.823338+00:00,AP_02,dev_298b986404f77877,heartbeat,-54
2026-09-20T14:52:06.823338+00:00,AP_02,dev_c8621d86e105ae2c,heartbeat,-46
2026-09-20T14:52:06.823338+00:00,AP_02,dev_35eea70824060c98,heartbeat,-50
2026-09-20T14:52:07.823338+00:00,AP_01,dev_de09aa0b03e5957e,heartbeat,-49
2026-09-20T14:52:07.823338+00:00,AP_01,dev_ec7f305d29851a5a,heartbeat,-46
2026-09-20T14:52:08.823338+00:00,AP_01,dev_26be14216d4fd7c4,heartbeat,-47
2026-09-20T14:52:08.823338+00:00,AP_02,dev_32123fce6801e287,heartbeat,-52
2026-09-20T14:52:09.823338+00:00,AP_02,dev_36251f494ec5e4c4,heartbeat,-49
2026-09-20T14:52:09.823338+00:00,AP_02,dev_a9a77d30a2535eda,heartbeat,-51
2026-09-20T14:52:10.823338+00:00,AP_01,dev_ef43c0dc8df3847e,heartbeat,-43
2026-09-20T14:52:10.823338+00:00,AP_01,dev_0e322e127a303cdd,heartbeat,-51
2026-09-20T14:52:10.823338+00:00,AP_01,dev_ac7b80880a1f3946,heartbeat,-41
2026-09-20T14:52:10.823338+00:00,AP_01,dev_a42ce750a950b6ed,heartbeat,-51
2026-09-20T14:52:10.823338+00:00,AP_02,dev_3712f235b4616c4a,heartbeat,-46
2026-09-20T14:52:10.823338+00:00,AP_02,dev_4463e93e128fb718,heartbeat,-52
2026-09-20T14:52:11.823338+00:00,AP_01,dev_46106d48bf350825,heartbeat,-48
2026-09-20T14:52:12.823338+00:00,AP_01,dev_4ec6910610b8ee21,heartbeat,-44
2026-09-20T14:52:12.823338+00:00,AP_01,dev_dac9735c15d23598,heartbeat,-49
2026-09-20T14:52:12.823338+00:00,AP_01,dev_adc0336ce46d9142,heartbeat,-53
2026-09-20T14:52:12.823338+00:00,AP_02,dev_cd0c870c9624e6f6,heartbeat,-48
2026-09-20T14:52:12.823338+00:00,AP_02,dev_fda1e4d27c7ec351,heartbeat,-47
2026-09-20T14:52:12.823338+00:00,AP_02,dev_95f1a30bee85ba16,heartbeat,-49
2026-09-20T14:52:13.823338+00:00,AP_02,dev_e275ee8bb2c9833c,heartbeat,-50
2026-09-20T14:52:13.823338+00:00,AP_02,dev_bb34b21593bc8929,heartbeat,-51
2026-09-20T14:52:14.823338+00:00,AP_02,dev_fd835430174d2b7e,heartbeat,-52
2026-09-20T14:52:14.823338+00:00,AP_02,dev_5cb49a89349d804a,heartbeat,-48
2026-09-20T14:52:15.823338+00:00,AP_02,dev_47dd476b9bbabc00,heartbeat,-51
2026-09-20T14:52:15.823338+00:00,AP_03,dev_172964ce995cefb5,heartbeat,-50
2026-09-20T14:52:16.823338+00:00,AP_01,dev_39ef6cebfea41e12,heartbeat,-47
2026-09-20T14:52:16.823338+00:00,AP_03,dev_80d56b8303cd4403,heartbeat,-56
2026-09-20T14:52:17.823338+00:00,AP_01,dev_570873d5e07620f7,heartbeat,-54
2026-09-20T14:52:18.823338+00:00,AP_01,dev_ba0ab9a640d8388b,heartbeat,-49
2026-09-20T14:52:18.823338+00:00,AP_01,dev_b00c9275f41b488e,heartbeat,-49
2026-09-20T14:52:19.823338+00:00,AP_01,dev_382017e48c0d09cb,heartbeat,-49
2026-09-20T14:52:19.823338+00:00,AP_01,dev_0feb402657ab950a,heartbeat,-53
2026-09-20T14:52:19.823338+00:00,AP_03,dev_14710bbb669656eb,heartbeat,-48
2026-09-20T14:52:20.823338+00:00,AP_01,dev_d5facb6e4cdd0f8d,heartbeat,-47
2026-09-20T14:52:22.823338+00:00,AP_01,dev_4d55811fcbb2d44b,heartbeat,-45
2026-09-20T14:52:23.823338+00:00,AP_02,dev_be01eb2e5060c2ba,heartbeat,-52
2026-09-20T14:52:24.823338+00:00,AP_02,dev_02af9fa92d40a9af,heartbeat,-46
2026-09-20T14:52:24.823338+00:00,AP_02,dev_9ac7e0c7eb7246b5,heartbeat,-43
2026-09-20T14:52:24.823338+00:00,AP_02,dev_43e59eca12e9d77f,heartbeat,-51
2026-09-20T14:52:26.823338+00:00,AP_01,dev_761dbfebee20a1b6,heartbeat,-50
2026-09-20T14:52:27.823338+00:00,AP_01,dev_e96f8bdb2ce51760,heartbeat,-52
2026-09-20T14:52:27.823338+00:00,AP_01,dev_3b33fcd2e1d3f788,heartbeat,-40
2026-09-20T14:52:27.823338+00:00,AP_02,dev_1730e5aaa7a31ce6,heartbeat,-46
2026-09-20T14:52:28.823338+00:00,AP_01,dev_bee12d3e1f271e83,heartbeat,-47
2026-09-20T14:52:28.823338+00:00,AP_01,dev_78b7476e077c5c58,heartbeat,-51
2026-09-20T14:52:28.823338+00:00,AP_02,dev_09e69aaa959cdd44,heartbeat,-57
2026-09-20T14:52:29.823338+00:00,AP_02,dev_b3417cd8c6c08f19,heartbeat,-55
2026-09-20T14:52:29.823338+00:00,AP_02,dev_942144bd6b3fd842,heartbeat,-44
2026-09-20T14:52:30.823338+00:00,AP_02,dev_298b986404f77877,heartbeat,-48
2026-09-20T14:52:31.823338+00:00,AP_02,dev_bfa351d9deb65b50,heartbeat,-49
2026-09-20T14:52:32.823338+00:00,AP_01,dev_0f3a5465c5be5029,heartbeat,-48
2026-09-20T14:52:35.823338+00:00,AP_01,dev_de09aa0b03e5957e,heartbeat,-44
2026-09-20T14:52:36.823338+00:00,AP_01,dev_ec7f305d29851a5a,heartbeat,-52
2026-09-20T14:52:36.823338+00:00,AP_02,dev_35eea70824060c98,heartbeat,-51
2026-09-20T14:52:36.823338+00:00,AP_02,dev_32123fce6801e287,heartbeat,-51
2026-09-20T14:52:37.823338+00:00,AP_01,dev_ac7b80880a1f3946,heartbeat,-54
2026-09-20T14:52:37.823338+00:00,AP_01,dev_a42ce750a950b6ed,heartbeat,-46
2026-09-20T14:52:37.823338+00:00,AP_02,dev_3712f235b4616c4a,heartbeat,-51
2026-09-20T14:52:37.823338+00:00,AP_02,dev_a9a77d30a2535eda,heartbeat,-52
2026-09-20T14:52:39.823338+00:00,AP_01,dev_ef43c0dc8df3847e,heartbeat,-54
2026-09-20T14:52:39.823338+00:00,AP_01,dev_adc0336ce46d9142,heartbeat,-54
2026-09-20T14:52:39.823338+00:00,AP_02,dev_c8621d86e105ae2c,heartbeat,-48
2026-09-20T14:52:39.823338+00:00,AP_02,dev_36251f494ec5e4c4,heartbeat,-48
2026-09-20T14:52:40.823338+00:00,AP_01,dev_26be14216d4fd7c4,heartbeat,-49
2026-09-20T14:52:40.823338+00:00,AP_02,dev_95f1a30bee85ba16,heartbeat,-45
2026-09-20T14:52:40.823338+00:00,AP_02,dev_bb34b21593bc8929,heartbeat,-46
2026-09-20T14:52:41.823338+00:00,AP_01,dev_4ec6910610b8ee21,heartbeat,-52
2026-09-20T14:52:42.823338+00:00,AP_01,dev_0e322e127a303cdd,heartbeat,-48
2026-09-20T14:52:42.823338+00:00,AP_02,dev_47dd476b9bbabc00,heartbeat,-48
2026-09-20T14:52:42.823338+00:00,AP_02,dev_e275ee8bb2c9833c,heartbeat,-54
2026-09-20T14:52:42.823338+00:00,AP_02,dev_4463e93e128fb718,heartbeat,-51
2026-09-20T14:52:42.823338+00:00,AP_02,dev_5cb49a89349d804a,heartbeat,-45
2026-09-20T14:52:43.823338+00:00,AP_02,dev_cd0c870c9624e6f6,heartbeat,-48
2026-09-20T14:52:43.823338+00:00,AP_02,dev_fd835430174d2b7e,heartbeat,-50
2026-09-20T14:52:44.823338+00:00,AP_01,dev_46106d48bf350825,heartbeat,-51
2026-09-20T14:52:44.823338+00:00,AP_01,dev_dac9735c15d23598,heartbeat,-49
2026-09-20T14:52:44.823338+00:00,AP_02,dev_fda1e4d27c7ec351,heartbeat,-50
2026-09-20T14:52:45.823338+00:00,AP_01,dev_570873d5e07620f7,heartbeat,-47
2026-09-20T14:52:45.823338+00:00,AP_03,dev_80d56b8303cd4403,heartbeat,-53
2026-09-20T14:52:46.823338+00:00,AP_01,dev_39ef6cebfea41e12,heartbeat,-57
2026-09-20T14:52:47.823338+00:00,AP_01,dev_b00c9275f41b488e,heartbeat,-47
2026-09-20T14:52:47.823338+00:00,AP_01,dev_0feb402657ab950a,heartbeat,-49
2026-09-20T14:52:48.823338+00:00,AP_03,dev_172964ce995cefb5,heartbeat,-47
2026-09-20T14:52:48.823338+00:00,AP_03,dev_14710bbb669656eb,heartbeat,-53
2026-09-20T14:52:49.823338+00:00,AP_01,dev_d5facb6e4cdd0f8d,heartbeat,-53
2026-09-20T14:52:51.823338+00:00,AP_01,dev_ba0ab9a640d8388b,heartbeat,-44
2026-09-20T14:52:52.823338+00:00,AP_01,dev_382017e48c0d09cb,heartbeat,-53
2026-09-20T14:52:53.823338+00:00,AP_02,dev_02af9fa92d40a9af,heartbeat,-59
2026-09-20T14:52:53.823338+00:00,AP_02,dev_9ac7e0c7eb7246b5,heartbeat,-55
2026-09-20T14:52:54.823338+00:00,AP_01,dev_4d55811fcbb2d44b,heartbeat,-52
2026-09-20T14:52:54.823338+00:00,AP_01,dev_3b33fcd2e1d3f788,heartbeat,-50
2026-09-20T14:52:54.823338+00:00,AP_01,dev_761dbfebee20a1b6,heartbeat,-45
2026-09-20T14:52:54.823338+00:00,AP_02,dev_be01eb2e5060c2ba,heartbeat,-49
2026-09-20T14:52:55.823338+00:00,AP_02,dev_1730e5aaa7a31ce6,heartbeat,-45
2026-09-20T14:52:56.823338+00:00,AP_01,dev_78b7476e077c5c58,heartbeat,-53
2026-09-20T14:52:56.823338+00:00,AP_02,dev_43e59eca12e9d77f,heartbeat,-52
2026-09-20T14:52:57.823338+00:00,AP_01,dev_bee12d3e1f271e83,heartbeat,-45
2026-09-20T14:52:57.823338+00:00,AP_02,dev_298b986404f77877,heartbeat,-51
2026-09-20T14:52:57.823338+00:00,AP_02,dev_09e69aaa959cdd44,heartbeat,-52
2026-09-20T14:52:59.823338+00:00,AP_01,dev_e96f8bdb2ce51760,heartbeat,-50
2026-09-20T14:52:59.823338+00:00,AP_02,dev_b3417cd8c6c08f19,heartbeat,-47
2026-09-20T14:53:01.823338+00:00,AP_01,dev_0f3a5465c5be5029,heartbeat,-51
2026-09-20T14:53:01.823338+00:00,AP_02,dev_942144bd6b3fd842,heartbeat,-47
2026-09-20T14:53:02.823338+00:00,AP_02,dev_bfa351d9deb65b50,heartbeat,-52
2026-09-20T14:53:03.823338+00:00,AP_02,dev_35eea70824060c98,heartbeat,-51
2026-09-20T14:53:04.823338+00:00,AP_02,dev_a9a77d30a2535eda,heartbeat,-48
2026-09-20T14:53:05.823338+00:00,AP_01,dev_a42ce750a950b6ed,heartbeat,-55
2026-09-20T14:53:06.823338+00:00,AP_01,dev_ec7f305d29851a5a,heartbeat,-51
2026-09-20T14:53:06.823338+00:00,AP_02,dev_c8621d86e105ae2c,heartbeat,-51
2026-09-20T14:53:07.823338+00:00,AP_01,dev_26be14216d4fd7c4,heartbeat,-52
2026-09-20T14:53:07.823338+00:00,AP_01,dev_adc0336ce46d9142,heartbeat,-50
2026-09-20T14:53:07.823338+00:00,AP_02,dev_32123fce6801e287,heartbeat,-50
2026-09-20T14:53:08.823338+00:00,AP_01,dev_ac7b80880a1f3946,heartbeat,-52
2026-09-20T14:53:08.823338+00:00,AP_01,dev_de09aa0b03e5957e,heartbeat,-56
2026-09-20T14:53:09.823338+00:00,AP_01,dev_4ec6910610b8ee21,heartbeat,-51
2026-09-20T14:53:09.823338+00:00,AP_02,dev_36251f494ec5e4c4,heartbeat,-55
2026-09-20T14:53:10.823338+00:00,AP_01,dev_ef43c0dc8df3847e,heartbeat,-47
2026-09-20T14:53:10.823338+00:00,AP_02,dev_3712f235b4616c4a,heartbeat,-50
2026-09-20T14:53:11.823338+00:00,AP_02,dev_cd0c870c9624e6f6,heartbeat,-58
2026-09-20T14:53:11.823338+00:00,AP_02,dev_fda1e4d27c7ec351,heartbeat,-47
2026-09-20T14:53:11.823338+00:00,AP_02,dev_bb34b21593bc8929,heartbeat,-47
2026-09-20T14:53:12.823338+00:00,AP_01,dev_570873d5e07620f7,heartbeat,-46
2026-09-20T14:53:12.823338+00:00,AP_01,dev_0e322e127a303cdd,heartbeat,-54
2026-09-20T14:53:12.823338+00:00,AP_02,dev_4463e93e128fb718,heartbeat,-45
2026-09-20T14:53:13.823338+00:00,AP_02,dev_47dd476b9bbabc00,heartbeat,-54
2026-09-20T14:53:13.823338+00:00,AP_02,dev_e275ee8bb2c9833c,heartbeat,-42
2026-09-20T14:53:13.823338+00:00,AP_02,dev_95f1a30bee85ba16,heartbeat,-44
2026-09-20T14:53:14.823338+00:00,AP_01,dev_0feb402657ab950a,heartbeat,-50
2026-09-20T14:53:14.823338+00:00,AP_03,dev_80d56b8303cd4403,heartbeat,-49
2026-09-20T14:53:15.823338+00:00,AP_01,dev_39ef6cebfea41e12,heartbeat,-49
2026-09-20T14:53:15.823338+00:00,AP_01,dev_46106d48bf350825,heartbeat,-49
2026-09-20T14:53:15.823338+00:00,AP_01,dev_dac9735c15d23598,heartbeat,-45
2026-09-20T14:53:15.823338+00:00,AP_02,dev_5cb49a89349d804a,heartbeat,-57
2026-09-20T14:53:15.823338+00:00,AP_03,dev_172964ce995cefb5,heartbeat,-51
2026-09-20T14:53:16.823338+00:00,AP_02,dev_fd835430174d2b7e,heartbeat,-56
2026-09-20T14:53:18.823338+00:00,AP_01,dev_b00c9275f41b488e,heartbeat,-44
2026-09-20T14:53:19.823338+00:00,AP_01,dev_ba0ab9a640d8388b,heartbeat,-54
2026-09-20T14:53:19.823338+00:00,AP_01,dev_382017e48c0d09cb,heartbeat,-43
2026-09-20T14:53:20.823338+00:00,AP_01,dev_d5facb6e4cdd0f8d,heartbeat,-48
2026-09-20T14:53:20.823338+00:00,AP_02,dev_9ac7e0c7eb7246b5,heartbeat,-48
2026-09-20T14:53:20.823338+00:00,AP_03,dev_14710bbb669656eb,heartbeat,-50
2026-09-20T14:53:23.823338+00:00,AP_01,dev_4d55811fcbb2d44b,heartbeat,-49
2026-09-20T14:53:23.823338+00:00,AP_02,dev_02af9fa92d40a9af,heartbeat,-52
2026-09-20T14:53:24.823338+00:00,AP_01,dev_3b33fcd2e1d3f788,heartbeat,-51
2026-09-20T14:53:25.823338+00:00,AP_01,dev_761dbfebee20a1b6,heartbeat,-52
2026-09-20T14:53:25.823338+00:00,AP_02,dev_be01eb2e5060c2ba,heartbeat,-45
2026-09-20T14:53:26.823338+00:00,AP_02,dev_298b986404f77877,heartbeat,-54
2026-09-20T14:53:27.823338+00:00,AP_01,dev_bee12d3e1f271e83,heartbeat,-51
2026-09-20T14:53:27.823338+00:00,AP_02,dev_1730e5aaa7a31ce6,heartbeat,-46
2026-09-20T14:53:27.823338+00:00,AP_02,dev_43e59eca12e9d77f,heartbeat,-52
2026-09-20T14:53:28.823338+00:00,AP_01,dev_e96f8bdb2ce51760,heartbeat,-51
2026-09-20T14:53:29.823338+00:00,AP_01,dev_78b7476e077c5c58,heartbeat,-53
2026-09-20T14:53:30.823338+00:00,AP_02,dev_09e69aaa959cdd44,heartbeat,-50
2026-09-20T14:53:31.823338+00:00,AP_02,dev_bfa351d9deb65b50,heartbeat,-48
2026-09-20T14:53:31.823338+00:00,AP_02,dev_b3417cd8c6c08f19,heartbeat,-45
2026-09-20T14:53:32.823338+00:00,AP_01,dev_a42ce750a950b6ed,heartbeat,-48
2026-09-20T14:53:33.823338+00:00,AP_01,dev_0f3a5465c5be5029,heartbeat,-47
2026-09-20T14:53:33.823338+00:00,AP_02,dev_a9a77d30a2535eda,heartbeat,-51
2026-09-20T14:53:33.823338+00:00,AP_02,dev_942144bd6b3fd842,heartbeat,-54
2026-09-20T14:53:33.823338+00:00,AP_02,dev_35eea70824060c98,heartbeat,-48
2026-09-20T14:53:36.823338+00:00,AP_01,dev_ec7f305d29851a5a,heartbeat,-46
2026-09-20T14:53:37.823338+00:00,AP_01,dev_26be14216d4fd7c4,heartbeat,-54
2026-09-20T14:53:38.823338+00:00,AP_01,dev_ac7b80880a1f3946,heartbeat,-51
2026-09-20T14:53:38.823338+00:00,AP_02,dev_3712f235b4616c4a,heartbeat,-48
2026-09-20T14:53:38.823338+00:00,AP_02,dev_c8621d86e105ae2c,heartbeat,-50
2026-09-20T14:53:39.823338+00:00,AP_02,dev_32123fce6801e287,heartbeat,-44
2026-09-20T14:53:40.823338+00:00,AP_01,dev_ef43c0dc8df3847e,heartbeat,-50
2026-09-20T14:53:40.823338+00:00,AP_01,dev_adc0336ce46d9142,heartbeat,-43
2026-09-20T14:53:40.823338+00:00,AP_02,dev_4463e93e128fb718,heartbeat,-52
2026-09-20T14:53:40.823338+00:00,AP_02,dev_cd0c870c9624e6f6,heartbeat,-47
2026-09-20T14:53:40.823338+00:00,AP_02,dev_fda1e4d27c7ec351,heartbeat,-48
2026-09-20T14:53:41.823338+00:00,AP_01,dev_de09aa0b03e5957e,heartbeat,-56
2026-09-20T14:53:42.823338+00:00,AP_01,dev_4ec6910610b8ee21,heartbeat,-48
2026-09-20T14:53:42.823338+00:00,AP_02,dev_36251f494ec5e4c4,heartbeat,-43
2026-09-20T14:53:42.823338+00:00,AP_02,dev_5cb49a89349d804a,heartbeat,-47
2026-09-20T14:53:43.823338+00:00,AP_02,dev_bb34b21593bc8929,heartbeat,-51
2026-09-20T14:53:44.823338+00:00,AP_02,dev_95f1a30bee85ba16,heartbeat,-51
2026-09-20T14:53:45.823338+00:00,AP_01,dev_570873d5e07620f7,heartbeat,-44
2026-09-20T14:53:45.823338+00:00,AP_01,dev_0e322e127a303cdd,heartbeat,-57
2026-09-20T14:53:45.823338+00:00,AP_01,dev_dac9735c15d23598,heartbeat,-52
2026-09-20T14:53:45.823338+00:00,AP_01,dev_0feb402657ab950a,heartbeat,-45
2026-09-20T14:53:45.823338+00:00,AP_02,dev_47dd476b9bbabc00,heartbeat,-50
2026-09-20T14:53:45.823338+00:00,AP_02,dev_fd835430174d2b7e,heartbeat,-49
2026-09-20T14:53:46.823338+00:00,AP_01,dev_ba0ab9a640d8388b,heartbeat,-53
2026-09-20T14:53:46.823338+00:00,AP_01,dev_39ef6cebfea41e12,heartbeat,-51
2026-09-20T14:53:46.823338+00:00,AP_01,dev_46106d48bf350825,heartbeat,-51
2026-09-20T14:53:46.823338+00:00,AP_02,dev_e275ee8bb2c9833c,heartbeat,-54
2026-09-20T14:53:46.823338+00:00,AP_03,dev_80d56b8303cd4403,heartbeat,-50
2026-09-20T14:53:48.823338+00:00,AP_01,dev_b00c9275f41b488e,heartbeat,-49
2026-09-20T14:53:48.823338+00:00,AP_01,dev_d5facb6e4cdd0f8d,heartbeat,-52
2026-09-20T14:53:48.823338+00:00,AP_03,dev_172964ce995cefb5,heartbeat,-48
2026-09-20T14:53:48.823338+00:00,AP_03,dev_14710bbb669656eb,heartbeat,-49
2026-09-20T14:53:51.823338+00:00,AP_01,dev_382017e48c0d09cb,heartbeat,-54
2026-09-20T14:53:51.823338+00:00,AP_02,dev_9ac7e0c7eb7246b5,heartbeat,-51
2026-09-20T14:53:53.823338+00:00,AP_01,dev_761dbfebee20a1b6,heartbeat,-54
2026-09-20T14:53:53.823338+00:00,AP_02,dev_02af9fa92d40a9af,heartbeat,-51
2026-09-20T14:53:55.823338+00:00,AP_01,dev_4d55811fcbb2d44b,heartbeat,-49
2026-09-20T14:53:55.823338+00:00,AP_02,dev_298b986404f77877,heartbeat,-51
2026-09-20T14:53:55.823338+00:00,AP_02,dev_be01eb2e5060c2ba,heartbeat,-49
2026-09-20T14:53:56.823338+00:00,AP_01,dev_3b33fcd2e1d3f788,heartbeat,-49
2026-09-20T14:53:56.823338+00:00,AP_02,dev_1730e5aaa7a31ce6,heartbeat,-52
2026-09-20T14:53:56.823338+00:00,AP_02,dev_43e59eca12e9d77f,heartbeat,-43
2026-09-20T14:53:57.823338+00:00,AP_02,dev_09e69aaa959cdd44,heartbeat,-51
2026-09-20T14:53:59.823338+00:00,AP_01,dev_bee12d3e1f271e83,heartbeat,-45
2026-09-20T14:54:00.823338+00:00,AP_01,dev_e96f8bdb2ce51760,heartbeat,-52
2026-09-20T14:54:00.823338+00:00,AP_01,dev_a42ce750a950b6ed,heartbeat,-53
2026-09-20T14:54:00.823338+00:00,AP_02,dev_bfa351d9deb65b50,heartbeat,-52
2026-09-20T14:54:00.823338+00:00,AP_02,dev_35eea70824060c98,heartbeat,-46
2026-09-20T14:54:01.823338+00:00,AP_02,dev_b3417cd8c6c08f19,heartbeat,-50
2026-09-20T14:54:02.823338+00:00,AP_01,dev_78b7476e077c5c58,heartbeat,-49
2026-09-20T14:54:02.823338+00:00,AP_02,dev_942144bd6b3fd842,heartbeat,-47
2026-09-20T14:54:04.823338+00:00,AP_01,dev_ec7f305d29851a5a,heartbeat,-46
2026-09-20T14:54:04.823338+00:00,AP_02,dev_a9a77d30a2535eda,heartbeat,-51
2026-09-20T14:54:05.823338+00:00,AP_01,dev_0f3a5465c5be5029,heartbeat,-48
2026-09-20T14:54:07.823338+00:00,AP_01,dev_ef43c0dc8df3847e,heartbeat,-53
2026-09-20T14:54:07.823338+00:00,AP_02,dev_c8621d86e105ae2c,heartbeat,-46
2026-09-20T14:54:07.823338+00:00,AP_02,dev_cd0c870c9624e6f6,heartbeat,-51
2026-09-20T14:54:08.823338+00:00,AP_01,dev_26be14216d4fd7c4,heartbeat,-50
2026-09-20T14:54:08.823338+00:00,AP_01,dev_de09aa0b03e5957e,heartbeat,-45
2026-09-20T14:54:09.823338+00:00,AP_01,dev_ac7b80880a1f3946,heartbeat,-49
2026-09-20T14:54:09.823338+00:00,AP_01,dev_adc0336ce46d9142,heartbeat,-49
2026-09-20T14:54:09.823338+00:00,AP_02,dev_3712f235b4616c4a,heartbeat,-53
2026-09-20T14:54:09.823338+00:00,AP_02,dev_fda1e4d27c7ec351,heartbeat,-45
2026-09-20T14:54:09.823338+00:00,AP_02,dev_36251f494ec5e4c4,heartbeat,-52
2026-09-20T14:54:11.823338+00:00,AP_02,dev_4463e93e128fb718,heartbeat,-49
2026-09-20T14:54:12.823338+00:00,AP_01,dev_0e322e127a303cdd,heartbeat,-51
2026-09-20T14:54:12.823338+00:00,AP_01,dev_4ec6910610b8ee21,heartbeat,-50
2026-09-20T14:54:12.823338+00:00,AP_02,dev_32123fce6801e287,heartbeat,-48
2026-09-20T14:54:14.823338+00:00,AP_01,dev_ba0ab9a640d8388b,heartbeat,-48
2026-09-20T14:54:14.823338+00:00,AP_01,dev_46106d48bf350825,heartbeat,-49
2026-09-20T14:54:14.823338+00:00,AP_02,dev_95f1a30bee85ba16,heartbeat,-51
2026-09-20T14:54:15.823338+00:00,AP_02,dev_fd835430174d2b7e,heartbeat,-55
2026-09-20T14:54:15.823338+00:00,AP_02,dev_5cb49a89349d804a,heartbeat,-49
2026-09-20T14:54:15.823338+00:00,AP_03,dev_80d56b8303cd4403,heartbeat,-48
2026-09-20T14:54:16.823338+00:00,AP_01,dev_570873d5e07620f7,heartbeat,-47
2026-09-20T14:54:16.823338+00:00,AP_01,dev_dac9735c15d23598,heartbeat,-54
2026-09-20T14:54:16.823338+00:00,AP_02,dev_bb34b21593bc8929,heartbeat,-47
2026-09-20T14:54:17.823338+00:00,AP_01,dev_d5facb6e4cdd0f8d,heartbeat,-52
2026-09-20T14:54:17.823338+00:00,AP_02,dev_47dd476b9bbabc00,heartbeat,-49
2026-09-20T14:54:18.823338+00:00,AP_01,dev_39ef6cebfea41e12,heartbeat,-50
2026-09-20T14:54:18.823338+00:00,AP_01,dev_0feb402657ab950a,heartbeat,-59
2026-09-20T14:54:19.823338+00:00,AP_01,dev_b00c9275f41b488e,heartbeat,-52
2026-09-20T14:54:19.823338+00:00,AP_02,dev_e275ee8bb2c9833c,heartbeat,-47
2026-09-20T14:54:20.823338+00:00,AP_01,dev_761dbfebee20a1b6,heartbeat,-57
2026-09-20T14:54:20.823338+00:00,AP_03,dev_14710bbb669656eb,heartbeat,-50
2026-09-20T14:54:21.823338+00:00,AP_03,dev_172964ce995cefb5,heartbeat,-47
2026-09-20T14:54:22.823338+00:00,AP_02,dev_02af9fa92d40a9af,heartbeat,-44
2026-09-20T14:54:22.823338+00:00,AP_02,dev_9ac7e0c7eb7246b5,heartbeat,-48
2026-09-20T14:54:23.823338+00:00,AP_01,dev_382017e48c0d09cb,heartbeat,-55
2026-09-20T14:54:24.823338+00:00,AP_01,dev_3b33fcd2e1d3f788,heartbeat,-47
2026-09-20T14:54:25.823338+00:00,AP_02,dev_43e59eca12e9d77f,heartbeat,-51
2026-09-20T14:54:25.823338+00:00,AP_02,dev_09e69aaa959cdd44,heartbeat,-52
2026-09-20T14:54:26.823338+00:00,AP_02,dev_1730e5aaa7a31ce6,heartbeat,-49
2026-09-20T14:54:27.823338+00:00,AP_01,dev_a42ce750a950b6ed,heartbeat,-48
2026-09-20T14:54:27.823338+00:00,AP_02,dev_be01eb2e5060c2ba,heartbeat,-50
2026-09-20T14:54:28.823338+00:00,AP_01,dev_4d55811fcbb2d44b,heartbeat,-54
2026-09-20T14:54:28.823338+00:00,AP_02,dev_298b986404f77877,heartbeat,-47
2026-09-20T14:54:28.823338+00:00,AP_02,dev_b3417cd8c6c08f19,heartbeat,-50
2026-09-20T14:54:28.823338+00:00,AP_02,dev_35eea70824060c98,heartbeat,-47
2026-09-20T14:54:29.823338+00:00,AP_01,dev_bee12d3e1f271e83,heartbeat,-45
2026-09-20T14:54:32.823338+00:00,AP_01,dev_e96f8bdb2ce51760,heartbeat,-43
2026-09-20T14:54:32.823338+00:00,AP_02,dev_bfa351d9deb65b50,heartbeat,-43
2026-09-20T14:54:33.823338+00:00,AP_02,dev_a9a77d30a2535eda,heartbeat,-49
2026-09-20T14:54:34.823338+00:00,AP_02,dev_942144bd6b3fd842,heartbeat,-45
2026-09-20T14:54:35.823338+00:00,AP_01,dev_0f3a5465c5be5029,heartbeat,-51
2026-09-20T14:54:35.823338+00:00,AP_01,dev_78b7476e077c5c58,heartbeat,-48
2026-09-20T14:54:35.823338+00:00,AP_02,dev_cd0c870c9624e6f6,heartbeat,-47
2026-09-20T14:54:36.823338+00:00,AP_01,dev_de09aa0b03e5957e,heartbeat,-49
2026-09-20T14:54:37.823338+00:00,AP_01,dev_ef43c0dc8df3847e,heartbeat,-45
2026-09-20T14:54:37.823338+00:00,AP_01,dev_ec7f305d29851a5a,heartbeat,-48
2026-09-20T14:54:37.823338+00:00,AP_01,dev_adc0336ce46d9142,heartbeat,-48
2026-09-20T14:54:38.823338+00:00,AP_02,dev_3712f235b4616c4a,heartbeat,-55
2026-09-20T14:54:38.823338+00:00,AP_02,dev_4463e93e128fb718,heartbeat,-59
2026-09-20T14:54:38.823338+00:00,AP_02,dev_36251f494ec5e4c4,heartbeat,-56
2026-09-20T14:54:39.823338+00:00,AP_02,dev_fda1e4d27c7ec351,heartbeat,-50
2026-09-20T14:54:40.823338+00:00,AP_02,dev_c8621d86e105ae2c,heartbeat,-50
2026-09-20T14:54:41.823338+00:00,AP_01,dev_26be14216d4fd7c4,heartbeat,-54
2026-09-20T14:54:41.823338+00:00,AP_01,dev_0e322e127a303cdd,heartbeat,-55
2026-09-20T14:54:42.823338+00:00,AP_01,dev_ac7b80880a1f3946,heartbeat,-56
2026-09-20T14:54:42.823338+00:00,AP_02,dev_95f1a30bee85ba16,heartbeat,-48
2026-09-20T14:54:42.823338+00:00,AP_02,dev_32123fce6801e287,heartbeat,-48
2026-09-20T14:54:42.823338+00:00,AP_02,dev_5cb49a89349d804a,heartbeat,-45
2026-09-20T14:54:43.823338+00:00,AP_01,dev_570873d5e07620f7,heartbeat,-55
2026-09-20T14:54:43.823338+00:00,AP_03,dev_80d56b8303cd4403,heartbeat,-49
2026-09-20T14:54:44.823338+00:00,AP_01,dev_4ec6910610b8ee21,heartbeat,-53
2026-09-20T14:54:44.823338+00:00,AP_02,dev_bb34b21593bc8929,heartbeat,-51
2026-09-20T14:54:45.823338+00:00,AP_02,dev_fd835430174d2b7e,heartbeat,-57
2026-09-20T14:54:46.823338+00:00,AP_01,dev_46106d48bf350825,heartbeat,-46
2026-09-20T14:54:46.823338+00:00,AP_01,dev_0feb402657ab950a,heartbeat,-47
2026-09-20T14:54:46.823338+00:00,AP_02,dev_47dd476b9bbabc00,heartbeat,-53
2026-09-20T14:54:47.823338+00:00,AP_01,dev_ba0ab9a640d8388b,heartbeat,-48
2026-09-20T14:54:47.823338+00:00,AP_01,dev_d5facb6e4cdd0f8d,heartbeat,-52
2026-09-20T14:54:48.823338+00:00,AP_03,dev_14710bbb669656eb,heartbeat,-46
2026-09-20T14:54:49.823338+00:00,AP_01,dev_dac9735c15d23598,heartbeat,-45
2026-09-20T14:54:49.823338+00:00,AP_01,dev_b00c9275f41b488e,heartbeat,-47
2026-09-20T14:54:51.823338+00:00,AP_01,dev_39ef6cebfea41e12,heartbeat,-48
2026-09-20T14:54:51.823338+00:00,AP_02,dev_e275ee8bb2c9833c,heartbeat,-51
2026-09-20T14:54:51.823338+00:00,AP_03,dev_172964ce995cefb5,heartbeat,-48
2026-09-20T14:54:52.823338+00:00,AP_01,dev_761dbfebee20a1b6,heartbeat,-51
2026-09-20T14:54:53.823338+00:00,AP_02,dev_9ac7e0c7eb7246b5,heartbeat,-50
2026-09-20T14:54:54.823338+00:00,AP_02,dev_1730e5aaa7a31ce6,heartbeat,-48
2026-09-20T14:54:54.823338+00:00,AP_02,dev_43e59eca12e9d77f,heartbeat,-44
2026-09-20T14:54:55.823338+00:00,AP_02,dev_02af9fa92d40a9af,heartbeat,-51
2026-09-20T14:54:56.823338+00:00,AP_01,dev_4d55811fcbb2d44b,heartbeat,-49
2026-09-20T14:54:56.823338+00:00,AP_01,dev_3b33fcd2e1d3f788,heartbeat,-49
2026-09-20T14:54:56.823338+00:00,AP_01,dev_382017e48c0d09cb,heartbeat,-46
2026-09-20T14:54:56.823338+00:00,AP_01,dev_a42ce750a950b6ed,heartbeat,-49
2026-09-20T14:54:58.823338+00:00,AP_02,dev_09e69aaa959cdd44,heartbeat,-57
2026-09-20T14:54:59.823338+00:00,AP_01,dev_bee12d3e1f271e83,heartbeat,-50
2026-09-20T14:54:59.823338+00:00,AP_02,dev_b3417cd8c6c08f19,heartbeat,-45
2026-09-20T14:54:59.823338+00:00,AP_02,dev_be01eb2e5060c2ba,heartbeat,-49
2026-09-20T14:55:00.823338+00:00,AP_02,dev_35eea70824060c98,heartbeat,-52
2026-09-20T14:55:01.823338+00:00,AP_02,dev_bfa351d9deb65b50,heartbeat,-51
2026-09-20T14:55:01.823338+00:00,AP_02,dev_298b986404f77877,heartbeat,-52
2026-09-20T14:55:01.823338+00:00,AP_02,dev_942144bd6b3fd842,heartbeat,-43
2026-09-20T14:55:02.823338+00:00,AP_01,dev_0f3a5465c5be5029,heartbeat,-44
2026-09-20T14:55:02.823338+00:00,AP_01,dev_78b7476e077c5c58,heartbeat,-49
2026-09-20T14:55:02.823338+00:00,AP_02,dev_cd0c870c9624e6f6,heartbeat,-47
2026-09-20T14:55:02.823338+00:00,AP_02,dev_a9a77d30a2535eda,heartbeat,-52
2026-09-20T14:55:05.823338+00:00,AP_01,dev_ef43c0dc8df3847e,heartbeat,-49
2026-09-20T14:55:05.823338+00:00,AP_01,dev_e96f8bdb2ce51760,heartbeat,-52
2026-09-20T14:55:07.823338+00:00,AP_01,dev_ec7f305d29851a5a,heartbeat,-45
2026-09-20T14:55:08.823338+00:00,AP_02,dev_36251f494ec5e4c4,heartbeat,-47
2026-09-20T14:55:09.823338+00:00,AP_01,dev_de09aa0b03e5957e,heartbeat,-48
2026-09-20T14:55:09.823338+00:00,AP_02,dev_4463e93e128fb718,heartbeat,-49
2026-09-20T14:55:09.823338+00:00,AP_02,dev_fda1e4d27c7ec351,heartbeat,-47
2026-09-20T14:55:10.823338+00:00,AP_01,dev_adc0336ce46d9142,heartbeat,-54
2026-09-20T14:55:10.823338+00:00,AP_02,dev_3712f235b4616c4a,heartbeat,-50
2026-09-20T14:55:12.823338+00:00,AP_01,dev_570873d5e07620f7,heartbeat,-49
2026-09-20T14:55:12.823338+00:00,AP_01,dev_ac7b80880a1f3946,heartbeat,-47
2026-09-20T14:55:12.823338+00:00,AP_02,dev_bb34b21593bc8929,heartbeat,-51
2026-09-20T14:55:12.823338+00:00,AP_03,dev_80d56b8303cd4403,heartbeat,-56
2026-09-20T14:55:13.823338+00:00,AP_02,dev_c8621d86e105ae2c,heartbeat,-49
2026-09-20T14:55:13.823338+00:00,AP_02,dev_95f1a30bee85ba16,heartbeat,-48
2026-09-20T14:55:13.823338+00:00,AP_02,dev_32123fce6801e287,heartbeat,-48
2026-09-20T14:55:14.823338+00:00,AP_01,dev_26be14216d4fd7c4,heartbeat,-57
2026-09-20T14:55:14.823338+00:00,AP_01,dev_0e322e127a303cdd,heartbeat,-57
2026-09-20T14:55:14.823338+00:00,AP_01,dev_d5facb6e4cdd0f8d,heartbeat,-54
2026-09-20T14:55:14.823338+00:00,AP_02,dev_5cb49a89349d804a,heartbeat,-54
2026-09-20T14:55:16.823338+00:00,AP_01,dev_4ec6910610b8ee21,heartbeat,-47
2026-09-20T14:55:16.823338+00:00,AP_01,dev_dac9735c15d23598,heartbeat,-49
2026-09-20T14:55:16.823338+00:00,AP_02,dev_fd835430174d2b7e,heartbeat,-52
2026-09-20T14:55:17.823338+00:00,AP_01,dev_46106d48bf350825,heartbeat,-52
2026-09-20T14:55:18.823338+00:00,AP_01,dev_39ef6cebfea41e12,heartbeat,-46
2026-09-20T14:55:18.823338+00:00,AP_02,dev_47dd476b9bbabc00,heartbeat,-51
2026-09-20T14:55:18.823338+00:00,AP_03,dev_172964ce995cefb5,heartbeat,-50
2026-09-20T14:55:18.823338+00:00,AP_03,dev_14710bbb669656eb,heartbeat,-54
2026-09-20T14:55:19.823338+00:00,AP_01,dev_ba0ab9a640d8388b,heartbeat,-50
2026-09-20T14:55:19.823338+00:00,AP_01,dev_0feb402657ab950a,heartbeat,-47
2026-09-20T14:55:21.823338+00:00,AP_01,dev_b00c9275f41b488e,heartbeat,-46
2026-09-20T14:55:21.823338+00:00,AP_02,dev_e275ee8bb2c9833c,heartbeat,-46
2026-09-20T14:55:22.823338+00:00,AP_01,dev_761dbfebee20a1b6,heartbeat,-48
2026-09-20T14:55:23.823338+00:00,AP_02,dev_1730e5aaa7a31ce6,heartbeat,-43
2026-09-20T14:55:23.823338+00:00,AP_02,dev_43e59eca12e9d77f,heartbeat,-52
2026-09-20T14:55:25.823338+00:00,AP_02,dev_02af9fa92d40a9af,heartbeat,-49
2026-09-20T14:55:25.823338+00:00,AP_02,dev_9ac7e0c7eb7246b5,heartbeat,-46
2026-09-20T14:55:27.823338+00:00,AP_01,dev_4d55811fcbb2d44b,heartbeat,-46
2026-09-20T14:55:27.823338+00:00,AP_01,dev_382017e48c0d09cb,heartbeat,-45
2026-09-20T14:55:27.823338+00:00,AP_01,dev_a42ce750a950b6ed,heartbeat,-55
2026-09-20T14:55:29.823338+00:00,AP_01,dev_3b33fcd2e1d3f788,heartbeat,-48
2026-09-20T14:55:29.823338+00:00,AP_02,dev_298b986404f77877,heartbeat,-48
2026-09-20T14:55:29.823338+00:00,AP_02,dev_09e69aaa959cdd44,heartbeat,-46
2026-09-20T14:55:30.823338+00:00,AP_01,dev_bee12d3e1f271e83,heartbeat,-51
2026-09-20T14:55:31.823338+00:00,AP_01,dev_0f3a5465c5be5029,heartbeat,-46
2026-09-20T14:55:31.823338+00:00,AP_01,dev_78b7476e077c5c58,heartbeat,-54
2026-09-20T14:55:31.823338+00:00,AP_02,dev_942144bd6b3fd842,heartbeat,-46
2026-09-20T14:55:31.823338+00:00,AP_02,dev_be01eb2e5060c2ba,heartbeat,-49
2026-09-20T14:55:32.823338+00:00,AP_02,dev_b3417cd8c6c08f19,heartbeat,-42
2026-09-20T14:55:32.823338+00:00,AP_02,dev_35eea70824060c98,heartbeat,-48
2026-09-20T14:55:33.823338+00:00,AP_02,dev_bfa351d9deb65b50,heartbeat,-50
2026-09-20T14:55:33.823338+00:00,AP_02,dev_cd0c870c9624e6f6,heartbeat,-46
2026-09-20T14:55:33.823338+00:00,AP_02,dev_a9a77d30a2535eda,heartbeat,-44
2026-09-20T14:55:34.823338+00:00,AP_01,dev_ef43c0dc8df3847e,heartbeat,-53
2026-09-20T14:55:34.823338+00:00,AP_01,dev_e96f8bdb2ce51760,heartbeat,-56
2026-09-20T14:55:35.823338+00:00,AP_02,dev_36251f494ec5e4c4,heartbeat,-53
2026-09-20T14:55:38.823338+00:00,AP_02,dev_4463e93e128fb718,heartbeat,-44
2026-09-20T14:55:39.823338+00:00,AP_01,dev_de09aa0b03e5957e,heartbeat,-53
2026-09-20T14:55:39.823338+00:00,AP_01,dev_ec7f305d29851a5a,heartbeat,-54
2026-09-20T14:55:39.823338+00:00,AP_02,dev_3712f235b4616c4a,heartbeat,-48
2026-09-20T14:55:40.823338+00:00,AP_03,dev_80d56b8303cd4403,heartbeat,-50
2026-09-20T14:55:41.823338+00:00,AP_01,dev_ac7b80880a1f3946,heartbeat,-51
2026-09-20T14:55:41.823338+00:00,AP_01,dev_adc0336ce46d9142,heartbeat,-45
2026-09-20T14:55:41.823338+00:00,AP_01,dev_d5facb6e4cdd0f8d,heartbeat,-55
2026-09-20T14:55:41.823338+00:00,AP_02,dev_95f1a30bee85ba16,heartbeat,-47
2026-09-20T14:55:42.823338+00:00,AP_01,dev_570873d5e07620f7,heartbeat,-42
2026-09-20T14:55:42.823338+00:00,AP_02,dev_fda1e4d27c7ec351,heartbeat,-53
2026-09-20T14:55:42.823338+00:00,AP_02,dev_32123fce6801e287,heartbeat,-51
2026-09-20T14:55:43.823338+00:00,AP_01,dev_26be14216d4fd7c4,heartbeat,-54
2026-09-20T14:55:44.823338+00:00,AP_01,dev_0e322e127a303cdd,heartbeat,-56
2026-09-20T14:55:44.823338+00:00,AP_02,dev_c8621d86e105ae2c,heartbeat,-49
2026-09-20T14:55:45.823338+00:00,AP_02,dev_bb34b21593bc8929,heartbeat,-50
2026-09-20T14:55:45.823338+00:00,AP_02,dev_fd835430174d2b7e,heartbeat,-54
2026-09-20T14:55:45.823338+00:00,AP_02,dev_5cb49a89349d804a,heartbeat,-46
2026-09-20T14:55:45.823338+00:00,AP_03,dev_172964ce995cefb5,heartbeat,-45
2026-09-20T14:55:46.823338+00:00,AP_01,dev_0feb402657ab950a,heartbeat,-49
2026-09-20T14:55:46.823338+00:00,AP_02,dev_47dd476b9bbabc00,heartbeat,-49
2026-09-20T14:55:47.823338+00:00,AP_01,dev_39ef6cebfea41e12,heartbeat,-53
2026-09-20T14:55:48.823338+00:00,AP_01,dev_b00c9275f41b488e,heartbeat,-57
2026-09-20T14:55:49.823338+00:00,AP_01,dev_ba0ab9a640d8388b,heartbeat,-54
2026-09-20T14:55:49.823338+00:00,AP_01,dev_4ec6910610b8ee21,heartbeat,-54
2026-09-20T14:55:49.823338+00:00,AP_01,dev_dac9735c15d23598,heartbeat,-48
2026-09-20T14:55:50.823338+00:00,AP_01,dev_46106d48bf350825,heartbeat,-44
2026-09-20T14:55:50.823338+00:00,AP_02,dev_e275ee8bb2c9833c,heartbeat,-50
2026-09-20T14:55:51.823338+00:00,AP_03,dev_14710bbb669656eb,heartbeat,-50
2026-09-20T14:55:52.823338+00:00,AP_01,dev_761dbfebee20a1b6,heartbeat,-54
2026-09-20T14:55:55.823338+00:00,AP_01,dev_a42ce750a950b6ed,heartbeat,-45
2026-09-20T14:55:56.823338+00:00,AP_02,dev_1730e5aaa7a31ce6,heartbeat,-46
2026-09-20T14:55:56.823338+00:00,AP_02,dev_43e59eca12e9d77f,heartbeat,-48
2026-09-20T14:55:57.823338+00:00,AP_02,dev_02af9fa92d40a9af,heartbeat,-49
2026-09-20T14:55:58.823338+00:00,AP_01,dev_4d55811fcbb2d44b,heartbeat,-43
2026-09-20T14:55:58.823338+00:00,AP_01,dev_382017e48c0d09cb,heartbeat,-48
2026-09-20T14:55:58.823338+00:00,AP_02,dev_9ac7e0c7eb7246b5,heartbeat,-51
2026-09-20T14:55:59.823338+00:00,AP_02,dev_35eea70824060c98,heartbeat,-56
2026-09-20T14:56:00.823338+00:00,AP_01,dev_0f3a5465c5be5029,heartbeat,-43
2026-09-20T14:56:00.823338+00:00,AP_02,dev_298b986404f77877,heartbeat,-55
2026-09-20T14:56:01.823338+00:00,AP_01,dev_3b33fcd2e1d3f788,heartbeat,-49
2026-09-20T14:56:01.823338+00:00,AP_02,dev_be01eb2e5060c2ba,heartbeat,-49
2026-09-20T14:56:02.823338+00:00,AP_01,dev_bee12d3e1f271e83,heartbeat,-52
2026-09-20T14:56:02.823338+00:00,AP_02,dev_bfa351d9deb65b50,heartbeat,-51
2026-09-20T14:56:02.823338+00:00,AP_02,dev_cd0c870c9624e6f6,heartbeat,-47
2026-09-20T14:56:02.823338+00:00,AP_02,dev_a9a77d30a2535eda,heartbeat,-55
2026-09-20T14:56:02.823338+00:00,AP_02,dev_09e69aaa959cdd44,heartbeat,-50
2026-09-20T14:56:03.823338+00:00,AP_01,dev_78b7476e077c5c58,heartbeat,-47
2026-09-20T14:56:03.823338+00:00,AP_02,dev_b3417cd8c6c08f19,disconnect,-73
2026-09-20T14:56:03.823338+00:00,AP_02,dev_942144bd6b3fd842,heartbeat,-48
2026-09-20T14:56:04.823338+00:00,AP_01,dev_ef43c0dc8df3847e,heartbeat,-47
2026-09-20T14:56:05.823338+00:00,AP_01,dev_e96f8bdb2ce51760,heartbeat,-52
2026-09-20T14:56:05.823338+00:00,AP_03,dev_b3417cd8c6c08f19,connect,-46
2026-09-20T14:56:05.823338+00:00,AP_03,dev_b3417cd8c6c08f19,heartbeat,-46
2026-09-20T14:56:06.823338+00:00,AP_01,dev_de09aa0b03e5957e,heartbeat,-43
2026-09-20T14:56:07.823338+00:00,AP_02,dev_3712f235b4616c4a,heartbeat,-56
2026-09-20T14:56:07.823338+00:00,AP_02,dev_36251f494ec5e4c4,heartbeat,-47
2026-09-20T14:56:09.823338+00:00,AP_02,dev_32123fce6801e287,heartbeat,-53
2026-09-20T14:56:10.823338+00:00,AP_01,dev_ac7b80880a1f3946,heartbeat,-47
2026-09-20T14:56:10.823338+00:00,AP_01,dev_adc0336ce46d9142,heartbeat,-51
2026-09-20T14:56:10.823338+00:00,AP_02,dev_4463e93e128fb718,heartbeat,-49
2026-09-20T14:56:10.823338+00:00,AP_03,dev_80d56b8303cd4403,heartbeat,-46
2026-09-20T14:56:11.823338+00:00,AP_01,dev_ec7f305d29851a5a,heartbeat,-48
2026-09-20T14:56:11.823338+00:00,AP_02,dev_95f1a30bee85ba16,heartbeat,-54
2026-09-20T14:56:12.823338+00:00,AP_01,dev_d5facb6e4cdd0f8d,heartbeat,-54
2026-09-20T14:56:12.823338+00:00,AP_02,dev_fda1e4d27c7ec351,heartbeat,-51
2026-09-20T14:56:13.823338+00:00,AP_01,dev_26be14216d4fd7c4,heartbeat,-44
2026-09-20T14:56:13.823338+00:00,AP_01,dev_0e322e127a303cdd,heartbeat,-50
2026-09-20T14:56:13.823338+00:00,AP_02,dev_47dd476b9bbabc00,heartbeat,-57
2026-09-20T14:56:14.823338+00:00,AP_01,dev_570873d5e07620f7,heartbeat,-48
2026-09-20T14:56:15.823338+00:00,AP_01,dev_0feb402657ab950a,heartbeat,-52
2026-09-20T14:56:15.823338+00:00,AP_02,dev_fd835430174d2b7e,heartbeat,-48
2026-09-20T14:56:16.823338+00:00,AP_02,dev_bb34b21593bc8929,heartbeat,-48
2026-09-20T14:56:17.823338+00:00,AP_01,dev_ba0ab9a640d8388b,heartbeat,-51
2026-09-20T14:56:17.823338+00:00,AP_02,dev_c8621d86e105ae2c,heartbeat,-46
2026-09-20T14:56:17.823338+00:00,AP_03,dev_172964ce995cefb5,heartbeat,-46
2026-09-20T14:56:18.823338+00:00,AP_02,dev_5cb49a89349d804a,heartbeat,-45
2026-09-20T14:56:19.823338+00:00,AP_01,dev_39ef6cebfea41e12,heartbeat,-46
2026-09-20T14:56:19.823338+00:00,AP_01,dev_b00c9275f41b488e,heartbeat,-47
2026-09-20T14:56:19.823338+00:00,AP_02,dev_e275ee8bb2c9833c,heartbeat,-49
2026-09-20T14:56:19.823338+00:00,AP_03,dev_14710bbb669656eb,heartbeat,-48
2026-09-20T14:56:20.823338+00:00,AP_01,dev_761dbfebee20a1b6,heartbeat,-57
2026-09-20T14:56:20.823338+00:00,AP_01,dev_4ec6910610b8ee21,heartbeat,-53
2026-09-20T14:56:21.823338+00:00,AP_01,dev_dac9735c15d23598,heartbeat,-47
2026-09-20T14:56:23.823338+00:00,AP_01,dev_46106d48bf350825,heartbeat,-51
2026-09-20T14:56:24.823338+00:00,AP_01,dev_a42ce750a950b6ed,heartbeat,-53
2026-09-20T14:56:24.823338+00:00,AP_02,dev_1730e5aaa7a31ce6,heartbeat,-42
2026-09-20T14:56:28.823338+00:00,AP_01,dev_4d55811fcbb2d44b,heartbeat,-51
2026-09-20T14:56:28.823338+00:00,AP_02,dev_43e59eca12e9d77f,heartbeat,-47
2026-09-20T14:56:28.823338+00:00,AP_02,dev_35eea70824060c98,heartbeat,-48
2026-09-20T14:56:29.823338+00:00,AP_01,dev_3b33fcd2e1d3f788,heartbeat,-58
2026-09-20T14:56:29.823338+00:00,AP_01,dev_382017e48c0d09cb,heartbeat,-50
2026-09-20T14:56:29.823338+00:00,AP_02,dev_02af9fa92d40a9af,heartbeat,-55
2026-09-20T14:56:31.823338+00:00,AP_01,dev_0f3a5465c5be5029,heartbeat,-52
2026-09-20T14:56:31.823338+00:00,AP_01,dev_78b7476e077c5c58,heartbeat,-52
2026-09-20T14:56:31.823338+00:00,AP_02,dev_9ac7e0c7eb7246b5,heartbeat,-51
2026-09-20T14:56:31.823338+00:00,AP_02,dev_be01eb2e5060c2ba,heartbeat,-45
2026-09-20T14:56:32.823338+00:00,AP_02,dev_298b986404f77877,heartbeat,-51
2026-09-20T14:56:32.823338+00:00,AP_03,dev_b3417cd8c6c08f19,heartbeat,-48
2026-09-20T14:56:32.823338+00:00,AP_02,dev_09e69aaa959cdd44,heartbeat,-53
2026-09-20T14:56:33.823338+00:00,AP_01,dev_ef43c0dc8df3847e,heartbeat,-50
2026-09-20T14:56:33.823338+00:00,AP_01,dev_e96f8bdb2ce51760,heartbeat,-45
2026-09-20T14:56:33.823338+00:00,AP_02,dev_bfa351d9deb65b50,heartbeat,-49
2026-09-20T14:56:33.823338+00:00,AP_02,dev_cd0c870c9624e6f6,heartbeat,-51
2026-09-20T14:56:33.823338+00:00,AP_02,dev_942144bd6b3fd842,heartbeat,-48
2026-09-20T14:56:34.823338+00:00,AP_01,dev_bee12d3e1f271e83,heartbeat,-53
2026-09-20T14:56:35.823338+00:00,AP_02,dev_a9a77d30a2535eda,heartbeat,-52
2026-09-20T14:56:36.823338+00:00,AP_02,dev_3712f235b4616c4a,heartbeat,-51
2026-09-20T14:56:37.823338+00:00,AP_01,dev_de09aa0b03e5957e,heartbeat,-46
2026-09-20T14:56:37.823338+00:00,AP_02,dev_36251f494ec5e4c4,heartbeat,-46
2026-09-20T14:56:38.823338+00:00,AP_01,dev_ac7b80880a1f3946,heartbeat,-50
2026-09-20T14:56:38.823338+00:00,AP_01,dev_ec7f305d29851a5a,heartbeat,-47
2026-09-20T14:56:38.823338+00:00,AP_03,dev_80d56b8303cd4403,heartbeat,-47
2026-09-20T14:56:39.823338+00:00,AP_01,dev_d5facb6e4cdd0f8d,heartbeat,-48
2026-09-20T14:56:40.823338+00:00,AP_01,dev_adc0336ce46d9142,heartbeat,-51
2026-09-20T14:56:40.823338+00:00,AP_02,dev_47dd476b9bbabc00,heartbeat,-47
2026-09-20T14:56:40.823338+00:00,AP_02,dev_95f1a30bee85ba16,heartbeat,-51
2026-09-20T14:56:41.823338+00:00,AP_01,dev_26be14216d4fd7c4,heartbeat,-48
2026-09-20T14:56:41.823338+00:00,AP_02,dev_4463e93e128fb718,heartbeat,-46
2026-09-20T14:56:41.823338+00:00,AP_02,dev_32123fce6801e287,heartbeat,-50
2026-09-20T14:56:42.823338+00:00,AP_02,dev_fd835430174d2b7e,heartbeat,-49
2026-09-20T14:56:43.823338+00:00,AP_01,dev_0e322e127a303cdd,heartbeat,-50
2026-09-20T14:56:44.823338+00:00,AP_02,dev_fda1e4d27c7ec351,heartbeat,-56
2026-09-20T14:56:45.823338+00:00,AP_01,dev_ba0ab9a640d8388b,heartbeat,-60
2026-09-20T14:56:45.823338+00:00,AP_01,dev_0feb402657ab950a,heartbeat,-47
2026-09-20T14:56:46.823338+00:00,AP_01,dev_570873d5e07620f7,heartbeat,-50
2026-09-20T14:56:47.823338+00:00,AP_01,dev_39ef6cebfea41e12,heartbeat,-49
2026-09-20T14:56:47.823338+00:00,AP_02,dev_bb34b21593bc8929,heartbeat,-51
2026-09-20T14:56:47.823338+00:00,AP_03,dev_172964ce995cefb5,heartbeat,-49
2026-09-20T14:56:47.823338+00:00,AP_03,dev_14710bbb669656eb,heartbeat,-43
2026-09-20T14:56:48.823338+00:00,AP_02,dev_5cb49a89349d804a,heartbeat,-49
2026-09-20T14:56:49.823338+00:00,AP_01,dev_dac9735c15d23598,heartbeat,-49
2026-09-20T14:56:50.823338+00:00,AP_02,dev_c8621d86e105ae2c,heartbeat,-57
2026-09-20T14:56:51.823338+00:00,AP_01,dev_b00c9275f41b488e,heartbeat,-50
2026-09-20T14:56:52.823338+00:00,AP_01,dev_761dbfebee20a1b6,heartbeat,-52
2026-09-20T14:56:52.823338+00:00,AP_02,dev_e275ee8bb2c9833c,heartbeat,-47
2026-09-20T14:56:53.823338+00:00,AP_01,dev_4ec6910610b8ee21,heartbeat,-47
2026-09-20T14:56:53.823338+00:00,AP_01,dev_a42ce750a950b6ed,heartbeat,-49
2026-09-20T14:56:54.823338+00:00,AP_01,dev_46106d48bf350825,heartbeat,-55
2026-09-20T14:56:55.823338+00:00,AP_02,dev_1730e5aaa7a31ce6,heartbeat,-48
2026-09-20T14:56:57.823338+00:00,AP_02,dev_43e59eca12e9d77f,heartbeat,-55
2026-09-20T14:56:57.823338+00:00,AP_02,dev_35eea70824060c98,heartbeat,-54
2026-09-20T14:56:59.823338+00:00,AP_01,dev_3b33fcd2e1d3f788,heartbeat,-55
2026-09-20T14:56:59.823338+00:00,AP_02,dev_be01eb2e5060c2ba,heartbeat,-54
2026-09-20T14:57:00.823338+00:00,AP_01,dev_4d55811fcbb2d44b,heartbeat,-49
2026-09-20T14:57:01.823338+00:00,AP_01,dev_382017e48c0d09cb,heartbeat,-50
2026-09-20T14:57:01.823338+00:00,AP_01,dev_0f3a5465c5be5029,heartbeat,-49
2026-09-20T14:57:01.823338+00:00,AP_03,dev_b3417cd8c6c08f19,heartbeat,-45
2026-09-20T14:57:01.823338+00:00,AP_02,dev_09e69aaa959cdd44,heartbeat,-53
2026-09-20T14:57:02.823338+00:00,AP_02,dev_02af9fa92d40a9af,heartbeat,-49
2026-09-20T14:57:03.823338+00:00,AP_01,dev_ef43c0dc8df3847e,heartbeat,-46
2026-09-20T14:57:04.823338+00:00,AP_01,dev_e96f8bdb2ce51760,heartbeat,-54
2026-09-20T14:57:04.823338+00:00,AP_01,dev_78b7476e077c5c58,heartbeat,-50
2026-09-20T14:57:04.823338+00:00,AP_02,dev_bfa351d9deb65b50,heartbeat,-53
2026-09-20T14:57:04.823338+00:00,AP_02,dev_298b986404f77877,heartbeat,-50
2026-09-20T14:57:04.823338+00:00,AP_02,dev_9ac7e0c7eb7246b5,heartbeat,-47
2026-09-20T14:57:04.823338+00:00,AP_02,dev_cd0c870c9624e6f6,heartbeat,-52
2026-09-20T14:57:04.823338+00:00,AP_02,dev_a9a77d30a2535eda,heartbeat,-51
2026-09-20T14:57:05.823338+00:00,AP_01,dev_bee12d3e1f271e83,heartbeat,-52
2026-09-20T14:57:05.823338+00:00,AP_02,dev_942144bd6b3fd842,heartbeat,-52
2026-09-20T14:57:06.823338+00:00,AP_01,dev_d5facb6e4cdd0f8d,heartbeat,-54
2026-09-20T14:57:07.823338+00:00,AP_02,dev_3712f235b4616c4a,heartbeat,-51
2026-09-20T14:57:07.823338+00:00,AP_02,dev_36251f494ec5e4c4,heartbeat,-53
2026-09-20T14:57:09.823338+00:00,AP_01,dev_ac7b80880a1f3946,heartbeat,-45
2026-09-20T14:57:09.823338+00:00,AP_01,dev_ec7f305d29851a5a,heartbeat,-46
2026-09-20T14:57:09.823338+00:00,AP_03,dev_80d56b8303cd4403,heartbeat,-51
2026-09-20T14:57:10.823338+00:00,AP_01,dev_de09aa0b03e5957e,heartbeat,-51
2026-09-20T14:57:11.823338+00:00,AP_01,dev_26be14216d4fd7c4,heartbeat,-48
2026-09-20T14:57:11.823338+00:00,AP_01,dev_adc0336ce46d9142,heartbeat,-50
2026-09-20T14:57:12.823338+00:00,AP_01,dev_0feb402657ab950a,heartbeat,-52
2026-09-20T14:57:12.823338+00:00,AP_02,dev_fda1e4d27c7ec351,heartbeat,-45
2026-09-20T14:57:12.823338+00:00,AP_02,dev_32123fce6801e287,heartbeat,-54
2026-09-20T14:57:13.823338+00:00,AP_01,dev_570873d5e07620f7,heartbeat,-48
2026-09-20T14:57:13.823338+00:00,AP_02,dev_47dd476b9bbabc00,heartbeat,-53
2026-09-20T14:57:13.823338+00:00,AP_02,dev_4463e93e128fb718,heartbeat,-53
2026-09-20T14:57:13.823338+00:00,AP_02,dev_95f1a30bee85ba16,heartbeat,-51
2026-09-20T14:57:14.823338+00:00,AP_02,dev_bb34b21593bc8929,heartbeat,-56
2026-09-20T14:57:14.823338+00:00,AP_02,dev_fd835430174d2b7e,heartbeat,-44
2026-09-20T14:57:16.823338+00:00,AP_01,dev_ba0ab9a640d8388b,heartbeat,-57
2026-09-20T14:57:16.823338+00:00,AP_01,dev_0e322e127a303cdd,heartbeat,-42
2026-09-20T14:57:17.823338+00:00,AP_03,dev_14710bbb669656eb,heartbeat,-52
2026-09-20T14:57:18.823338+00:00,AP_01,dev_39ef6cebfea41e12,heartbeat,-52
2026-09-20T14:57:18.823338+00:00,AP_01,dev_dac9735c15d23598,heartbeat,-46
2026-09-20T14:57:18.823338+00:00,AP_02,dev_c8621d86e105ae2c,heartbeat,-55
2026-09-20T14:57:18.823338+00:00,AP_02,dev_5cb49a89349d804a,heartbeat,-41
2026-09-20T14:57:20.823338+00:00,AP_01,dev_761dbfebee20a1b6,heartbeat,-50
2026-09-20T14:57:20.823338+00:00,AP_03,dev_172964ce995cefb5,heartbeat,-48
2026-09-20T14:57:22.823338+00:00,AP_01,dev_a42ce750a950b6ed,heartbeat,-53
2026-09-20T14:57:23.823338+00:00,AP_01,dev_4ec6910610b8ee21,heartbeat,-50
2026-09-20T14:57:24.823338+00:00,AP_01,dev_b00c9275f41b488e,heartbeat,-48
2026-09-20T14:57:25.823338+00:00,AP_02,dev_e275ee8bb2c9833c,heartbeat,-50
2026-09-20T14:57:26.823338+00:00,AP_01,dev_46106d48bf350825,heartbeat,-47
2026-09-20T14:57:27.823338+00:00,AP_02,dev_43e59eca12e9d77f,heartbeat,-52
2026-09-20T14:57:28.823338+00:00,AP_02,dev_1730e5aaa7a31ce6,heartbeat,-50
2026-09-20T14:57:28.823338+00:00,AP_02,dev_09e69aaa959cdd44,heartbeat,-47
2026-09-20T14:57:29.823338+00:00,AP_02,dev_35eea70824060c98,heartbeat,-51
2026-09-20T14:57:30.823338+00:00,AP_02,dev_be01eb2e5060c2ba,heartbeat,-54
2026-09-20T14:57:31.823338+00:00,AP_01,dev_3b33fcd2e1d3f788,heartbeat,-53
2026-09-20T14:57:32.823338+00:00,AP_01,dev_4d55811fcbb2d44b,heartbeat,-51
2026-09-20T14:57:32.823338+00:00,AP_01,dev_bee12d3e1f271e83,heartbeat,-46
2026-09-20T14:57:32.823338+00:00,AP_03,dev_b3417cd8c6c08f19,heartbeat,-55
2026-09-20T14:57:33.823338+00:00,AP_01,dev_e96f8bdb2ce51760,heartbeat,-54
2026-09-20T14:57:33.823338+00:00,AP_01,dev_382017e48c0d09cb,heartbeat,-48
2026-09-20T14:57:33.823338+00:00,AP_01,dev_0f3a5465c5be5029,heartbeat,-53
2026-09-20T14:57:34.823338+00:00,AP_01,dev_78b7476e077c5c58,heartbeat,-56
2026-09-20T14:57:34.823338+00:00,AP_01,dev_d5facb6e4cdd0f8d,heartbeat,-51
2026-09-20T14:57:34.823338+00:00,AP_02,dev_36251f494ec5e4c4,heartbeat,-53
2026-09-20T14:57:34.823338+00:00,AP_02,dev_942144bd6b3fd842,heartbeat,-49
2026-09-20T14:57:35.823338+00:00,AP_01,dev_ef43c0dc8df3847e,heartbeat,-53
2026-09-20T14:57:35.823338+00:00,AP_02,dev_3712f235b4616c4a,heartbeat,-48
2026-09-20T14:57:35.823338+00:00,AP_02,dev_02af9fa92d40a9af,heartbeat,-54
2026-09-20T14:57:36.823338+00:00,AP_02,dev_bfa351d9deb65b50,heartbeat,-54
2026-09-20T14:57:36.823338+00:00,AP_02,dev_a9a77d30a2535eda,heartbeat,-54
2026-09-20T14:57:36.823338+00:00,AP_03,dev_80d56b8303cd4403,heartbeat,-46
2026-09-20T14:57:37.823338+00:00,AP_02,dev_298b986404f77877,heartbeat,-51
2026-09-20T14:57:37.823338+00:00,AP_02,dev_9ac7e0c7eb7246b5,heartbeat,-55
2026-09-20T14:57:37.823338+00:00,AP_02,dev_cd0c870c9624e6f6,heartbeat,-53
2026-09-20T14:57:40.823338+00:00,AP_01,dev_26be14216d4fd7c4,heartbeat,-46
2026-09-20T14:57:40.823338+00:00,AP_01,dev_ac7b80880a1f3946,heartbeat,-53
2026-09-20T14:57:40.823338+00:00,AP_01,dev_de09aa0b03e5957e,heartbeat,-50
2026-09-20T14:57:40.823338+00:00,AP_01,dev_adc0336ce46d9142,heartbeat,-56
2026-09-20T14:57:40.823338+00:00,AP_01,dev_0feb402657ab950a,heartbeat,-50
2026-09-20T14:57:40.823338+00:00,AP_02,dev_47dd476b9bbabc00,heartbeat,-39
2026-09-20T14:57:40.823338+00:00,AP_02,dev_32123fce6801e287,heartbeat,-52
2026-09-20T14:57:42.823338+00:00,AP_01,dev_ec7f305d29851a5a,heartbeat,-51
2026-09-20T14:57:44.823338+00:00,AP_02,dev_4463e93e128fb718,heartbeat,-51
2026-09-20T14:57:44.823338+00:00,AP_02,dev_fda1e4d27c7ec351,heartbeat,-50
2026-09-20T14:57:44.823338+00:00,AP_02,dev_bb34b21593bc8929,heartbeat,-52
2026-09-20T14:57:45.823338+00:00,AP_01,dev_570873d5e07620f7,heartbeat,-51
2026-09-20T14:57:45.823338+00:00,AP_01,dev_0e322e127a303cdd,heartbeat,-48
2026-09-20T14:57:46.823338+00:00,AP_02,dev_95f1a30bee85ba16,heartbeat,-45
2026-09-20T14:57:47.823338+00:00,AP_01,dev_ba0ab9a640d8388b,heartbeat,-46
2026-09-20T14:57:47.823338+00:00,AP_02,dev_fd835430174d2b7e,heartbeat,-49
2026-09-20T14:57:47.823338+00:00,AP_03,dev_14710bbb669656eb,heartbeat,-50
2026-09-20T14:57:48.823338+00:00,AP_01,dev_39ef6cebfea41e12,heartbeat,-45
2026-09-20T14:57:48.823338+00:00,AP_02,dev_c8621d86e105ae2c,heartbeat,-52
2026-09-20T14:57:49.823338+00:00,AP_01,dev_761dbfebee20a1b6,heartbeat,-55
2026-09-20T14:57:49.823338+00:00,AP_02,dev_5cb49a89349d804a,heartbeat,-49
2026-09-20T14:57:50.823338+00:00,AP_01,dev_dac9735c15d23598,heartbeat,-46
2026-09-20T14:57:50.823338+00:00,AP_03,dev_172964ce995cefb5,heartbeat,-45
2026-09-20T14:57:52.823338+00:00,AP_01,dev_a42ce750a950b6ed,heartbeat,-43
2026-09-20T14:57:54.823338+00:00,AP_01,dev_4ec6910610b8ee21,heartbeat,-50
2026-09-20T14:57:55.823338+00:00,AP_01,dev_b00c9275f41b488e,heartbeat,-49
2026-09-20T14:57:57.823338+00:00,AP_01,dev_46106d48bf350825,heartbeat,-49
2026-09-20T14:57:57.823338+00:00,AP_02,dev_43e59eca12e9d77f,heartbeat,-55
2026-09-20T14:57:57.823338+00:00,AP_02,dev_be01eb2e5060c2ba,heartbeat,-48
2026-09-20T14:57:58.823338+00:00,AP_02,dev_e275ee8bb2c9833c,heartbeat,-46
2026-09-20T14:57:58.823338+00:00,AP_02,dev_35eea70824060c98,heartbeat,-55
2026-09-20T14:57:59.823338+00:00,AP_02,dev_1730e5aaa7a31ce6,heartbeat,-56
2026-09-20T14:57:59.823338+00:00,AP_02,dev_09e69aaa959cdd44,heartbeat,-49
2026-09-20T14:58:00.823338+00:00,AP_01,dev_3b33fcd2e1d3f788,heartbeat,-49
2026-09-20T14:58:01.823338+00:00,AP_01,dev_4d55811fcbb2d44b,heartbeat,-47
2026-09-20T14:58:01.823338+00:00,AP_01,dev_382017e48c0d09cb,heartbeat,-50
2026-09-20T14:58:01.823338+00:00,AP_03,dev_b3417cd8c6c08f19,heartbeat,-43
2026-09-20T14:58:02.823338+00:00,AP_01,dev_e96f8bdb2ce51760,heartbeat,-54
2026-09-20T14:58:02.823338+00:00,AP_02,dev_02af9fa92d40a9af,heartbeat,-51
2026-09-20T14:58:02.823338+00:00,AP_02,dev_36251f494ec5e4c4,heartbeat,-54
2026-09-20T14:58:03.823338+00:00,AP_02,dev_bfa351d9deb65b50,heartbeat,-47
2026-09-20T14:58:03.823338+00:00,AP_02,dev_942144bd6b3fd842,heartbeat,-46
2026-09-20T14:58:04.823338+00:00,AP_01,dev_ef43c0dc8df3847e,heartbeat,-49
2026-09-20T14:58:04.823338+00:00,AP_01,dev_bee12d3e1f271e83,heartbeat,-53
2026-09-20T14:58:04.823338+00:00,AP_01,dev_d5facb6e4cdd0f8d,heartbeat,-53
2026-09-20T14:58:05.823338+00:00,AP_01,dev_0f3a5465c5be5029,heartbeat,-51
2026-09-20T14:58:05.823338+00:00,AP_01,dev_78b7476e077c5c58,heartbeat,-50
2026-09-20T14:58:05.823338+00:00,AP_02,dev_9ac7e0c7eb7246b5,heartbeat,-47
2026-09-20T14:58:05.823338+00:00,AP_02,dev_a9a77d30a2535eda,heartbeat,-45
2026-09-20T14:58:06.823338+00:00,AP_02,dev_cd0c870c9624e6f6,heartbeat,-47
2026-09-20T14:58:07.823338+00:00,AP_01,dev_adc0336ce46d9142,heartbeat,-52
2026-09-20T14:58:07.823338+00:00,AP_02,dev_3712f235b4616c4a,heartbeat,-52
2026-09-20T14:58:07.823338+00:00,AP_02,dev_298b986404f77877,heartbeat,-49
2026-09-20T14:58:08.823338+00:00,AP_02,dev_32123fce6801e287,heartbeat,-46
2026-09-20T14:58:09.823338+00:00,AP_03,dev_80d56b8303cd4403,heartbeat,-55
2026-09-20T14:58:10.823338+00:00,AP_01,dev_ac7b80880a1f3946,heartbeat,-54
2026-09-20T14:58:10.823338+00:00,AP_01,dev_de09aa0b03e5957e,heartbeat,-44
2026-09-20T14:58:11.823338+00:00,AP_01,dev_26be14216d4fd7c4,heartbeat,-51
2026-09-20T14:58:11.823338+00:00,AP_02,dev_47dd476b9bbabc00,heartbeat,-48
2026-09-20T14:58:12.823338+00:00,AP_01,dev_0feb402657ab950a,heartbeat,-49
2026-09-20T14:58:13.823338+00:00,AP_01,dev_570873d5e07620f7,heartbeat,-47
2026-09-20T14:58:14.823338+00:00,AP_01,dev_ec7f305d29851a5a,heartbeat,-53
2026-09-20T14:58:14.823338+00:00,AP_02,dev_4463e93e128fb718,heartbeat,-46
2026-09-20T14:58:15.823338+00:00,AP_01,dev_ba0ab9a640d8388b,heartbeat,-50
2026-09-20T14:58:15.823338+00:00,AP_01,dev_39ef6cebfea41e12,heartbeat,-53
2026-09-20T14:58:16.823338+00:00,AP_02,dev_fd835430174d2b7e,heartbeat,-50
2026-09-20T14:58:16.823338+00:00,AP_03,dev_14710bbb669656eb,heartbeat,-42
2026-09-20T14:58:17.823338+00:00,AP_01,dev_0e322e127a303cdd,heartbeat,-49
2026-09-20T14:58:17.823338+00:00,AP_02,dev_fda1e4d27c7ec351,heartbeat,-45
2026-09-20T14:58:17.823338+00:00,AP_02,dev_95f1a30bee85ba16,heartbeat,-46
2026-09-20T14:58:17.823338+00:00,AP_02,dev_bb34b21593bc8929,heartbeat,-47
2026-09-20T14:58:19.823338+00:00,AP_01,dev_761dbfebee20a1b6,heartbeat,-53
2026-09-20T14:58:20.823338+00:00,AP_02,dev_c8621d86e105ae2c,heartbeat,-44
2026-09-20T14:58:22.823338+00:00,AP_02,dev_5cb49a89349d804a,heartbeat,-52
2026-09-20T14:58:22.823338+00:00,AP_03,dev_172964ce995cefb5,heartbeat,-50
2026-09-20T14:58:23.823338+00:00,AP_01,dev_4ec6910610b8ee21,heartbeat,-48
2026-09-20T14:58:23.823338+00:00,AP_01,dev_dac9735c15d23598,heartbeat,-52
2026-09-20T14:58:24.823338+00:00,AP_02,dev_43e59eca12e9d77f,heartbeat,-48
2026-09-20T14:58:25.823338+00:00,AP_01,dev_a42ce750a950b6ed,heartbeat,-52
2026-09-20T14:58:26.823338+00:00,AP_01,dev_b00c9275f41b488e,heartbeat,-48
2026-09-20T14:58:26.823338+00:00,AP_02,dev_e275ee8bb2c9833c,heartbeat,-50
2026-09-20T14:58:26.823338+00:00,AP_02,dev_1730e5aaa7a31ce6,heartbeat,-48
2026-09-20T14:58:26.823338+00:00,AP_02,dev_be01eb2e5060c2ba,heartbeat,-51
2026-09-20T14:58:27.823338+00:00,AP_01,dev_46106d48bf350825,heartbeat,-48
2026-09-20T14:58:27.823338+00:00,AP_02,dev_09e69aaa959cdd44,heartbeat,-43
2026-09-20T14:58:29.823338+00:00,AP_01,dev_3b33fcd2e1d3f788,heartbeat,-54
2026-09-20T14:58:30.823338+00:00,AP_01,dev_382017e48c0d09cb,heartbeat,-55
2026-09-20T14:58:31.823338+00:00,AP_01,dev_ef43c0dc8df3847e,heartbeat,-47
2026-09-20T14:58:31.823338+00:00,AP_01,dev_4d55811fcbb2d44b,heartbeat,-50
2026-09-20T14:58:31.823338+00:00,AP_01,dev_de889d5c306ce367,connect,-78
2026-09-20T14:58:31.823338+00:00,AP_02,dev_36251f494ec5e4c4,heartbeat,-52
2026-09-20T14:58:31.823338+00:00,AP_02,dev_35eea70824060c98,heartbeat,-52
2026-09-20T14:58:32.823338+00:00,AP_02,dev_02af9fa92d40a9af,heartbeat,-47
2026-09-20T14:58:33.823338+00:00,AP_01,dev_78b7476e077c5c58,heartbeat,-48
2026-09-20T14:58:33.823338+00:00,AP_02,dev_bfa351d9deb65b50,heartbeat,-53
2026-09-20T14:58:33.823338+00:00,AP_02,dev_9ac7e0c7eb7246b5,heartbeat,-47
2026-09-20T14:58:33.823338+00:00,AP_03,dev_b3417cd8c6c08f19,heartbeat,-50
2026-09-20T14:58:34.823338+00:00,AP_01,dev_e96f8bdb2ce51760,heartbeat,-47
2026-09-20T14:58:34.823338+00:00,AP_01,dev_adc0336ce46d9142,heartbeat,-47
2026-09-20T14:58:34.823338+00:00,AP_02,dev_3712f235b4616c4a,heartbeat,-53
2026-09-20T14:58:35.823338+00:00,AP_01,dev_bee12d3e1f271e83,heartbeat,-52
2026-09-20T14:58:35.823338+00:00,AP_01,dev_d5facb6e4cdd0f8d,heartbeat,-46
2026-09-20T14:58:35.823338+00:00,AP_02,dev_298b986404f77877,heartbeat,-47
2026-09-20T14:58:35.823338+00:00,AP_02,dev_942144bd6b3fd842,heartbeat,-49
2026-09-20T14:58:36.823338+00:00,AP_01,dev_0f3a5465c5be5029,heartbeat,-51
2026-09-20T14:58:37.823338+00:00,AP_03,dev_80d56b8303cd4403,heartbeat,-49
2026-09-20T14:58:38.823338+00:00,AP_01,dev_ac7b80880a1f3946,heartbeat,-52
2026-09-20T14:58:38.823338+00:00,AP_01,dev_de09aa0b03e5957e,heartbeat,-47
2026-09-20T14:58:38.823338+00:00,AP_02,dev_a9a77d30a2535eda,heartbeat,-50
2026-09-20T14:58:38.823338+00:00,AP_02,dev_32123fce6801e287,heartbeat,-49
2026-09-20T14:58:39.823338+00:00,AP_01,dev_26be14216d4fd7c4,heartbeat,-47
2026-09-20T14:58:39.823338+00:00,AP_02,dev_cd0c870c9624e6f6,heartbeat,-52
2026-09-20T14:58:40.823338+00:00,AP_01,dev_de889d5c306ce367,disconnect,-77
2026-09-20T14:58:43.823338+00:00,AP_01,dev_0feb402657ab950a,heartbeat,-41
2026-09-20T14:58:43.823338+00:00,AP_02,dev_47dd476b9bbabc00,heartbeat,-51
2026-09-20T14:58:44.823338+00:00,AP_01,dev_570873d5e07620f7,heartbeat,-48
2026-09-20T14:58:44.823338+00:00,AP_01,dev_39ef6cebfea41e12,heartbeat,-49
2026-09-20T14:58:44.823338+00:00,AP_03,dev_14710bbb669656eb,heartbeat,-51
2026-09-20T14:58:45.823338+00:00,AP_01,dev_ba0ab9a640d8388b,heartbeat,-50
2026-09-20T14:58:45.823338+00:00,AP_01,dev_ec7f305d29851a5a,heartbeat,-49
2026-09-20T14:58:46.823338+00:00,AP_01,dev_761dbfebee20a1b6,heartbeat,-50
2026-09-20T14:58:47.823338+00:00,AP_01,dev_0e322e127a303cdd,heartbeat,-48
2026-09-20T14:58:47.823338+00:00,AP_02,dev_4463e93e128fb718,heartbeat,-45
2026-09-20T14:58:48.823338+00:00,AP_02,dev_95f1a30bee85ba16,heartbeat,-47
2026-09-20T14:58:48.823338+00:00,AP_02,dev_bb34b21593bc8929,heartbeat,-43
2026-09-20T14:58:49.823338+00:00,AP_02,dev_fd835430174d2b7e,heartbeat,-52
2026-09-20T14:58:50.823338+00:00,AP_02,dev_fda1e4d27c7ec351,heartbeat,-54
2026-09-20T14:58:51.823338+00:00,AP_02,dev_c8621d86e105ae2c,heartbeat,-57
2026-09-20T14:58:51.823338+00:00,AP_02,dev_5cb49a89349d804a,heartbeat,-54
2026-09-20T14:58:52.823338+00:00,AP_01,dev_4ec6910610b8ee21,heartbeat,-50
2026-09-20T14:58:52.823338+00:00,AP_01,dev_a42ce750a950b6ed,heartbeat,-52
2026-09-20T14:58:52.823338+00:00,AP_03,dev_172964ce995cefb5,heartbeat,-51
2026-09-20T14:58:54.823338+00:00,AP_01,dev_dac9735c15d23598,heartbeat,-48
2026-09-20T14:58:54.823338+00:00,AP_02,dev_43e59eca12e9d77f,heartbeat,-52
2026-09-20T14:58:56.823338+00:00,AP_01,dev_b00c9275f41b488e,heartbeat,-50
2026-09-20T14:58:57.823338+00:00,AP_01,dev_46106d48bf350825,heartbeat,-47
2026-09-20T14:58:57.823338+00:00,AP_02,dev_e275ee8bb2c9833c,heartbeat,-51
2026-09-20T14:58:57.823338+00:00,AP_02,dev_1730e5aaa7a31ce6,heartbeat,-45
2026-09-20T14:58:58.823338+00:00,AP_01,dev_3b33fcd2e1d3f788,heartbeat,-52
2026-09-20T14:58:58.823338+00:00,AP_02,dev_be01eb2e5060c2ba,heartbeat,-42
2026-09-20T14:58:59.823338+00:00,AP_02,dev_09e69aaa959cdd44,heartbeat,-47
2026-09-20T14:59:01.823338+00:00,AP_01,dev_e96f8bdb2ce51760,heartbeat,-48
2026-09-20T14:59:01.823338+00:00,AP_02,dev_36251f494ec5e4c4,heartbeat,-58
2026-09-20T14:59:02.823338+00:00,AP_01,dev_4d55811fcbb2d44b,heartbeat,-54
2026-09-20T14:59:02.823338+00:00,AP_02,dev_9ac7e0c7eb7246b5,heartbeat,-48
2026-09-20T14:59:02.823338+00:00,AP_03,dev_b3417cd8c6c08f19,heartbeat,-52
2026-09-20T14:59:02.823338+00:00,AP_02,dev_35eea70824060c98,heartbeat,-47
2026-09-20T14:59:03.823338+00:00,AP_01,dev_ef43c0dc8df3847e,heartbeat,-55
2026-09-20T14:59:03.823338+00:00,AP_01,dev_382017e48c0d09cb,heartbeat,-52
2026-09-20T14:59:03.823338+00:00,AP_02,dev_bfa351d9deb65b50,heartbeat,-54
2026-09-20T14:59:03.823338+00:00,AP_02,dev_942144bd6b3fd842,heartbeat,-47
2026-09-20T14:59:04.823338+00:00,AP_01,dev_78b7476e077c5c58,heartbeat,-55
2026-09-20T14:59:04.823338+00:00,AP_02,dev_02af9fa92d40a9af,heartbeat,-46
2026-09-20T14:59:04.823338+00:00,AP_03,dev_80d56b8303cd4403,heartbeat,-55
2026-09-20T14:59:06.823338+00:00,AP_01,dev_bee12d3e1f271e83,heartbeat,-44
2026-09-20T14:59:06.823338+00:00,AP_01,dev_ac7b80880a1f3946,heartbeat,-48
2026-09-20T14:59:06.823338+00:00,AP_01,dev_adc0336ce46d9142,heartbeat,-53
2026-09-20T14:59:06.823338+00:00,AP_01,dev_d5facb6e4cdd0f8d,heartbeat,-45
2026-09-20T14:59:06.823338+00:00,AP_02,dev_298b986404f77877,heartbeat,-55
2026-09-20T14:59:07.823338+00:00,AP_02,dev_3712f235b4616c4a,heartbeat,-45
2026-09-20T14:59:08.823338+00:00,AP_01,dev_de09aa0b03e5957e,heartbeat,-48
2026-09-20T14:59:08.823338+00:00,AP_02,dev_cd0c870c9624e6f6,heartbeat,-50
2026-09-20T14:59:09.823338+00:00,AP_01,dev_0f3a5465c5be5029,heartbeat,-51
2026-09-20T14:59:09.823338+00:00,AP_02,dev_32123fce6801e287,heartbeat,-48
2026-09-20T14:59:10.823338+00:00,AP_01,dev_26be14216d4fd7c4,heartbeat,-54
2026-09-20T14:59:11.823338+00:00,AP_02,dev_a9a77d30a2535eda,heartbeat,-55
2026-09-20T14:59:13.823338+00:00,AP_01,dev_ec7f305d29851a5a,heartbeat,-52
2026-09-20T14:59:14.823338+00:00,AP_01,dev_570873d5e07620f7,heartbeat,-48
2026-09-20T14:59:14.823338+00:00,AP_01,dev_39ef6cebfea41e12,heartbeat,-58
2026-09-20T14:59:14.823338+00:00,AP_01,dev_0feb402657ab950a,heartbeat,-57
2026-09-20T14:59:14.823338+00:00,AP_03,dev_14710bbb669656eb,heartbeat,-53
2026-09-20T14:59:15.823338+00:00,AP_01,dev_ba0ab9a640d8388b,heartbeat,-47
2026-09-20T14:59:15.823338+00:00,AP_01,dev_761dbfebee20a1b6,heartbeat,-47
2026-09-20T14:59:15.823338+00:00,AP_02,dev_47dd476b9bbabc00,heartbeat,-46
2026-09-20T14:59:15.823338+00:00,AP_02,dev_bb34b21593bc8929,heartbeat,-55
2026-09-20T14:59:16.823338+00:00,AP_01,dev_0e322e127a303cdd,heartbeat,-50
2026-09-20T14:59:16.823338+00:00,AP_02,dev_4463e93e128fb718,heartbeat,-51
2026-09-20T14:59:19.823338+00:00,AP_03,dev_172964ce995cefb5,heartbeat,-44
2026-09-20T14:59:20.823338+00:00,AP_02,dev_c8621d86e105ae2c,heartbeat,-45
2026-09-20T14:59:20.823338+00:00,AP_02,dev_95f1a30bee85ba16,heartbeat,-54
2026-09-20T14:59:21.823338+00:00,AP_02,dev_fda1e4d27c7ec351,heartbeat,-53
2026-09-20T14:59:21.823338+00:00,AP_02,dev_fd835430174d2b7e,heartbeat,-46
2026-09-20T14:59:23.823338+00:00,AP_01,dev_a42ce750a950b6ed,heartbeat,-52
2026-09-20T14:59:23.823338+00:00,AP_02,dev_5cb49a89349d804a,heartbeat,-45
2026-09-20T14:59:24.823338+00:00,AP_01,dev_46106d48bf350825,heartbeat,-48
2026-09-20T14:59:25.823338+00:00,AP_01,dev_4ec6910610b8ee21,heartbeat,-43
2026-09-20T14:59:25.823338+00:00,AP_01,dev_b00c9275f41b488e,heartbeat,-48
2026-09-20T14:59:25.823338+00:00,AP_02,dev_43e59eca12e9d77f,heartbeat,-43
2026-09-20T14:59:25.823338+00:00,AP_02,dev_be01eb2e5060c2ba,heartbeat,-50
2026-09-20T14:59:26.823338+00:00,AP_01,dev_dac9735c15d23598,heartbeat,-51
2026-09-20T14:59:29.823338+00:00,AP_02,dev_e275ee8bb2c9833c,heartbeat,-49
2026-09-20T14:59:29.823338+00:00,AP_02,dev_36251f494ec5e4c4,heartbeat,-47
2026-09-20T14:59:30.823338+00:00,AP_02,dev_bfa351d9deb65b50,heartbeat,-53
2026-09-20T14:59:30.823338+00:00,AP_02,dev_1730e5aaa7a31ce6,heartbeat,-53
2026-09-20T14:59:31.823338+00:00,AP_01,dev_ef43c0dc8df3847e,heartbeat,-50
2026-09-20T14:59:31.823338+00:00,AP_01,dev_4d55811fcbb2d44b,heartbeat,-47
2026-09-20T14:59:31.823338+00:00,AP_01,dev_3b33fcd2e1d3f788,heartbeat,-54
2026-09-20T14:59:32.823338+00:00,AP_02,dev_02af9fa92d40a9af,heartbeat,-45
2026-09-20T14:59:32.823338+00:00,AP_02,dev_9ac7e0c7eb7246b5,heartbeat,-48
2026-09-20T14:59:32.823338+00:00,AP_02,dev_35eea70824060c98,heartbeat,-45
2026-09-20T14:59:32.823338+00:00,AP_02,dev_09e69aaa959cdd44,heartbeat,-48
2026-09-20T14:59:33.823338+00:00,AP_01,dev_e96f8bdb2ce51760,heartbeat,-45
2026-09-20T14:59:33.823338+00:00,AP_01,dev_78b7476e077c5c58,heartbeat,-54
2026-09-20T14:59:33.823338+00:00,AP_01,dev_d5facb6e4cdd0f8d,heartbeat,-50
2026-09-20T14:59:34.823338+00:00,AP_01,dev_ac7b80880a1f3946,heartbeat,-46
2026-09-20T14:59:34.823338+00:00,AP_01,dev_382017e48c0d09cb,heartbeat,-50
2026-09-20T14:59:34.823338+00:00,AP_03,dev_b3417cd8c6c08f19,heartbeat,-53
2026-09-20T14:59:34.823338+00:00,AP_03,dev_80d56b8303cd4403,heartbeat,-41
2026-09-20T14:59:35.823338+00:00,AP_01,dev_bee12d3e1f271e83,heartbeat,-53
2026-09-20T14:59:35.823338+00:00,AP_02,dev_942144bd6b3fd842,heartbeat,-49
2026-09-20T14:59:36.823338+00:00,AP_01,dev_adc0336ce46d9142,heartbeat,-40
2026-09-20T14:59:36.823338+00:00,AP_02,dev_3712f235b4616c4a,heartbeat,-53
2026-09-20T14:59:37.823338+00:00,AP_01,dev_0f3a5465c5be5029,heartbeat,-50
2026-09-20T14:59:38.823338+00:00,AP_02,dev_cd0c870c9624e6f6,heartbeat,-45
2026-09-20T14:59:39.823338+00:00,AP_02,dev_298b986404f77877,heartbeat,-52
2026-09-20T14:59:40.823338+00:00,AP_01,dev_de09aa0b03e5957e,heartbeat,-49
2026-09-20T14:59:41.823338+00:00,AP_01,dev_26be14216d4fd7c4,heartbeat,-44
2026-09-20T14:59:41.823338+00:00,AP_01,dev_570873d5e07620f7,heartbeat,-50
2026-09-20T14:59:41.823338+00:00,AP_01,dev_0feb402657ab950a,heartbeat,-51
2026-09-20T14:59:42.823338+00:00,AP_01,dev_ba0ab9a640d8388b,heartbeat,-43
2026-09-20T14:59:42.823338+00:00,AP_02,dev_bb34b21593bc8929,heartbeat,-53
2026-09-20T14:59:42.823338+00:00,AP_02,dev_32123fce6801e287,heartbeat,-53
2026-09-20T14:59:43.823338+00:00,AP_01,dev_ec7f305d29851a5a,heartbeat,-49
2026-09-20T14:59:43.823338+00:00,AP_02,dev_a9a77d30a2535eda,heartbeat,-43
2026-09-20T14:59:43.823338+00:00,AP_03,dev_14710bbb669656eb,heartbeat,-49
2026-09-20T14:59:47.823338+00:00,AP_01,dev_39ef6cebfea41e12,heartbeat,-47
2026-09-20T14:59:47.823338+00:00,AP_02,dev_4463e93e128fb718,heartbeat,-48
2026-09-20T14:59:47.823338+00:00,AP_02,dev_c8621d86e105ae2c,heartbeat,-52
2026-09-20T14:59:48.823338+00:00,AP_01,dev_761dbfebee20a1b6,heartbeat,-51
2026-09-20T14:59:48.823338+00:00,AP_02,dev_47dd476b9bbabc00,heartbeat,-48
2026-09-20T14:59:48.823338+00:00,AP_02,dev_95f1a30bee85ba16,heartbeat,-53
2026-09-20T14:59:49.823338+00:00,AP_01,dev_0e322e127a303cdd,heartbeat,-53
2026-09-20T14:59:49.823338+00:00,AP_03,dev_172964ce995cefb5,heartbeat,-47
2026-09-20T14:59:50.823338+00:00,AP_02,dev_fd835430174d2b7e,heartbeat,-50
2026-09-20T14:59:52.823338+00:00,AP_01,dev_46106d48bf350825,heartbeat,-49
2026-09-20T14:59:52.823338+00:00,AP_02,dev_fda1e4d27c7ec351,heartbeat,-52
2026-09-20T14:59:52.823338+00:00,AP_02,dev_be01eb2e5060c2ba,heartbeat,-48
2026-09-20T14:59:53.823338+00:00,AP_02,dev_5cb49a89349d804a,heartbeat,-49
2026-09-20T14:59:56.823338+00:00,AP_01,dev_dac9735c15d23598,heartbeat,-44
2026-09-20T14:59:56.823338+00:00,AP_01,dev_a42ce750a950b6ed,heartbeat,-48
2026-09-20T14:59:57.823338+00:00,AP_01,dev_4ec6910610b8ee21,heartbeat,-51
2026-09-20T14:59:57.823338+00:00,AP_01,dev_b00c9275f41b488e,heartbeat,-55
2026-09-20T14:59:57.823338+00:00,AP_02,dev_36251f494ec5e4c4,heartbeat,-45
2026-09-20T14:59:58.823338+00:00,AP_02,dev_43e59eca12e9d77f,heartbeat,-46
2026-09-20T14:59:59.823338+00:00,AP_02,dev_bfa351d9deb65b50,heartbeat,-53
2026-09-20T14:59:59.823338+00:00,AP_02,dev_1730e5aaa7a31ce6,heartbeat,-48
2026-09-20T15:00:00.823338+00:00,AP_01,dev_e96f8bdb2ce51760,heartbeat,-52
2026-09-20T15:00:00.823338+00:00,AP_02,dev_e275ee8bb2c9833c,heartbeat,-46
2026-09-20T15:00:00.823338+00:00,AP_02,dev_09e69aaa959cdd44,heartbeat,-48
2026-09-20T15:00:01.823338+00:00,AP_01,dev_3b33fcd2e1d3f788,heartbeat,-45
2026-09-20T15:00:01.823338+00:00,AP_01,dev_78b7476e077c5c58,heartbeat,-54
2026-09-20T15:00:02.823338+00:00,AP_01,dev_bee12d3e1f271e83,heartbeat,-45
2026-09-20T15:00:02.823338+00:00,AP_02,dev_942144bd6b3fd842,heartbeat,-50
2026-09-20T15:00:03.823338+00:00,AP_01,dev_ef43c0dc8df3847e,heartbeat,-49
2026-09-20T15:00:03.823338+00:00,AP_01,dev_4d55811fcbb2d44b,heartbeat,-51
2026-09-20T15:00:03.823338+00:00,AP_01,dev_ac7b80880a1f3946,heartbeat,-55
2026-09-20T15:00:03.823338+00:00,AP_02,dev_3712f235b4616c4a,heartbeat,-50
2026-09-20T15:00:03.823338+00:00,AP_03,dev_80d56b8303cd4403,heartbeat,-46
2026-09-20T15:00:04.823338+00:00,AP_02,dev_02af9fa92d40a9af,heartbeat,-47
2026-09-20T15:00:04.823338+00:00,AP_03,dev_b3417cd8c6c08f19,heartbeat,-43
2026-09-20T15:00:04.823338+00:00,AP_02,dev_35eea70824060c98,heartbeat,-43
2026-09-20T15:00:05.823338+00:00,AP_01,dev_d5facb6e4cdd0f8d,heartbeat,-53
2026-09-20T15:00:05.823338+00:00,AP_02,dev_9ac7e0c7eb7246b5,heartbeat,-47
2026-09-20T15:00:05.823338+00:00,AP_02,dev_cd0c870c9624e6f6,heartbeat,-52
2026-09-20T15:00:06.823338+00:00,AP_01,dev_0f3a5465c5be5029,heartbeat,-44
2026-09-20T15:00:07.823338+00:00,AP_01,dev_382017e48c0d09cb,heartbeat,-54
2026-09-20T15:00:08.823338+00:00,AP_01,dev_adc0336ce46d9142,heartbeat,-49
2026-09-20T15:00:08.823338+00:00,AP_02,dev_298b986404f77877,heartbeat,-52
2026-09-20T15:00:09.823338+00:00,AP_01,dev_570873d5e07620f7,heartbeat,-49
2026-09-20T15:00:11.823338+00:00,AP_02,dev_32123fce6801e287,heartbeat,-47
2026-09-20T15:00:12.823338+00:00,AP_01,dev_26be14216d4fd7c4,heartbeat,-43
2026-09-20T15:00:12.823338+00:00,AP_01,dev_de09aa0b03e5957e,heartbeat,-55
2026-09-20T15:00:12.823338+00:00,AP_01,dev_0feb402657ab950a,heartbeat,-45
2026-09-20T15:00:12.823338+00:00,AP_02,dev_bb34b21593bc8929,heartbeat,-55
2026-09-20T15:00:12.823338+00:00,AP_03,dev_14710bbb669656eb,heartbeat,-46
2026-09-20T15:00:13.823338+00:00,AP_01,dev_ec7f305d29851a5a,heartbeat,-48
2026-09-20T15:00:14.823338+00:00,AP_02,dev_a9a77d30a2535eda,heartbeat,-47
2026-09-20T15:00:15.823338+00:00,AP_01,dev_ba0ab9a640d8388b,heartbeat,-47
2026-09-20T15:00:15.823338+00:00,AP_01,dev_39ef6cebfea41e12,heartbeat,-51
2026-09-20T15:00:15.823338+00:00,AP_02,dev_95f1a30bee85ba16,heartbeat,-52
2026-09-20T15:00:16.823338+00:00,AP_01,dev_0e322e127a303cdd,heartbeat,-47
2026-09-20T15:00:17.823338+00:00,AP_02,dev_4463e93e128fb718,heartbeat,-47
2026-09-20T15:00:17.823338+00:00,AP_02,dev_c8621d86e105ae2c,heartbeat,-49
2026-09-20T15:00:17.823338+00:00,AP_02,dev_fd835430174d2b7e,heartbeat,-47
2026-09-20T15:00:18.823338+00:00,AP_02,dev_47dd476b9bbabc00,heartbeat,-50
2026-09-20T15:00:19.823338+00:00,AP_01,dev_761dbfebee20a1b6,heartbeat,-50
2026-09-20T15:00:19.823338+00:00,AP_01,dev_46106d48bf350825,heartbeat,-47
2026-09-20T15:00:20.823338+00:00,AP_03,dev_172964ce995cefb5,heartbeat,-46
2026-09-20T15:00:22.823338+00:00,AP_02,dev_5cb49a89349d804a,heartbeat,-47
2026-09-20T15:00:23.823338+00:00,AP_02,dev_fda1e4d27c7ec351,heartbeat,-52
2026-09-20T15:00:23.823338+00:00,AP_02,dev_be01eb2e5060c2ba,heartbeat,-45
2026-09-20T15:00:25.823338+00:00,AP_01,dev_dac9735c15d23598,heartbeat,-44
2026-09-20T15:00:26.823338+00:00,AP_02,dev_bfa351d9deb65b50,heartbeat,-49
2026-09-20T15:00:27.823338+00:00,AP_01,dev_e96f8bdb2ce51760,heartbeat,-52
2026-09-20T15:00:27.823338+00:00,AP_01,dev_4ec6910610b8ee21,heartbeat,-51
2026-09-20T15:00:27.823338+00:00,AP_02,dev_e275ee8bb2c9833c,heartbeat,-49
2026-09-20T15:00:27.823338+00:00,AP_02,dev_1730e5aaa7a31ce6,heartbeat,-50
2026-09-20T15:00:28.823338+00:00,AP_02,dev_43e59eca12e9d77f,heartbeat,-50
2026-09-20T15:00:29.823338+00:00,AP_01,dev_b00c9275f41b488e,heartbeat,-50
2026-09-20T15:00:29.823338+00:00,AP_01,dev_a42ce750a950b6ed,heartbeat,-45
2026-09-20T15:00:29.823338+00:00,AP_02,dev_36251f494ec5e4c4,heartbeat,-49
2026-09-20T15:00:30.823338+00:00,AP_01,dev_ac7b80880a1f3946,heartbeat,-47
2026-09-20T15:00:31.823338+00:00,AP_02,dev_02af9fa92d40a9af,heartbeat,-47
2026-09-20T15:00:32.823338+00:00,AP_01,dev_4d55811fcbb2d44b,heartbeat,-46
2026-09-20T15:00:32.823338+00:00,AP_01,dev_bee12d3e1f271e83,heartbeat,-48
2026-09-20T15:00:32.823338+00:00,AP_01,dev_3b33fcd2e1d3f788,heartbeat,-49
2026-09-20T15:00:33.823338+00:00,AP_01,dev_78b7476e077c5c58,heartbeat,-46
2026-09-20T15:00:33.823338+00:00,AP_02,dev_9ac7e0c7eb7246b5,heartbeat,-52
2026-09-20T15:00:33.823338+00:00,AP_02,dev_cd0c870c9624e6f6,heartbeat,-46
2026-09-20T15:00:33.823338+00:00,AP_03,dev_b3417cd8c6c08f19,heartbeat,-57
2026-09-20T15:00:33.823338+00:00,AP_02,dev_09e69aaa959cdd44,heartbeat,-54
2026-09-20T15:00:34.823338+00:00,AP_02,dev_3712f235b4616c4a,heartbeat,-53
2026-09-20T15:00:34.823338+00:00,AP_02,dev_942144bd6b3fd842,heartbeat,-43
2026-09-20T15:00:35.823338+00:00,AP_01,dev_ef43c0dc8df3847e,heartbeat,-48
2026-09-20T15:00:36.823338+00:00,AP_01,dev_0f3a5465c5be5029,heartbeat,-48
2026-09-20T15:00:36.823338+00:00,AP_03,dev_80d56b8303cd4403,heartbeat,-51
2026-09-20T15:00:37.823338+00:00,AP_01,dev_382017e48c0d09cb,heartbeat,-49
2026-09-20T15:00:37.823338+00:00,AP_02,dev_35eea70824060c98,heartbeat,-50
2026-09-20T15:00:38.823338+00:00,AP_01,dev_d5facb6e4cdd0f8d,heartbeat,-53
2026-09-20T15:00:40.823338+00:00,AP_01,dev_26be14216d4fd7c4,heartbeat,-46
2026-09-20T15:00:40.823338+00:00,AP_01,dev_de09aa0b03e5957e,heartbeat,-52
2026-09-20T15:00:40.823338+00:00,AP_01,dev_adc0336ce46d9142,heartbeat,-55
2026-09-20T15:00:40.823338+00:00,AP_03,dev_14710bbb669656eb,heartbeat,-49
2026-09-20T15:00:41.823338+00:00,AP_02,dev_298b986404f77877,heartbeat,-49
2026-09-20T15:00:41.823338+00:00,AP_02,dev_32123fce6801e287,heartbeat,-57
2026-09-20T15:00:42.823338+00:00,AP_01,dev_570873d5e07620f7,heartbeat,-49
2026-09-20T15:00:42.823338+00:00,AP_01,dev_39ef6cebfea41e12,heartbeat,-46
2026-09-20T15:00:43.823338+00:00,AP_01,dev_0feb402657ab950a,heartbeat,-49
2026-09-20T15:00:43.823338+00:00,AP_02,dev_bb34b21593bc8929,heartbeat,-49
2026-09-20T15:00:44.823338+00:00,AP_01,dev_ba0ab9a640d8388b,heartbeat,-49
2026-09-20T15:00:44.823338+00:00,AP_01,dev_0e322e127a303cdd,heartbeat,-50
2026-09-20T15:00:44.823338+00:00,AP_01,dev_ec7f305d29851a5a,heartbeat,-45
2026-09-20T15:00:44.823338+00:00,AP_02,dev_c8621d86e105ae2c,heartbeat,-49
2026-09-20T15:00:44.823338+00:00,AP_02,dev_95f1a30bee85ba16,heartbeat,-43
2026-09-20T15:00:45.823338+00:00,AP_02,dev_47dd476b9bbabc00,heartbeat,-47
2026-09-20T15:00:47.823338+00:00,AP_01,dev_46106d48bf350825,heartbeat,-49
2026-09-20T15:00:47.823338+00:00,AP_02,dev_a9a77d30a2535eda,heartbeat,-51
2026-09-20T15:00:48.823338+00:00,AP_02,dev_4463e93e128fb718,heartbeat,-49
2026-09-20T15:00:48.823338+00:00,AP_02,dev_fd835430174d2b7e,heartbeat,-50
2026-09-20T15:00:50.823338+00:00,AP_02,dev_fda1e4d27c7ec351,heartbeat,-47
2026-09-20T15:00:51.823338+00:00,AP_01,dev_761dbfebee20a1b6,heartbeat,-53
2026-09-20T15:00:51.823338+00:00,AP_02,dev_5cb49a89349d804a,heartbeat,-45
2026-09-20T15:00:51.823338+00:00,AP_03,dev_172964ce995cefb5,heartbeat,-50
2026-09-20T15:00:53.823338+00:00,AP_01,dev_dac9735c15d23598,heartbeat,-50
2026-09-20T15:00:54.823338+00:00,AP_02,dev_be01eb2e5060c2ba,heartbeat,-43
2026-09-20T15:00:55.823338+00:00,AP_01,dev_e96f8bdb2ce51760,heartbeat,-44
2026-09-20T15:00:55.823338+00:00,AP_02,dev_bfa351d9deb65b50,heartbeat,-51
2026-09-20T15:00:56.823338+00:00,AP_01,dev_a42ce750a950b6ed,heartbeat,-54
2026-09-20T15:00:56.823338+00:00,AP_02,dev_36251f494ec5e4c4,heartbeat,-44
2026-09-20T15:00:56.823338+00:00,AP_02,dev_1730e5aaa7a31ce6,heartbeat,-51
2026-09-20T15:00:56.823338+00:00,AP_02,dev_43e59eca12e9d77f,heartbeat,-49
2026-09-20T15:00:57.823338+00:00,AP_01,dev_ac7b80880a1f3946,heartbeat,-41
2026-09-20T15:00:57.823338+00:00,AP_01,dev_4ec6910610b8ee21,heartbeat,-48
2026-09-20T15:00:58.823338+00:00,AP_02,dev_e275ee8bb2c9833c,heartbeat,-48
2026-09-20T15:00:58.823338+00:00,AP_02,dev_02af9fa92d40a9af,heartbeat,-42
2026-09-20T15:01:00.823338+00:00,AP_01,dev_bee12d3e1f271e83,heartbeat,-46
2026-09-20T15:01:00.823338+00:00,AP_01,dev_78b7476e077c5c58,heartbeat,-45
2026-09-20T15:01:00.823338+00:00,AP_01,dev_b00c9275f41b488e,heartbeat,-52
2026-09-20T15:01:01.823338+00:00,AP_02,dev_9ac7e0c7eb7246b5,heartbeat,-51
2026-09-20T15:01:02.823338+00:00,AP_01,dev_ef43c0dc8df3847e,heartbeat,-52
2026-09-20T15:01:02.823338+00:00,AP_02,dev_cd0c870c9624e6f6,heartbeat,-57
2026-09-20T15:01:02.823338+00:00,AP_02,dev_09e69aaa959cdd44,heartbeat,-51
2026-09-20T15:01:03.823338+00:00,AP_03,dev_b3417cd8c6c08f19,heartbeat,-55
2026-09-20T15:01:03.823338+00:00,AP_03,dev_80d56b8303cd4403,heartbeat,-51
2026-09-20T15:01:04.823338+00:00,AP_01,dev_4d55811fcbb2d44b,heartbeat,-56
2026-09-20T15:01:04.823338+00:00,AP_01,dev_0f3a5465c5be5029,heartbeat,-51
2026-09-20T15:01:04.823338+00:00,AP_02,dev_942144bd6b3fd842,heartbeat,-46
2026-09-20T15:01:05.823338+00:00,AP_01,dev_3b33fcd2e1d3f788,heartbeat,-51
2026-09-20T15:01:05.823338+00:00,AP_02,dev_3712f235b4616c4a,heartbeat,-52
2026-09-20T15:01:07.823338+00:00,AP_01,dev_adc0336ce46d9142,heartbeat,-50
2026-09-20T15:01:08.823338+00:00,AP_01,dev_de09aa0b03e5957e,heartbeat,-49
2026-09-20T15:01:08.823338+00:00,AP_02,dev_35eea70824060c98,heartbeat,-45
2026-09-20T15:01:09.823338+00:00,AP_01,dev_26be14216d4fd7c4,heartbeat,-56
2026-09-20T15:01:09.823338+00:00,AP_01,dev_570873d5e07620f7,heartbeat,-52
2026-09-20T15:01:09.823338+00:00,AP_01,dev_382017e48c0d09cb,heartbeat,-49
2026-09-20T15:01:09.823338+00:00,AP_01,dev_d5facb6e4cdd0f8d,heartbeat,-49
2026-09-20T15:01:09.823338+00:00,AP_02,dev_298b986404f77877,heartbeat,-55
2026-09-20T15:01:10.823338+00:00,AP_02,dev_32123fce6801e287,heartbeat,-49
2026-09-20T15:01:11.823338+00:00,AP_01,dev_0feb402657ab950a,heartbeat,-59
2026-09-20T15:01:12.823338+00:00,AP_01,dev_ba0ab9a640d8388b,heartbeat,-51
2026-09-20T15:01:12.823338+00:00,AP_02,dev_c8621d86e105ae2c,heartbeat,-50
2026-09-20T15:01:12.823338+00:00,AP_03,dev_14710bbb669656eb,heartbeat,-48
2026-09-20T15:01:13.823338+00:00,AP_02,dev_bb34b21593bc8929,heartbeat,-48
2026-09-20T15:01:14.823338+00:00,AP_01,dev_39ef6cebfea41e12,heartbeat,-55
2026-09-20T15:01:14.823338+00:00,AP_02,dev_47dd476b9bbabc00,heartbeat,-56
2026-09-20T15:01:15.823338+00:00,AP_01,dev_ec7f305d29851a5a,heartbeat,-49
2026-09-20T15:01:15.823338+00:00,AP_02,dev_95f1a30bee85ba16,heartbeat,-44
2026-09-20T15:01:16.823338+00:00,AP_01,dev_0e322e127a303cdd,heartbeat,-59
2026-09-20T15:01:16.823338+00:00,AP_02,dev_fd835430174d2b7e,heartbeat,-40
2026-09-20T15:01:18.823338+00:00,AP_02,dev_a9a77d30a2535eda,heartbeat,-52
2026-09-20T15:01:18.823338+00:00,AP_03,dev_172964ce995cefb5,heartbeat,-49
2026-09-20T15:01:19.823338+00:00,AP_02,dev_5cb49a89349d804a,heartbeat,-49
2026-09-20T15:01:20.823338+00:00,AP_01,dev_46106d48bf350825,heartbeat,-49
2026-09-20T15:01:20.823338+00:00,AP_02,dev_fda1e4d27c7ec351,heartbeat,-54
2026-09-20T15:01:21.823338+00:00,AP_02,dev_4463e93e128fb718,heartbeat,-54
2026-09-20T15:01:21.823338+00:00,AP_02,dev_be01eb2e5060c2ba,heartbeat,-43
2026-09-20T15:01:23.823338+00:00,AP_01,dev_761dbfebee20a1b6,heartbeat,-51
2026-09-20T15:01:23.823338+00:00,AP_01,dev_a42ce750a950b6ed,heartbeat,-56
2026-09-20T15:01:24.823338+00:00,AP_02,dev_bfa351d9deb65b50,heartbeat,-51
2026-09-20T15:01:25.823338+00:00,AP_01,dev_ac7b80880a1f3946,heartbeat,-46
2026-09-20T15:01:25.823338+00:00,AP_01,dev_4ec6910610b8ee21,heartbeat,-49
2026-09-20T15:01:26.823338+00:00,AP_01,dev_dac9735c15d23598,heartbeat,-51
2026-09-20T15:01:26.823338+00:00,AP_02,dev_36251f494ec5e4c4,heartbeat,-52
2026-09-20T15:01:26.823338+00:00,AP_02,dev_1730e5aaa7a31ce6,heartbeat,-51
2026-09-20T15:01:27.823338+00:00,AP_02,dev_02af9fa92d40a9af,heartbeat,-45
2026-09-20T15:01:27.823338+00:00,AP_02,dev_43e59eca12e9d77f,heartbeat,-52
2026-09-20T15:01:28.823338+00:00,AP_01,dev_e96f8bdb2ce51760,heartbeat,-49
2026-09-20T15:01:29.823338+00:00,AP_01,dev_78b7476e077c5c58,heartbeat,-47
2026-09-20T15:01:29.823338+00:00,AP_02,dev_9ac7e0c7eb7246b5,heartbeat,-48
2026-09-20T15:01:29.823338+00:00,AP_02,dev_cd0c870c9624e6f6,heartbeat,-47
2026-09-20T15:01:30.823338+00:00,AP_02,dev_e275ee8bb2c9833c,heartbeat,-46
2026-09-20T15:01:31.823338+00:00,AP_01,dev_4d55811fcbb2d44b,heartbeat,-50
2026-09-20T15:01:31.823338+00:00,AP_01,dev_bee12d3e1f271e83,heartbeat,-50
2026-09-20T15:01:31.823338+00:00,AP_02,dev_09e69aaa959cdd44,heartbeat,-50
2026-09-20T15:01:31.823338+00:00,AP_03,dev_80d56b8303cd4403,heartbeat,-50
2026-09-20T15:01:32.823338+00:00,AP_03,dev_b3417cd8c6c08f19,heartbeat,-46
2026-09-20T15:01:33.823338+00:00,AP_01,dev_ef43c0dc8df3847e,heartbeat,-44
2026-09-20T15:01:33.823338+00:00,AP_01,dev_3b33fcd2e1d3f788,heartbeat,-43
2026-09-20T15:01:33.823338+00:00,AP_01,dev_b00c9275f41b488e,heartbeat,-49
2026-09-20T15:01:36.823338+00:00,AP_02,dev_942144bd6b3fd842,heartbeat,-47
2026-09-20T15:01:37.823338+00:00,AP_01,dev_570873d5e07620f7,heartbeat,-55
2026-09-20T15:01:37.823338+00:00,AP_01,dev_382017e48c0d09cb,heartbeat,-47
2026-09-20T15:01:37.823338+00:00,AP_01,dev_0f3a5465c5be5029,heartbeat,-48
2026-09-20T15:01:37.823338+00:00,AP_02,dev_32123fce6801e287,heartbeat,-45
2026-09-20T15:01:38.823338+00:00,AP_01,dev_26be14216d4fd7c4,heartbeat,-51
2026-09-20T15:01:38.823338+00:00,AP_01,dev_de09aa0b03e5957e,heartbeat,-50
2026-09-20T15:01:38.823338+00:00,AP_01,dev_adc0336ce46d9142,heartbeat,-60
2026-09-20T15:01:38.823338+00:00,AP_02,dev_3712f235b4616c4a,heartbeat,-47
2026-09-20T15:01:39.823338+00:00,AP_01,dev_d5facb6e4cdd0f8d,heartbeat,-48
2026-09-20T15:01:39.823338+00:00,AP_01,dev_0feb402657ab950a,heartbeat,-47
2026-09-20T15:01:39.823338+00:00,AP_02,dev_35eea70824060c98,heartbeat,-45
2026-09-20T15:01:42.823338+00:00,AP_01,dev_ba0ab9a640d8388b,heartbeat,-52
2026-09-20T15:01:42.823338+00:00,AP_02,dev_298b986404f77877,heartbeat,-46
2026-09-20T15:01:43.823338+00:00,AP_02,dev_c8621d86e105ae2c,heartbeat,-49
2026-09-20T15:01:43.823338+00:00,AP_02,dev_95f1a30bee85ba16,heartbeat,-47
2026-09-20T15:01:43.823338+00:00,AP_02,dev_bb34b21593bc8929,heartbeat,-50
2026-09-20T15:01:43.823338+00:00,AP_03,dev_14710bbb669656eb,heartbeat,-49
2026-09-20T15:01:44.823338+00:00,AP_01,dev_0e322e127a303cdd,heartbeat,-49
2026-09-20T15:01:45.823338+00:00,AP_01,dev_39ef6cebfea41e12,heartbeat,-50
2026-09-20T15:01:45.823338+00:00,AP_02,dev_47dd476b9bbabc00,heartbeat,-48
2026-09-20T15:01:45.823338+00:00,AP_02,dev_fd835430174d2b7e,heartbeat,-52
2026-09-20T15:01:46.823338+00:00,AP_01,dev_ec7f305d29851a5a,heartbeat,-53
2026-09-20T15:01:46.823338+00:00,AP_02,dev_a9a77d30a2535eda,heartbeat,-51
2026-09-20T15:01:48.823338+00:00,AP_02,dev_5cb49a89349d804a,heartbeat,-56
2026-09-20T15:01:49.823338+00:00,AP_01,dev_46106d48bf350825,heartbeat,-50
2026-09-20T15:01:50.823338+00:00,AP_02,dev_fda1e4d27c7ec351,heartbeat,-56
2026-09-20T15:01:51.823338+00:00,AP_03,dev_172964ce995cefb5,heartbeat,-56
2026-09-20T15:01:52.823338+00:00,AP_02,dev_be01eb2e5060c2ba,heartbeat,-46
2026-09-20T15:01:53.823338+00:00,AP_01,dev_4ec6910610b8ee21,heartbeat,-53
2026-09-20T15:01:53.823338+00:00,AP_01,dev_a42ce750a950b6ed,heartbeat,-49
2026-09-20T15:01:53.823338+00:00,AP_02,dev_4463e93e128fb718,heartbeat,-47
2026-09-20T15:01:53.823338+00:00,AP_02,dev_bfa351d9deb65b50,heartbeat,-52
2026-09-20T15:01:53.823338+00:00,AP_02,dev_36251f494ec5e4c4,heartbeat,-49
2026-09-20T15:01:54.823338+00:00,AP_02,dev_02af9fa92d40a9af,heartbeat,-48
2026-09-20T15:01:56.823338+00:00,AP_01,dev_e96f8bdb2ce51760,heartbeat,-48
2026-09-20T15:01:56.823338+00:00,AP_01,dev_761dbfebee20a1b6,heartbeat,-47
2026-09-20T15:01:56.823338+00:00,AP_01,dev_ac7b80880a1f3946,heartbeat,-52
2026-09-20T15:01:57.823338+00:00,AP_01,dev_dac9735c15d23598,heartbeat,-47
2026-09-20T15:01:57.823338+00:00,AP_02,dev_9ac7e0c7eb7246b5,heartbeat,-53
2026-09-20T15:01:57.823338+00:00,AP_02,dev_43e59eca12e9d77f,heartbeat,-50
2026-09-20T15:01:58.823338+00:00,AP_02,dev_1730e5aaa7a31ce6,heartbeat,-48
2026-09-20T15:01:59.823338+00:00,AP_02,dev_e275ee8bb2c9833c,heartbeat,-46
2026-09-20T15:01:59.823338+00:00,AP_02,dev_09e69aaa959cdd44,heartbeat,-46
2026-09-20T15:01:59.823338+00:00,AP_03,dev_80d56b8303cd4403,heartbeat,-42
2026-09-20T15:02:00.823338+00:00,AP_01,dev_4d55811fcbb2d44b,heartbeat,-56
2026-09-20T15:02:00.823338+00:00,AP_01,dev_bee12d3e1f271e83,heartbeat,-45
2026-09-20T15:02:01.823338+00:00,AP_01,dev_3b33fcd2e1d3f788,heartbeat,-47
2026-09-20T15:02:01.823338+00:00,AP_01,dev_78b7476e077c5c58,heartbeat,-56
2026-09-20T15:02:02.823338+00:00,AP_02,dev_cd0c870c9624e6f6,heartbeat,-46
2026-09-20T15:02:04.823338+00:00,AP_03,dev_b3417cd8c6c08f19,heartbeat,-55
2026-09-20T15:02:04.823338+00:00,AP_02,dev_32123fce6801e287,heartbeat,-47
2026-09-20T15:02:05.823338+00:00,AP_01,dev_ef43c0dc8df3847e,heartbeat,-52
2026-09-20T15:02:05.823338+00:00,AP_01,dev_26be14216d4fd7c4,heartbeat,-49
2026-09-20T15:02:05.823338+00:00,AP_01,dev_de09aa0b03e5957e,heartbeat,-55
2026-09-20T15:02:05.823338+00:00,AP_01,dev_adc0336ce46d9142,heartbeat,-51
2026-09-20T15:02:06.823338+00:00,AP_01,dev_570873d5e07620f7,heartbeat,-45
2026-09-20T15:02:06.823338+00:00,AP_01,dev_0f3a5465c5be5029,heartbeat,-57
2026-09-20T15:02:06.823338+00:00,AP_01,dev_b00c9275f41b488e,heartbeat,-42
2026-09-20T15:02:07.823338+00:00,AP_01,dev_382017e48c0d09cb,heartbeat,-53
2026-09-20T15:02:07.823338+00:00,AP_01,dev_0feb402657ab950a,heartbeat,-43
2026-09-20T15:02:07.823338+00:00,AP_02,dev_942144bd6b3fd842,heartbeat,-53
2026-09-20T15:02:10.823338+00:00,AP_01,dev_ba0ab9a640d8388b,heartbeat,-52
2026-09-20T15:02:10.823338+00:00,AP_02,dev_3712f235b4616c4a,heartbeat,-50
2026-09-20T15:02:11.823338+00:00,AP_02,dev_c8621d86e105ae2c,heartbeat,-45
2026-09-20T15:02:11.823338+00:00,AP_02,dev_bb34b21593bc8929,heartbeat,-50
2026-09-20T15:02:11.823338+00:00,AP_02,dev_35eea70824060c98,heartbeat,-48
2026-09-20T15:02:12.823338+00:00,AP_01,dev_d5facb6e4cdd0f8d,heartbeat,-48
2026-09-20T15:02:12.823338+00:00,AP_02,dev_47dd476b9bbabc00,heartbeat,-51
2026-09-20T15:02:12.823338+00:00,AP_02,dev_298b986404f77877,heartbeat,-47
2026-09-20T15:02:13.823338+00:00,AP_03,dev_14710bbb669656eb,heartbeat,-54
2026-09-20T15:02:14.823338+00:00,AP_02,dev_a9a77d30a2535eda,heartbeat,-46
2026-09-20T15:02:15.823338+00:00,AP_01,dev_0e322e127a303cdd,heartbeat,-42
2026-09-20T15:02:15.823338+00:00,AP_02,dev_fd835430174d2b7e,heartbeat,-49
2026-09-20T15:02:15.823338+00:00,AP_02,dev_5cb49a89349d804a,heartbeat,-47
2026-09-20T15:02:16.823338+00:00,AP_01,dev_39ef6cebfea41e12,heartbeat,-53
2026-09-20T15:02:16.823338+00:00,AP_02,dev_95f1a30bee85ba16,heartbeat,-49
2026-09-20T15:02:19.823338+00:00,AP_01,dev_ec7f305d29851a5a,heartbeat,-53
2026-09-20T15:02:19.823338+00:00,AP_02,dev_fda1e4d27c7ec351,heartbeat,-51
2026-09-20T15:02:19.823338+00:00,AP_03,dev_172964ce995cefb5,heartbeat,-53
2026-09-20T15:02:20.823338+00:00,AP_01,dev_46106d48bf350825,heartbeat,-53
2026-09-20T15:02:20.823338+00:00,AP_02,dev_bfa351d9deb65b50,heartbeat,-54
2026-09-20T15:02:20.823338+00:00,AP_02,dev_be01eb2e5060c2ba,heartbeat,-49
2026-09-20T15:02:21.823338+00:00,AP_01,dev_4ec6910610b8ee21,heartbeat,-53
2026-09-20T15:02:21.823338+00:00,AP_02,dev_4463e93e128fb718,heartbeat,-48
2026-09-20T15:02:22.823338+00:00,AP_02,dev_36251f494ec5e4c4,heartbeat,-48
2026-09-20T15:02:23.823338+00:00,AP_02,dev_02af9fa92d40a9af,heartbeat,-46
2026-09-20T15:02:24.823338+00:00,AP_01,dev_dac9735c15d23598,heartbeat,-52
2026-09-20T15:02:25.823338+00:00,AP_01,dev_761dbfebee20a1b6,heartbeat,-49
2026-09-20T15:02:25.823338+00:00,AP_01,dev_ac7b80880a1f3946,heartbeat,-52
2026-09-20T15:02:25.823338+00:00,AP_01,dev_a42ce750a950b6ed,heartbeat,-49
2026-09-20T15:02:28.823338+00:00,AP_01,dev_bee12d3e1f271e83,heartbeat,-45
2026-09-20T15:02:28.823338+00:00,AP_02,dev_43e59eca12e9d77f,heartbeat,-55
2026-09-20T15:02:29.823338+00:00,AP_01,dev_4d55811fcbb2d44b,heartbeat,-54
2026-09-20T15:02:29.823338+00:00,AP_01,dev_e96f8bdb2ce51760,heartbeat,-50
2026-09-20T15:02:29.823338+00:00,AP_02,dev_09e69aaa959cdd44,heartbeat,-52
2026-09-20T15:02:30.823338+00:00,AP_02,dev_9ac7e0c7eb7246b5,heartbeat,-53
2026-09-20T15:02:30.823338+00:00,AP_03,dev_80d56b8303cd4403,heartbeat,-46
2026-09-20T15:02:31.823338+00:00,AP_02,dev_cd0c870c9624e6f6,heartbeat,-54
2026-09-20T15:02:31.823338+00:00,AP_02,dev_1730e5aaa7a31ce6,heartbeat,-57
2026-09-20T15:02:31.823338+00:00,AP_02,dev_32123fce6801e287,heartbeat,-54
2026-09-20T15:02:32.823338+00:00,AP_02,dev_e275ee8bb2c9833c,heartbeat,-53
2026-09-20T15:02:33.823338+00:00,AP_01,dev_ef43c0dc8df3847e,heartbeat,-49
2026-09-20T15:02:33.823338+00:00,AP_01,dev_0f3a5465c5be5029,heartbeat,-51
2026-09-20T15:02:34.823338+00:00,AP_01,dev_3b33fcd2e1d3f788,heartbeat,-51
2026-09-20T15:02:34.823338+00:00,AP_01,dev_78b7476e077c5c58,heartbeat,-48
2026-09-20T15:02:34.823338+00:00,AP_01,dev_0feb402657ab950a,heartbeat,-45
2026-09-20T15:02:34.823338+00:00,AP_03,dev_b3417cd8c6c08f19,heartbeat,-54
2026-09-20T15:02:36.823338+00:00,AP_01,dev_de09aa0b03e5957e,heartbeat,-52
2026-09-20T15:02:36.823338+00:00,AP_01,dev_b00c9275f41b488e,heartbeat,-51
2026-09-20T15:02:36.823338+00:00,AP_02,dev_942144bd6b3fd842,heartbeat,-44
2026-09-20T15:02:37.823338+00:00,AP_01,dev_adc0336ce46d9142,heartbeat,-46
2026-09-20T15:02:37.823338+00:00,AP_02,dev_3712f235b4616c4a,heartbeat,-51
2026-09-20T15:02:38.823338+00:00,AP_01,dev_26be14216d4fd7c4,heartbeat,-49
2026-09-20T15:02:38.823338+00:00,AP_01,dev_570873d5e07620f7,heartbeat,-47
2026-09-20T15:02:38.823338+00:00,AP_01,dev_382017e48c0d09cb,heartbeat,-51
2026-09-20T15:02:39.823338+00:00,AP_02,dev_47dd476b9bbabc00,heartbeat,-48
2026-09-20T15:02:40.823338+00:00,AP_01,dev_d5facb6e4cdd0f8d,heartbeat,-58
2026-09-20T15:02:41.823338+00:00,AP_02,dev_bb34b21593bc8929,heartbeat,-45
2026-09-20T15:02:42.823338+00:00,AP_02,dev_c8621d86e105ae2c,heartbeat,-52
2026-09-20T15:02:43.823338+00:00,AP_01,dev_ba0ab9a640d8388b,heartbeat,-45
2026-09-20T15:02:44.823338+00:00,AP_01,dev_0e322e127a303cdd,heartbeat,-49
2026-09-20T15:02:44.823338+00:00,AP_02,dev_35eea70824060c98,heartbeat,-48
2026-09-20T15:02:45.823338+00:00,AP_01,dev_39ef6cebfea41e12,heartbeat,-50
2026-09-20T15:02:45.823338+00:00,AP_02,dev_298b986404f77877,heartbeat,-51
2026-09-20T15:02:45.823338+00:00,AP_02,dev_a9a77d30a2535eda,heartbeat,-52
2026-09-20T15:02:46.823338+00:00,AP_02,dev_fda1e4d27c7ec351,heartbeat,-53
2026-09-20T15:02:46.823338+00:00,AP_02,dev_95f1a30bee85ba16,heartbeat,-47
2026-09-20T15:02:46.823338+00:00,AP_02,dev_5cb49a89349d804a,heartbeat,-46
2026-09-20T15:02:46.823338+00:00,AP_03,dev_172964ce995cefb5,heartbeat,-49
2026-09-20T15:02:46.823338+00:00,AP_03,dev_14710bbb669656eb,heartbeat,-49
2026-09-20T15:02:47.823338+00:00,AP_02,dev_fd835430174d2b7e,heartbeat,-54
2026-09-20T15:02:48.823338+00:00,AP_02,dev_4463e93e128fb718,heartbeat,-55
2026-09-20T15:02:50.823338+00:00,AP_01,dev_46106d48bf350825,heartbeat,-45
2026-09-20T15:02:50.823338+00:00,AP_01,dev_4ec6910610b8ee21,heartbeat,-47
2026-09-20T15:02:50.823338+00:00,AP_02,dev_be01eb2e5060c2ba,heartbeat,-51
2026-09-20T15:02:52.823338+00:00,AP_01,dev_ec7f305d29851a5a,heartbeat,-48
2026-09-20T15:02:53.823338+00:00,AP_01,dev_ac7b80880a1f3946,heartbeat,-51
2026-09-20T15:02:53.823338+00:00,AP_01,dev_dac9735c15d23598,heartbeat,-49
2026-09-20T15:02:53.823338+00:00,AP_02,dev_bfa351d9deb65b50,heartbeat,-47
2026-09-20T15:02:54.823338+00:00,AP_02,dev_02af9fa92d40a9af,heartbeat,-51
2026-09-20T15:02:55.823338+00:00,AP_02,dev_36251f494ec5e4c4,heartbeat,-52
2026-09-20T15:02:56.823338+00:00,AP_02,dev_43e59eca12e9d77f,heartbeat,-50
2026-09-20T15:02:57.823338+00:00,AP_01,dev_bee12d3e1f271e83,heartbeat,-49
2026-09-20T15:02:57.823338+00:00,AP_02,dev_09e69aaa959cdd44,heartbeat,-54
2026-09-20T15:02:57.823338+00:00,AP_03,dev_80d56b8303cd4403,heartbeat,-48
2026-09-20T15:02:58.823338+00:00,AP_01,dev_761dbfebee20a1b6,heartbeat,-50
2026-09-20T15:02:58.823338+00:00,AP_01,dev_a42ce750a950b6ed,heartbeat,-46
2026-09-20T15:02:59.823338+00:00,AP_01,dev_4d55811fcbb2d44b,heartbeat,-52
2026-09-20T15:03:00.823338+00:00,AP_02,dev_cd0c870c9624e6f6,heartbeat,-50
2026-09-20T15:03:01.823338+00:00,AP_01,dev_e96f8bdb2ce51760,heartbeat,-48
2026-09-20T15:03:01.823338+00:00,AP_01,dev_78b7476e077c5c58,heartbeat,-51
2026-09-20T15:03:01.823338+00:00,AP_03,dev_b3417cd8c6c08f19,heartbeat,-53
2026-09-20T15:03:02.823338+00:00,AP_01,dev_3b33fcd2e1d3f788,heartbeat,-44
2026-09-20T15:03:02.823338+00:00,AP_02,dev_9ac7e0c7eb7246b5,heartbeat,-51
2026-09-20T15:03:02.823338+00:00,AP_02,dev_32123fce6801e287,heartbeat,-48
2026-09-20T15:03:03.823338+00:00,AP_01,dev_ef43c0dc8df3847e,heartbeat,-50
2026-09-20T15:03:03.823338+00:00,AP_02,dev_e275ee8bb2c9833c,heartbeat,-50
2026-09-20T15:03:04.823338+00:00,AP_02,dev_1730e5aaa7a31ce6,heartbeat,-46
2026-09-20T15:03:05.823338+00:00,AP_01,dev_0f3a5465c5be5029,heartbeat,-46
2026-09-20T15:03:06.823338+00:00,AP_01,dev_0feb402657ab950a,heartbeat,-53
2026-09-20T15:03:06.823338+00:00,AP_02,dev_942144bd6b3fd842,heartbeat,-56
2026-09-20T15:03:07.823338+00:00,AP_01,dev_26be14216d4fd7c4,heartbeat,-48
2026-09-20T15:03:07.823338+00:00,AP_01,dev_de09aa0b03e5957e,heartbeat,-45
2026-09-20T15:03:07.823338+00:00,AP_02,dev_3712f235b4616c4a,heartbeat,-53
2026-09-20T15:03:08.823338+00:00,AP_01,dev_382017e48c0d09cb,heartbeat,-52
2026-09-20T15:03:08.823338+00:00,AP_01,dev_b00c9275f41b488e,heartbeat,-47
2026-09-20T15:03:09.823338+00:00,AP_01,dev_570873d5e07620f7,heartbeat,-46
2026-09-20T15:03:09.823338+00:00,AP_02,dev_bb34b21593bc8929,heartbeat,-49
2026-09-20T15:03:10.823338+00:00,AP_01,dev_adc0336ce46d9142,heartbeat,-48
2026-09-20T15:03:10.823338+00:00,AP_02,dev_47dd476b9bbabc00,heartbeat,-53
2026-09-20T15:03:12.823338+00:00,AP_02,dev_298b986404f77877,heartbeat,-55
2026-09-20T15:03:12.823338+00:00,AP_02,dev_35eea70824060c98,heartbeat,-50
2026-09-20T15:03:13.823338+00:00,AP_01,dev_d5facb6e4cdd0f8d,heartbeat,-46
2026-09-20T15:03:13.823338+00:00,AP_02,dev_c8621d86e105ae2c,heartbeat,-51
2026-09-20T15:03:13.823338+00:00,AP_02,dev_95f1a30bee85ba16,heartbeat,-47
2026-09-20T15:03:13.823338+00:00,AP_02,dev_a9a77d30a2535eda,heartbeat,-44
2026-09-20T15:03:15.823338+00:00,AP_01,dev_ba0ab9a640d8388b,heartbeat,-48
2026-09-20T15:03:15.823338+00:00,AP_03,dev_172964ce995cefb5,heartbeat,-46
2026-09-20T15:03:15.823338+00:00,AP_03,dev_14710bbb669656eb,heartbeat,-52
2026-09-20T15:03:16.823338+00:00,AP_01,dev_0e322e127a303cdd,heartbeat,-51
2026-09-20T15:03:16.823338+00:00,AP_02,dev_fd835430174d2b7e,heartbeat,-45
2026-09-20T15:03:17.823338+00:00,AP_01,dev_4ec6910610b8ee21,heartbeat,-55
2026-09-20T15:03:18.823338+00:00,AP_01,dev_39ef6cebfea41e12,heartbeat,-47
2026-09-20T15:03:18.823338+00:00,AP_01,dev_46106d48bf350825,heartbeat,-53
2026-09-20T15:03:18.823338+00:00,AP_02,dev_5cb49a89349d804a,heartbeat,-50
2026-09-20T15:03:19.823338+00:00,AP_02,dev_fda1e4d27c7ec351,heartbeat,-53
2026-09-20T15:03:19.823338+00:00,AP_02,dev_be01eb2e5060c2ba,heartbeat,-46
2026-09-20T15:03:20.823338+00:00,AP_01,dev_ec7f305d29851a5a,heartbeat,-49
2026-09-20T15:03:21.823338+00:00,AP_02,dev_4463e93e128fb718,heartbeat,-50
2026-09-20T15:03:22.823338+00:00,AP_02,dev_36251f494ec5e4c4,heartbeat,-53
2026-09-20T15:03:23.823338+00:00,AP_01,dev_ac7b80880a1f3946,heartbeat,-55
2026-09-20T15:03:23.823338+00:00,AP_02,dev_bfa351d9deb65b50,heartbeat,-47
2026-09-20T15:03:23.823338+00:00,AP_02,dev_02af9fa92d40a9af,heartbeat,-50
2026-09-20T15:03:24.823338+00:00,AP_01,dev_dac9735c15d23598,heartbeat,-53
2026-09-20T15:03:26.823338+00:00,AP_01,dev_a42ce750a950b6ed,heartbeat,-50
2026-09-20T15:03:27.823338+00:00,AP_01,dev_bee12d3e1f271e83,heartbeat,-52
2026-09-20T15:03:27.823338+00:00,AP_03,dev_80d56b8303cd4403,heartbeat,-54
2026-09-20T15:03:28.823338+00:00,AP_02,dev_cd0c870c9624e6f6,heartbeat,-49
2026-09-20T15:03:28.823338+00:00,AP_02,dev_43e59eca12e9d77f,heartbeat,-49
2026-09-20T15:03:30.823338+00:00,AP_02,dev_e275ee8bb2c9833c,heartbeat,-47
2026-09-20T15:03:30.823338+00:00,AP_02,dev_09e69aaa959cdd44,heartbeat,-49
2026-09-20T15:03:31.823338+00:00,AP_01,dev_4d55811fcbb2d44b,heartbeat,-48
2026-09-20T15:03:31.823338+00:00,AP_01,dev_761dbfebee20a1b6,heartbeat,-48
2026-09-20T15:03:32.823338+00:00,AP_01,dev_0f3a5465c5be5029,heartbeat,-51
2026-09-20T15:03:32.823338+00:00,AP_03,dev_b3417cd8c6c08f19,heartbeat,-48
2026-09-20T15:03:33.823338+00:00,AP_02,dev_32123fce6801e287,heartbeat,-58
2026-09-20T15:03:34.823338+00:00,AP_01,dev_ef43c0dc8df3847e,heartbeat,-44
2026-09-20T15:03:34.823338+00:00,AP_01,dev_e96f8bdb2ce51760,heartbeat,-54
2026-09-20T15:03:34.823338+00:00,AP_01,dev_78b7476e077c5c58,heartbeat,-46
2026-09-20T15:03:34.823338+00:00,AP_02,dev_9ac7e0c7eb7246b5,heartbeat,-46
2026-09-20T15:03:35.823338+00:00,AP_01,dev_3b33fcd2e1d3f788,heartbeat,-51
2026-09-20T15:03:35.823338+00:00,AP_01,dev_de09aa0b03e5957e,heartbeat,-51
2026-09-20T15:03:36.823338+00:00,AP_02,dev_3712f235b4616c4a,heartbeat,-52
2026-09-20T15:03:36.823338+00:00,AP_02,dev_1730e5aaa7a31ce6,heartbeat,-53
2026-09-20T15:03:38.823338+00:00,AP_01,dev_b00c9275f41b488e,heartbeat,-43
2026-09-20T15:03:38.823338+00:00,AP_02,dev_942144bd6b3fd842,heartbeat,-44
2026-09-20T15:03:39.823338+00:00,AP_01,dev_570873d5e07620f7,heartbeat,-47
2026-09-20T15:03:39.823338+00:00,AP_01,dev_0feb402657ab950a,heartbeat,-47
2026-09-20T15:03:39.823338+00:00,AP_02,dev_bb34b21593bc8929,heartbeat,-52
2026-09-20T15:03:40.823338+00:00,AP_01,dev_26be14216d4fd7c4,heartbeat,-50
2026-09-20T15:03:40.823338+00:00,AP_01,dev_382017e48c0d09cb,heartbeat,-48
2026-09-20T15:03:41.823338+00:00,AP_01,dev_adc0336ce46d9142,heartbeat,-47
2026-09-20T15:03:41.823338+00:00,AP_02,dev_47dd476b9bbabc00,heartbeat,-56
2026-09-20T15:03:41.823338+00:00,AP_02,dev_298b986404f77877,heartbeat,-49
2026-09-20T15:03:41.823338+00:00,AP_02,dev_35eea70824060c98,heartbeat,-46
2026-09-20T15:03:42.823338+00:00,AP_02,dev_95f1a30bee85ba16,heartbeat,-52
2026-09-20T15:03:42.823338+00:00,AP_02,dev_a9a77d30a2535eda,heartbeat,-49
2026-09-20T15:03:43.823338+00:00,AP_02,dev_c8621d86e105ae2c,heartbeat,-52
2026-09-20T15:03:43.823338+00:00,AP_03,dev_14710bbb669656eb,heartbeat,-46
2026-09-20T15:03:44.823338+00:00,AP_01,dev_ba0ab9a640d8388b,heartbeat,-53
2026-09-20T15:03:44.823338+00:00,AP_01,dev_4ec6910610b8ee21,heartbeat,-59
2026-09-20T15:03:44.823338+00:00,AP_01,dev_d5facb6e4cdd0f8d,heartbeat,-50
2026-09-20T15:03:44.823338+00:00,AP_03,dev_172964ce995cefb5,heartbeat,-52
2026-09-20T15:03:46.823338+00:00,AP_01,dev_0e322e127a303cdd,heartbeat,-50
2026-09-20T15:03:46.823338+00:00,AP_01,dev_39ef6cebfea41e12,heartbeat,-43
2026-09-20T15:03:46.823338+00:00,AP_02,dev_fd835430174d2b7e,heartbeat,-56
2026-09-20T15:03:47.823338+00:00,AP_01,dev_46106d48bf350825,heartbeat,-50
2026-09-20T15:03:47.823338+00:00,AP_02,dev_fda1e4d27c7ec351,heartbeat,-48
2026-09-20T15:03:47.823338+00:00,AP_02,dev_5cb49a89349d804a,heartbeat,-51
2026-09-20T15:03:48.823338+00:00,AP_01,dev_ec7f305d29851a5a,heartbeat,-52
2026-09-20T15:03:48.823338+00:00,AP_02,dev_4463e93e128fb718,heartbeat,-43
2026-09-20T15:03:51.823338+00:00,AP_02,dev_be01eb2e5060c2ba,heartbeat,-54
2026-09-20T15:03:53.823338+00:00,AP_01,dev_a42ce750a950b6ed,heartbeat,-50
2026-09-20T15:03:53.823338+00:00,AP_02,dev_bfa351d9deb65b50,heartbeat,-43
2026-09-20T15:03:53.823338+00:00,AP_02,dev_36251f494ec5e4c4,heartbeat,-41
2026-09-20T15:03:55.823338+00:00,AP_01,dev_ac7b80880a1f3946,heartbeat,-46
2026-09-20T15:03:56.823338+00:00,AP_02,dev_02af9fa92d40a9af,heartbeat,-46
2026-09-20T15:03:56.823338+00:00,AP_02,dev_43e59eca12e9d77f,heartbeat,-54
2026-09-20T15:03:57.823338+00:00,AP_01,dev_dac9735c15d23598,heartbeat,-52
2026-09-20T15:03:57.823338+00:00,AP_02,dev_cd0c870c9624e6f6,heartbeat,-48
2026-09-20T15:03:58.823338+00:00,AP_01,dev_bee12d3e1f271e83,heartbeat,-50
2026-09-20T15:03:58.823338+00:00,AP_02,dev_e275ee8bb2c9833c,heartbeat,-50
2026-09-20T15:03:58.823338+00:00,AP_03,dev_80d56b8303cd4403,heartbeat,-47
2026-09-20T15:03:59.823338+00:00,AP_01,dev_0f3a5465c5be5029,heartbeat,-57
2026-09-20T15:03:59.823338+00:00,AP_02,dev_09e69aaa959cdd44,heartbeat,-53
2026-09-20T15:04:00.823338+00:00,AP_01,dev_761dbfebee20a1b6,heartbeat,-47
2026-09-20T15:04:01.823338+00:00,AP_01,dev_4d55811fcbb2d44b,heartbeat,-53
2026-09-20T15:04:02.823338+00:00,AP_01,dev_de09aa0b03e5957e,heartbeat,-43
2026-09-20T15:04:03.823338+00:00,AP_02,dev_32123fce6801e287,heartbeat,-45
2026-09-20T15:04:05.823338+00:00,AP_01,dev_78b7476e077c5c58,heartbeat,-52
2026-09-20T15:04:05.823338+00:00,AP_02,dev_9ac7e0c7eb7246b5,heartbeat,-53
2026-09-20T15:04:05.823338+00:00,AP_03,dev_b3417cd8c6c08f19,heartbeat,-52
2026-09-20T15:04:06.823338+00:00,AP_01,dev_ef43c0dc8df3847e,heartbeat,-51
2026-09-20T15:04:06.823338+00:00,AP_01,dev_e96f8bdb2ce51760,heartbeat,-47
2026-09-20T15:04:06.823338+00:00,AP_01,dev_570873d5e07620f7,heartbeat,-47
2026-09-20T15:04:06.823338+00:00,AP_02,dev_3712f235b4616c4a,heartbeat,-51
2026-09-20T15:04:07.823338+00:00,AP_01,dev_3b33fcd2e1d3f788,heartbeat,-49
2026-09-20T15:04:09.823338+00:00,AP_01,dev_0feb402657ab950a,heartbeat,-52
2026-09-20T15:04:09.823338+00:00,AP_02,dev_298b986404f77877,heartbeat,-47
2026-09-20T15:04:09.823338+00:00,AP_02,dev_1730e5aaa7a31ce6,heartbeat,-46
2026-09-20T15:04:10.823338+00:00,AP_01,dev_382017e48c0d09cb,heartbeat,-47
2026-09-20T15:04:10.823338+00:00,AP_01,dev_b00c9275f41b488e,heartbeat,-51
2026-09-20T15:04:10.823338+00:00,AP_02,dev_47dd476b9bbabc00,heartbeat,-50
2026-09-20T15:04:10.823338+00:00,AP_02,dev_95f1a30bee85ba16,heartbeat,-53
2026-09-20T15:04:10.823338+00:00,AP_02,dev_942144bd6b3fd842,heartbeat,-45
2026-09-20T15:04:11.823338+00:00,AP_01,dev_d5facb6e4cdd0f8d,heartbeat,-49
2026-09-20T15:04:11.823338+00:00,AP_02,dev_bb34b21593bc8929,heartbeat,-42
2026-09-20T15:04:11.823338+00:00,AP_02,dev_a9a77d30a2535eda,heartbeat,-48
2026-09-20T15:04:11.823338+00:00,AP_03,dev_14710bbb669656eb,heartbeat,-49
2026-09-20T15:04:12.823338+00:00,AP_01,dev_26be14216d4fd7c4,heartbeat,-50
2026-09-20T15:04:13.823338+00:00,AP_01,dev_0e322e127a303cdd,heartbeat,-47
2026-09-20T15:04:13.823338+00:00,AP_01,dev_39ef6cebfea41e12,heartbeat,-50
2026-09-20T15:04:13.823338+00:00,AP_02,dev_fd835430174d2b7e,heartbeat,-52
2026-09-20T15:04:14.823338+00:00,AP_01,dev_adc0336ce46d9142,heartbeat,-48
2026-09-20T15:04:14.823338+00:00,AP_02,dev_35eea70824060c98,heartbeat,-47
2026-09-20T15:04:14.823338+00:00,AP_03,dev_172964ce995cefb5,heartbeat,-57
2026-09-20T15:04:15.823338+00:00,AP_02,dev_4463e93e128fb718,heartbeat,-49
2026-09-20T15:04:15.823338+00:00,AP_02,dev_5cb49a89349d804a,heartbeat,-51
2026-09-20T15:04:16.823338+00:00,AP_02,dev_c8621d86e105ae2c,heartbeat,-51
2026-09-20T15:04:17.823338+00:00,AP_01,dev_ba0ab9a640d8388b,heartbeat,-51
2026-09-20T15:04:17.823338+00:00,AP_01,dev_46106d48bf350825,heartbeat,-49
2026-09-20T15:04:17.823338+00:00,AP_01,dev_4ec6910610b8ee21,heartbeat,-45
2026-09-20T15:04:17.823338+00:00,AP_01,dev_ec7f305d29851a5a,heartbeat,-44
2026-09-20T15:04:20.823338+00:00,AP_02,dev_fda1e4d27c7ec351,heartbeat,-49
2026-09-20T15:04:20.823338+00:00,AP_02,dev_be01eb2e5060c2ba,heartbeat,-49
2026-09-20T15:04:21.823338+00:00,AP_02,dev_bfa351d9deb65b50,heartbeat,-55
2026-09-20T15:04:23.823338+00:00,AP_01,dev_a42ce750a950b6ed,heartbeat,-48
2026-09-20T15:04:23.823338+00:00,AP_02,dev_02af9fa92d40a9af,heartbeat,-54
2026-09-20T15:04:24.823338+00:00,AP_01,dev_dac9735c15d23598,heartbeat,-49
2026-09-20T15:04:25.823338+00:00,AP_02,dev_cd0c870c9624e6f6,heartbeat,-47
2026-09-20T15:04:25.823338+00:00,AP_02,dev_36251f494ec5e4c4,heartbeat,-47
2026-09-20T15:04:25.823338+00:00,AP_02,dev_43e59eca12e9d77f,heartbeat,-48
2026-09-20T15:04:26.823338+00:00,AP_01,dev_bee12d3e1f271e83,heartbeat,-50
2026-09-20T15:04:27.823338+00:00,AP_01,dev_ac7b80880a1f3946,heartbeat,-48
2026-09-20T15:04:27.823338+00:00,AP_01,dev_0f3a5465c5be5029,heartbeat,-57
2026-09-20T15:04:27.823338+00:00,AP_02,dev_09e69aaa959cdd44,heartbeat,-46
2026-09-20T15:04:28.823338+00:00,AP_01,dev_761dbfebee20a1b6,heartbeat,-50
2026-09-20T15:04:29.823338+00:00,AP_01,dev_de09aa0b03e5957e,heartbeat,-48
2026-09-20T15:04:30.823338+00:00,AP_02,dev_e275ee8bb2c9833c,heartbeat,-56
2026-09-20T15:04:31.823338+00:00,AP_03,dev_80d56b8303cd4403,heartbeat,-56
2026-09-20T15:04:32.823338+00:00,AP_01,dev_4d55811fcbb2d44b,heartbeat,-46
2026-09-20T15:04:32.823338+00:00,AP_02,dev_32123fce6801e287,heartbeat,-56
2026-09-20T15:04:33.823338+00:00,AP_02,dev_3712f235b4616c4a,heartbeat,-54
2026-09-20T15:04:35.823338+00:00,AP_01,dev_570873d5e07620f7,heartbeat,-50
2026-09-20T15:04:36.823338+00:00,AP_01,dev_e96f8bdb2ce51760,heartbeat,-42
2026-09-20T15:04:36.823338+00:00,AP_01,dev_78b7476e077c5c58,heartbeat,-52
2026-09-20T15:04:36.823338+00:00,AP_02,dev_1730e5aaa7a31ce6,heartbeat,-50
2026-09-20T15:04:37.823338+00:00,AP_01,dev_3b33fcd2e1d3f788,heartbeat,-50
2026-09-20T15:04:37.823338+00:00,AP_01,dev_b00c9275f41b488e,heartbeat,-51
2026-09-20T15:04:37.823338+00:00,AP_02,dev_47dd476b9bbabc00,heartbeat,-54
2026-09-20T15:04:37.823338+00:00,AP_02,dev_9ac7e0c7eb7246b5,heartbeat,-43
2026-09-20T15:04:38.823338+00:00,AP_01,dev_ef43c0dc8df3847e,heartbeat,-53
2026-09-20T15:04:38.823338+00:00,AP_02,dev_298b986404f77877,heartbeat,-57
2026-09-20T15:04:38.823338+00:00,AP_03,dev_b3417cd8c6c08f19,heartbeat,-45
2026-09-20T15:04:38.823338+00:00,AP_02,dev_942144bd6b3fd842,heartbeat,-44
2026-09-20T15:04:39.823338+00:00,AP_01,dev_26be14216d4fd7c4,heartbeat,-50
2026-09-20T15:04:39.823338+00:00,AP_01,dev_d5facb6e4cdd0f8d,heartbeat,-55
2026-09-20T15:04:39.823338+00:00,AP_02,dev_a9a77d30a2535eda,heartbeat,-52
2026-09-20T15:04:39.823338+00:00,AP_03,dev_14710bbb669656eb,heartbeat,-49
2026-09-20T15:04:40.823338+00:00,AP_01,dev_0feb402657ab950a,heartbeat,-52
2026-09-20T15:04:41.823338+00:00,AP_01,dev_382017e48c0d09cb,heartbeat,-46
2026-09-20T15:04:41.823338+00:00,AP_01,dev_39ef6cebfea41e12,heartbeat,-42
2026-09-20T15:04:41.823338+00:00,AP_02,dev_95f1a30bee85ba16,heartbeat,-49
2026-09-20T15:04:42.823338+00:00,AP_01,dev_0e322e127a303cdd,heartbeat,-45
2026-09-20T15:04:42.823338+00:00,AP_02,dev_bb34b21593bc8929,heartbeat,-50
2026-09-20T15:04:42.823338+00:00,AP_02,dev_35eea70824060c98,heartbeat,-50
2026-09-20T15:04:44.823338+00:00,AP_01,dev_adc0336ce46d9142,heartbeat,-53
2026-09-20T15:04:44.823338+00:00,AP_02,dev_4463e93e128fb718,heartbeat,-46
2026-09-20T15:04:44.823338+00:00,AP_02,dev_c8621d86e105ae2c,heartbeat,-46
2026-09-20T15:04:44.823338+00:00,AP_02,dev_fd835430174d2b7e,heartbeat,-44
2026-09-20T15:04:45.823338+00:00,AP_03,dev_172964ce995cefb5,heartbeat,-49
2026-09-20T15:04:46.823338+00:00,AP_01,dev_ec7f305d29851a5a,heartbeat,-46
2026-09-20T15:04:47.823338+00:00,AP_01,dev_ba0ab9a640d8388b,heartbeat,-46
2026-09-20T15:04:47.823338+00:00,AP_01,dev_46106d48bf350825,heartbeat,-50
2026-09-20T15:04:47.823338+00:00,AP_02,dev_be01eb2e5060c2ba,heartbeat,-43
2026-09-20T15:04:48.823338+00:00,AP_01,dev_4ec6910610b8ee21,heartbeat,-48
2026-09-20T15:04:48.823338+00:00,AP_02,dev_5cb49a89349d804a,heartbeat,-50
2026-09-20T15:04:50.823338+00:00,AP_01,dev_a42ce750a950b6ed,heartbeat,-50
2026-09-20T15:04:51.823338+00:00,AP_01,dev_dac9735c15d23598,heartbeat,-48
2026-09-20T15:04:51.823338+00:00,AP_02,dev_bfa351d9deb65b50,heartbeat,-49
2026-09-20T15:04:52.823338+00:00,AP_02,dev_fda1e4d27c7ec351,heartbeat,-60
2026-09-20T15:04:52.823338+00:00,AP_02,dev_43e59eca12e9d77f,heartbeat,-47
2026-09-20T15:04:53.823338+00:00,AP_01,dev_bee12d3e1f271e83,heartbeat,-50
2026-09-20T15:04:54.823338+00:00,AP_02,dev_cd0c870c9624e6f6,heartbeat,-52
2026-09-20T15:04:55.823338+00:00,AP_01,dev_0f3a5465c5be5029,heartbeat,-56
2026-09-20T15:04:56.823338+00:00,AP_01,dev_761dbfebee20a1b6,heartbeat,-52
2026-09-20T15:04:56.823338+00:00,AP_02,dev_02af9fa92d40a9af,heartbeat,-48
2026-09-20T15:04:57.823338+00:00,AP_02,dev_36251f494ec5e4c4,heartbeat,-49
2026-09-20T15:04:58.823338+00:00,AP_02,dev_09e69aaa959cdd44,heartbeat,-51
2026-09-20T15:05:00.823338+00:00,AP_01,dev_ac7b80880a1f3946,heartbeat,-44
2026-09-20T15:05:01.823338+00:00,AP_01,dev_de09aa0b03e5957e,heartbeat,-43
2026-09-20T15:05:01.823338+00:00,AP_02,dev_e275ee8bb2c9833c,heartbeat,-45
2026-09-20T15:05:01.823338+00:00,AP_02,dev_32123fce6801e287,heartbeat,-43
2026-09-20T15:05:01.823338+00:00,AP_03,dev_80d56b8303cd4403,heartbeat,-52
2026-09-20T15:05:02.823338+00:00,AP_02,dev_3712f235b4616c4a,heartbeat,-47
2026-09-20T15:05:03.823338+00:00,AP_02,dev_1730e5aaa7a31ce6,heartbeat,-43
2026-09-20T15:05:04.823338+00:00,AP_01,dev_4d55811fcbb2d44b,heartbeat,-46
2026-09-20T15:05:04.823338+00:00,AP_01,dev_3b33fcd2e1d3f788,heartbeat,-50
2026-09-20T15:05:04.823338+00:00,AP_01,dev_570873d5e07620f7,heartbeat,-47
2026-09-20T15:05:06.823338+00:00,AP_01,dev_ef43c0dc8df3847e,heartbeat,-49
2026-09-20T15:05:07.823338+00:00,AP_01,dev_78b7476e077c5c58,heartbeat,-54
2026-09-20T15:05:07.823338+00:00,AP_01,dev_0feb402657ab950a,heartbeat,-50
2026-09-20T15:05:07.823338+00:00,AP_02,dev_298b986404f77877,heartbeat,-55
2026-09-20T15:05:07.823338+00:00,AP_03,dev_b3417cd8c6c08f19,heartbeat,-47
2026-09-20T15:05:07.823338+00:00,AP_02,dev_a9a77d30a2535eda,heartbeat,-45
2026-09-20T15:05:07.823338+00:00,AP_02,dev_942144bd6b3fd842,heartbeat,-43
2026-09-20T15:05:08.823338+00:00,AP_01,dev_26be14216d4fd7c4,heartbeat,-49
2026-09-20T15:05:08.823338+00:00,AP_01,dev_e96f8bdb2ce51760,heartbeat,-52
2026-09-20T15:05:08.823338+00:00,AP_02,dev_9ac7e0c7eb7246b5,heartbeat,-51
2026-09-20T15:05:10.823338+00:00,AP_01,dev_b00c9275f41b488e,heartbeat,-46
2026-09-20T15:05:10.823338+00:00,AP_02,dev_47dd476b9bbabc00,heartbeat,-47
2026-09-20T15:05:10.823338+00:00,AP_03,dev_14710bbb669656eb,heartbeat,-50
2026-09-20T15:05:11.823338+00:00,AP_01,dev_39ef6cebfea41e12,heartbeat,-49
2026-09-20T15:05:12.823338+00:00,AP_01,dev_adc0336ce46d9142,heartbeat,-47
2026-09-20T15:05:12.823338+00:00,AP_01,dev_d5facb6e4cdd0f8d,heartbeat,-52
2026-09-20T15:05:12.823338+00:00,AP_02,dev_bb34b21593bc8929,heartbeat,-51
2026-09-20T15:05:12.823338+00:00,AP_02,dev_fd835430174d2b7e,heartbeat,-46
2026-09-20T15:05:12.823338+00:00,AP_02,dev_35eea70824060c98,heartbeat,-47
2026-09-20T15:05:13.823338+00:00,AP_01,dev_0e322e127a303cdd,heartbeat,-48
2026-09-20T15:05:13.823338+00:00,AP_01,dev_382017e48c0d09cb,heartbeat,-51
2026-09-20T15:05:13.823338+00:00,AP_02,dev_95f1a30bee85ba16,heartbeat,-54
2026-09-20T15:05:14.823338+00:00,AP_02,dev_4463e93e128fb718,heartbeat,-52
2026-09-20T15:05:15.823338+00:00,AP_02,dev_5cb49a89349d804a,heartbeat,-53
2026-09-20T15:05:15.823338+00:00,AP_02,dev_be01eb2e5060c2ba,heartbeat,-47
2026-09-20T15:05:16.823338+00:00,AP_02,dev_c8621d86e105ae2c,heartbeat,-44
2026-09-20T15:05:17.823338+00:00,AP_01,dev_46106d48bf350825,heartbeat,-45
2026-09-20T15:05:17.823338+00:00,AP_01,dev_4ec6910610b8ee21,heartbeat,-50
2026-09-20T15:05:17.823338+00:00,AP_03,dev_172964ce995cefb5,heartbeat,-54
2026-09-20T15:05:18.823338+00:00,AP_01,dev_ba0ab9a640d8388b,heartbeat,-53
2026-09-20T15:05:18.823338+00:00,AP_01,dev_ec7f305d29851a5a,heartbeat,-45
2026-09-20T15:05:19.823338+00:00,AP_01,dev_a42ce750a950b6ed,heartbeat,-46
2026-09-20T15:05:21.823338+00:00,AP_02,dev_cd0c870c9624e6f6,heartbeat,-52
2026-09-20T15:05:23.823338+00:00,AP_02,dev_bfa351d9deb65b50,heartbeat,-46
2026-09-20T15:05:24.823338+00:00,AP_01,dev_dac9735c15d23598,heartbeat,-49
2026-09-20T15:05:25.823338+00:00,AP_01,dev_bee12d3e1f271e83,heartbeat,-49
2026-09-20T15:05:25.823338+00:00,AP_02,dev_02af9fa92d40a9af,heartbeat,-47
2026-09-20T15:05:25.823338+00:00,AP_02,dev_fda1e4d27c7ec351,heartbeat,-51
2026-09-20T15:05:25.823338+00:00,AP_02,dev_43e59eca12e9d77f,heartbeat,-51
2026-09-20T15:05:26.823338+00:00,AP_01,dev_761dbfebee20a1b6,heartbeat,-49
2026-09-20T15:05:26.823338+00:00,AP_01,dev_0f3a5465c5be5029,heartbeat,-52
2026-09-20T15:05:27.823338+00:00,AP_02,dev_09e69aaa959cdd44,heartbeat,-47
2026-09-20T15:05:29.823338+00:00,AP_02,dev_36251f494ec5e4c4,heartbeat,-48
2026-09-20T15:05:30.823338+00:00,AP_02,dev_32123fce6801e287,heartbeat,-52
2026-09-20T15:05:30.823338+00:00,AP_03,dev_80d56b8303cd4403,heartbeat,-43
2026-09-20T15:05:31.823338+00:00,AP_02,dev_3712f235b4616c4a,heartbeat,-47
2026-09-20T15:05:32.823338+00:00,AP_01,dev_3b33fcd2e1d3f788,heartbeat,-48
2026-09-20T15:05:32.823338+00:00,AP_01,dev_de09aa0b03e5957e,heartbeat,-48
2026-09-20T15:05:33.823338+00:00,AP_01,dev_ef43c0dc8df3847e,heartbeat,-57
2026-09-20T15:05:33.823338+00:00,AP_01,dev_ac7b80880a1f3946,heartbeat,-55
2026-09-20T15:05:33.823338+00:00,AP_02,dev_e275ee8bb2c9833c,heartbeat,-50
2026-09-20T15:05:34.823338+00:00,AP_02,dev_a9a77d30a2535eda,heartbeat,-47
2026-09-20T15:05:35.823338+00:00,AP_01,dev_4d55811fcbb2d44b,heartbeat,-50
2026-09-20T15:05:35.823338+00:00,AP_03,dev_b3417cd8c6c08f19,heartbeat,-48
2026-09-20T15:05:36.823338+00:00,AP_01,dev_e96f8bdb2ce51760,heartbeat,-48
2026-09-20T15:05:36.823338+00:00,AP_01,dev_570873d5e07620f7,heartbeat,-47
2026-09-20T15:05:36.823338+00:00,AP_01,dev_0feb402657ab950a,heartbeat,-46
2026-09-20T15:05:36.823338+00:00,AP_02,dev_298b986404f77877,heartbeat,-57
2026-09-20T15:05:36.823338+00:00,AP_02,dev_9ac7e0c7eb7246b5,heartbeat,-51
2026-09-20T15:05:36.823338+00:00,AP_02,dev_1730e5aaa7a31ce6,heartbeat,-48
2026-09-20T15:05:36.823338+00:00,AP_02,dev_942144bd6b3fd842,heartbeat,-50
2026-09-20T15:05:37.823338+00:00,AP_01,dev_26be14216d4fd7c4,heartbeat,-51
2026-09-20T15:05:37.823338+00:00,AP_01,dev_78b7476e077c5c58,heartbeat,-52
2026-09-20T15:05:39.823338+00:00,AP_02,dev_bb34b21593bc8929,heartbeat,-50
2026-09-20T15:05:39.823338+00:00,AP_03,dev_14710bbb669656eb,heartbeat,-59
2026-09-20T15:05:40.823338+00:00,AP_01,dev_adc0336ce46d9142,heartbeat,-45
2026-09-20T15:05:40.823338+00:00,AP_01,dev_b00c9275f41b488e,heartbeat,-51
2026-09-20T15:05:40.823338+00:00,AP_02,dev_fd835430174d2b7e,heartbeat,-51
2026-09-20T15:05:40.823338+00:00,AP_02,dev_35eea70824060c98,heartbeat,-50
2026-09-20T15:05:41.823338+00:00,AP_02,dev_47dd476b9bbabc00,heartbeat,-48
2026-09-20T15:05:42.823338+00:00,AP_02,dev_5cb49a89349d804a,heartbeat,-49
2026-09-20T15:05:43.823338+00:00,AP_01,dev_382017e48c0d09cb,heartbeat,-49
2026-09-20T15:05:43.823338+00:00,AP_01,dev_39ef6cebfea41e12,heartbeat,-46
2026-09-20T15:05:44.823338+00:00,AP_01,dev_0e322e127a303cdd,heartbeat,-49
2026-09-20T15:05:44.823338+00:00,AP_01,dev_46106d48bf350825,heartbeat,-50
2026-09-20T15:05:44.823338+00:00,AP_01,dev_d5facb6e4cdd0f8d,heartbeat,-48
2026-09-20T15:05:44.823338+00:00,AP_02,dev_4463e93e128fb718,heartbeat,-53
2026-09-20T15:05:44.823338+00:00,AP_02,dev_c8621d86e105ae2c,heartbeat,-53
2026-09-20T15:05:44.823338+00:00,AP_02,dev_95f1a30bee85ba16,heartbeat,-50
2026-09-20T15:05:44.823338+00:00,AP_03,dev_172964ce995cefb5,heartbeat,-57
2026-09-20T15:05:45.823338+00:00,AP_02,dev_be01eb2e5060c2ba,heartbeat,-56
2026-09-20T15:05:47.823338+00:00,AP_01,dev_4ec6910610b8ee21,heartbeat,-54
2026-09-20T15:05:48.823338+00:00,AP_01,dev_ec7f305d29851a5a,heartbeat,-48
2026-09-20T15:05:49.823338+00:00,AP_01,dev_a42ce750a950b6ed,heartbeat,-52
2026-09-20T15:05:50.823338+00:00,AP_01,dev_ba0ab9a640d8388b,heartbeat,-45
2026-09-20T15:05:50.823338+00:00,AP_02,dev_cd0c870c9624e6f6,heartbeat,-49
2026-09-20T15:05:52.823338+00:00,AP_02,dev_bfa351d9deb65b50,heartbeat,-47
2026-09-20T15:05:53.823338+00:00,AP_01,dev_dac9735c15d23598,heartbeat,-48
2026-09-20T15:05:55.823338+00:00,AP_01,dev_761dbfebee20a1b6,heartbeat,-53
2026-09-20T15:05:55.823338+00:00,AP_02,dev_02af9fa92d40a9af,heartbeat,-49
2026-09-20T15:05:57.823338+00:00,AP_01,dev_bee12d3e1f271e83,heartbeat,-47
2026-09-20T15:05:57.823338+00:00,AP_01,dev_0f3a5465c5be5029,heartbeat,-47
2026-09-20T15:05:57.823338+00:00,AP_02,dev_fda1e4d27c7ec351,heartbeat,-53
2026-09-20T15:05:57.823338+00:00,AP_02,dev_09e69aaa959cdd44,heartbeat,-48
2026-09-20T15:05:58.823338+00:00,AP_02,dev_43e59eca12e9d77f,heartbeat,-56
2026-09-20T15:05:59.823338+00:00,AP_02,dev_36251f494ec5e4c4,heartbeat,-52
2026-09-20T15:05:59.823338+00:00,AP_02,dev_32123fce6801e287,heartbeat,-53
2026-09-20T15:06:00.823338+00:00,AP_01,dev_ef43c0dc8df3847e,heartbeat,-55
2026-09-20T15:06:00.823338+00:00,AP_01,dev_de09aa0b03e5957e,heartbeat,-47
2026-09-20T15:06:01.823338+00:00,AP_02,dev_3712f235b4616c4a,heartbeat,-52
2026-09-20T15:06:01.823338+00:00,AP_02,dev_a9a77d30a2535eda,heartbeat,-47
2026-09-20T15:06:01.823338+00:00,AP_03,dev_80d56b8303cd4403,heartbeat,-45
2026-09-20T15:06:03.823338+00:00,AP_01,dev_ac7b80880a1f3946,heartbeat,-57
2026-09-20T15:06:03.823338+00:00,AP_02,dev_9ac7e0c7eb7246b5,heartbeat,-51
2026-09-20T15:06:03.823338+00:00,AP_02,dev_1730e5aaa7a31ce6,heartbeat,-54
2026-09-20T15:06:04.823338+00:00,AP_02,dev_e275ee8bb2c9833c,heartbeat,-50
2026-09-20T15:06:05.823338+00:00,AP_01,dev_3b33fcd2e1d3f788,heartbeat,-48
2026-09-20T15:06:05.823338+00:00,AP_03,dev_b3417cd8c6c08f19,heartbeat,-50
2026-09-20T15:06:06.823338+00:00,AP_01,dev_0feb402657ab950a,heartbeat,-47
2026-09-20T15:06:07.823338+00:00,AP_01,dev_4d55811fcbb2d44b,heartbeat,-48
2026-09-20T15:06:07.823338+00:00,AP_01,dev_570873d5e07620f7,heartbeat,-50
2026-09-20T15:06:07.823338+00:00,AP_01,dev_adc0336ce46d9142,heartbeat,-51
2026-09-20T15:06:07.823338+00:00,AP_02,dev_298b986404f77877,heartbeat,-51
2026-09-20T15:06:07.823338+00:00,AP_02,dev_35eea70824060c98,heartbeat,-48
2026-09-20T15:06:08.823338+00:00,AP_01,dev_e96f8bdb2ce51760,heartbeat,-50
2026-09-20T15:06:08.823338+00:00,AP_02,dev_bb34b21593bc8929,heartbeat,-49
2026-09-20T15:06:08.823338+00:00,AP_02,dev_942144bd6b3fd842,heartbeat,-53
2026-09-20T15:06:08.823338+00:00,AP_03,dev_14710bbb669656eb,heartbeat,-46
2026-09-20T15:06:09.823338+00:00,AP_01,dev_78b7476e077c5c58,heartbeat,-55
2026-09-20T15:06:09.823338+00:00,AP_02,dev_fd835430174d2b7e,heartbeat,-45
2026-09-20T15:06:10.823338+00:00,AP_01,dev_26be14216d4fd7c4,heartbeat,-40
2026-09-20T15:06:10.823338+00:00,AP_01,dev_382017e48c0d09cb,heartbeat,-50
2026-09-20T15:06:10.823338+00:00,AP_01,dev_b00c9275f41b488e,heartbeat,-49
2026-09-20T15:06:10.823338+00:00,AP_02,dev_47dd476b9bbabc00,heartbeat,-46
2026-09-20T15:06:13.823338+00:00,AP_02,dev_4463e93e128fb718,heartbeat,-46
2026-09-20T15:06:13.823338+00:00,AP_02,dev_5cb49a89349d804a,heartbeat,-43
2026-09-20T15:06:14.823338+00:00,AP_01,dev_0e322e127a303cdd,heartbeat,-51
2026-09-20T15:06:15.823338+00:00,AP_01,dev_d5facb6e4cdd0f8d,heartbeat,-49
2026-09-20T15:06:16.823338+00:00,AP_01,dev_39ef6cebfea41e12,heartbeat,-52
2026-09-20T15:06:16.823338+00:00,AP_01,dev_ec7f305d29851a5a,heartbeat,-44
2026-09-20T15:06:16.823338+00:00,AP_02,dev_c8621d86e105ae2c,heartbeat,-50
2026-09-20T15:06:16.823338+00:00,AP_03,dev_172964ce995cefb5,heartbeat,-44
2026-09-20T15:06:17.823338+00:00,AP_01,dev_46106d48bf350825,heartbeat,-57
2026-09-20T15:06:17.823338+00:00,AP_02,dev_cd0c870c9624e6f6,heartbeat,-55
2026-09-20T15:06:17.823338+00:00,AP_02,dev_95f1a30bee85ba16,heartbeat,-50
2026-09-20T15:06:18.823338+00:00,AP_02,dev_be01eb2e5060c2ba,heartbeat,-50
2026-09-20T15:06:20.823338+00:00,AP_01,dev_ba0ab9a640d8388b,heartbeat,-47
2026-09-20T15:06:20.823338+00:00,AP_01,dev_4ec6910610b8ee21,heartbeat,-45
2026-09-20T15:06:21.823338+00:00,AP_01,dev_dac9735c15d23598,heartbeat,-43
2026-09-20T15:06:21.823338+00:00,AP_01,dev_a42ce750a950b6ed,heartbeat,-50
2026-09-20T15:06:22.823338+00:00,AP_02,dev_bfa351d9deb65b50,heartbeat,-49
2026-09-20T15:06:22.823338+00:00,AP_02,dev_02af9fa92d40a9af,heartbeat,-47
2026-09-20T15:06:23.823338+00:00,AP_01,dev_761dbfebee20a1b6,heartbeat,-49
2026-09-20T15:06:25.823338+00:00,AP_02,dev_09e69aaa959cdd44,heartbeat,-49
2026-09-20T15:06:26.823338+00:00,AP_02,dev_36251f494ec5e4c4,heartbeat,-52
2026-09-20T15:06:26.823338+00:00,AP_02,dev_43e59eca12e9d77f,heartbeat,-44
2026-09-20T15:06:26.823338+00:00,AP_02,dev_32123fce6801e287,heartbeat,-45
2026-09-20T15:06:27.823338+00:00,AP_01,dev_ef43c0dc8df3847e,heartbeat,-57
2026-09-20T15:06:27.823338+00:00,AP_01,dev_0f3a5465c5be5029,heartbeat,-47
2026-09-20T15:06:28.823338+00:00,AP_02,dev_fda1e4d27c7ec351,heartbeat,-50
2026-09-20T15:06:30.823338+00:00,AP_01,dev_bee12d3e1f271e83,heartbeat,-48
2026-09-20T15:06:30.823338+00:00,AP_01,dev_de09aa0b03e5957e,heartbeat,-49
2026-09-20T15:06:30.823338+00:00,AP_02,dev_a9a77d30a2535eda,heartbeat,-44
2026-09-20T15:06:30.823338+00:00,AP_03,dev_80d56b8303cd4403,heartbeat,-49
2026-09-20T15:06:31.823338+00:00,AP_02,dev_3712f235b4616c4a,heartbeat,-55
2026-09-20T15:06:32.823338+00:00,AP_02,dev_e275ee8bb2c9833c,heartbeat,-46
2026-09-20T15:06:32.823338+00:00,AP_02,dev_9ac7e0c7eb7246b5,heartbeat,-45
2026-09-20T15:06:32.823338+00:00,AP_03,dev_b3417cd8c6c08f19,heartbeat,-44
2026-09-20T15:06:35.823338+00:00,AP_01,dev_ac7b80880a1f3946,heartbeat,-46
2026-09-20T15:06:35.823338+00:00,AP_02,dev_1730e5aaa7a31ce6,heartbeat,-51
2026-09-20T15:06:36.823338+00:00,AP_02,dev_35eea70824060c98,heartbeat,-50
2026-09-20T15:06:37.823338+00:00,AP_01,dev_4d55811fcbb2d44b,heartbeat,-47
2026-09-20T15:06:37.823338+00:00,AP_01,dev_3b33fcd2e1d3f788,heartbeat,-54
2026-09-20T15:06:37.823338+00:00,AP_02,dev_298b986404f77877,heartbeat,-47
2026-09-20T15:06:38.823338+00:00,AP_01,dev_570873d5e07620f7,heartbeat,-45
2026-09-20T15:06:38.823338+00:00,AP_01,dev_382017e48c0d09cb,heartbeat,-53
2026-09-20T15:06:38.823338+00:00,AP_01,dev_adc0336ce46d9142,heartbeat,-43
2026-09-20T15:06:38.823338+00:00,AP_01,dev_0feb402657ab950a,heartbeat,-49
2026-09-20T15:06:38.823338+00:00,AP_02,dev_bb34b21593bc8929,heartbeat,-51
2026-09-20T15:06:39.823338+00:00,AP_01,dev_78b7476e077c5c58,heartbeat,-49
2026-09-20T15:06:39.823338+00:00,AP_02,dev_47dd476b9bbabc00,heartbeat,-48
2026-09-20T15:06:39.823338+00:00,AP_02,dev_942144bd6b3fd842,heartbeat,-52
2026-09-20T15:06:39.823338+00:00,AP_03,dev_14710bbb669656eb,heartbeat,-49
2026-09-20T15:06:40.823338+00:00,AP_02,dev_fd835430174d2b7e,heartbeat,-47
2026-09-20T15:06:41.823338+00:00,AP_01,dev_e96f8bdb2ce51760,heartbeat,-51
2026-09-20T15:06:41.823338+00:00,AP_01,dev_0e322e127a303cdd,heartbeat,-47
2026-09-20T15:06:42.823338+00:00,AP_01,dev_26be14216d4fd7c4,heartbeat,-55
2026-09-20T15:06:42.823338+00:00,AP_01,dev_b00c9275f41b488e,heartbeat,-48
2026-09-20T15:06:45.823338+00:00,AP_01,dev_46106d48bf350825,heartbeat,-47
2026-09-20T15:06:45.823338+00:00,AP_02,dev_cd0c870c9624e6f6,heartbeat,-48
2026-09-20T15:06:45.823338+00:00,AP_02,dev_95f1a30bee85ba16,heartbeat,-45
2026-09-20T15:06:45.823338+00:00,AP_02,dev_be01eb2e5060c2ba,heartbeat,-48
2026-09-20T15:06:46.823338+00:00,AP_01,dev_39ef6cebfea41e12,heartbeat,-46
2026-09-20T15:06:46.823338+00:00,AP_02,dev_4463e93e128fb718,heartbeat,-58
2026-09-20T15:06:46.823338+00:00,AP_02,dev_5cb49a89349d804a,heartbeat,-41
2026-09-20T15:06:46.823338+00:00,AP_03,dev_172964ce995cefb5,heartbeat,-46
2026-09-20T15:06:47.823338+00:00,AP_01,dev_d5facb6e4cdd0f8d,heartbeat,-51
2026-09-20T15:06:48.823338+00:00,AP_02,dev_c8621d86e105ae2c,heartbeat,-53
2026-09-20T15:06:49.823338+00:00,AP_01,dev_ec7f305d29851a5a,heartbeat,-48
2026-09-20T15:06:50.823338+00:00,AP_01,dev_ba0ab9a640d8388b,heartbeat,-55
2026-09-20T15:06:50.823338+00:00,AP_01,dev_4ec6910610b8ee21,heartbeat,-54
2026-09-20T15:06:50.823338+00:00,AP_01,dev_dac9735c15d23598,heartbeat,-52
2026-09-20T15:06:51.823338+00:00,AP_01,dev_761dbfebee20a1b6,heartbeat,-50
2026-09-20T15:06:52.823338+00:00,AP_02,dev_09e69aaa959cdd44,heartbeat,-50
2026-09-20T15:06:54.823338+00:00,AP_01,dev_a42ce750a950b6ed,heartbeat,-53
2026-09-20T15:06:55.823338+00:00,AP_01,dev_ef43c0dc8df3847e,heartbeat,-41
2026-09-20T15:06:55.823338+00:00,AP_02,dev_bfa351d9deb65b50,heartbeat,-51
2026-09-20T15:06:55.823338+00:00,AP_02,dev_02af9fa92d40a9af,heartbeat,-48
2026-09-20T15:06:56.823338+00:00,AP_02,dev_36251f494ec5e4c4,heartbeat,-55
2026-09-20T15:06:56.823338+00:00,AP_02,dev_32123fce6801e287,heartbeat,-52
2026-09-20T15:06:57.823338+00:00,AP_01,dev_0f3a5465c5be5029,heartbeat,-48
2026-09-20T15:06:57.823338+00:00,AP_01,dev_de09aa0b03e5957e,heartbeat,-50
2026-09-20T15:06:57.823338+00:00,AP_02,dev_fda1e4d27c7ec351,heartbeat,-49
2026-09-20T15:06:57.823338+00:00,AP_02,dev_a9a77d30a2535eda,heartbeat,-48
2026-09-20T15:06:59.823338+00:00,AP_02,dev_e275ee8bb2c9833c,heartbeat,-48
2026-09-20T15:06:59.823338+00:00,AP_02,dev_43e59eca12e9d77f,heartbeat,-46
2026-09-20T15:06:59.823338+00:00,AP_03,dev_80d56b8303cd4403,heartbeat,-49
2026-09-20T15:07:02.823338+00:00,AP_02,dev_3712f235b4616c4a,heartbeat,-53
2026-09-20T15:07:02.823338+00:00,AP_02,dev_9ac7e0c7eb7246b5,heartbeat,-41
2026-09-20T15:07:03.823338+00:00,AP_01,dev_bee12d3e1f271e83,heartbeat,-50
2026-09-20T15:07:05.823338+00:00,AP_01,dev_570873d5e07620f7,heartbeat,-51
2026-09-20T15:07:05.823338+00:00,AP_01,dev_ac7b80880a1f3946,heartbeat,-47
2026-09-20T15:07:05.823338+00:00,AP_02,dev_298b986404f77877,heartbeat,-50
2026-09-20T15:07:05.823338+00:00,AP_03,dev_b3417cd8c6c08f19,heartbeat,-45
2026-09-20T15:07:06.823338+00:00,AP_01,dev_78b7476e077c5c58,heartbeat,-48
2026-09-20T15:07:06.823338+00:00,AP_01,dev_0feb402657ab950a,heartbeat,-52
2026-09-20T15:07:07.823338+00:00,AP_02,dev_bb34b21593bc8929,heartbeat,-53
2026-09-20T15:07:07.823338+00:00,AP_02,dev_1730e5aaa7a31ce6,heartbeat,-52
2026-09-20T15:07:07.823338+00:00,AP_02,dev_942144bd6b3fd842,heartbeat,-49
2026-09-20T15:07:07.823338+00:00,AP_02,dev_35eea70824060c98,heartbeat,-46
2026-09-20T15:07:08.823338+00:00,AP_01,dev_3b33fcd2e1d3f788,heartbeat,-44
2026-09-20T15:07:08.823338+00:00,AP_01,dev_382017e48c0d09cb,heartbeat,-54
2026-09-20T15:07:08.823338+00:00,AP_01,dev_adc0336ce46d9142,heartbeat,-50
2026-09-20T15:07:08.823338+00:00,AP_02,dev_fd835430174d2b7e,heartbeat,-54
2026-09-20T15:07:09.823338+00:00,AP_01,dev_4d55811fcbb2d44b,heartbeat,-53
2026-09-20T15:07:10.823338+00:00,AP_01,dev_e96f8bdb2ce51760,heartbeat,-50
2026-09-20T15:07:10.823338+00:00,AP_02,dev_47dd476b9bbabc00,heartbeat,-49
2026-09-20T15:07:12.823338+00:00,AP_01,dev_0e322e127a303cdd,heartbeat,-53
2026-09-20T15:07:12.823338+00:00,AP_03,dev_14710bbb669656eb,heartbeat,-55
2026-09-20T15:07:13.823338+00:00,AP_01,dev_26be14216d4fd7c4,heartbeat,-54
2026-09-20T15:07:13.823338+00:00,AP_01,dev_39ef6cebfea41e12,heartbeat,-51
2026-09-20T15:07:13.823338+00:00,AP_01,dev_46106d48bf350825,heartbeat,-47
2026-09-20T15:07:14.823338+00:00,AP_01,dev_b00c9275f41b488e,heartbeat,-47
2026-09-20T15:07:14.823338+00:00,AP_02,dev_be01eb2e5060c2ba,heartbeat,-50
2026-09-20T15:07:14.823338+00:00,AP_03,dev_172964ce995cefb5,heartbeat,-44
2026-09-20T15:07:15.823338+00:00,AP_02,dev_cd0c870c9624e6f6,heartbeat,-61
2026-09-20T15:07:15.823338+00:00,AP_02,dev_95f1a30bee85ba16,heartbeat,-49
2026-09-20T15:07:16.823338+00:00,AP_01,dev_ec7f305d29851a5a,heartbeat,-52
2026-09-20T15:07:16.823338+00:00,AP_01,dev_d5facb6e4cdd0f8d,heartbeat,-49
2026-09-20T15:07:17.823338+00:00,AP_01,dev_ba0ab9a640d8388b,heartbeat,-46
2026-09-20T15:07:17.823338+00:00,AP_02,dev_5cb49a89349d804a,heartbeat,-45
2026-09-20T15:07:18.823338+00:00,AP_01,dev_4ec6910610b8ee21,heartbeat,-52
2026-09-20T15:07:18.823338+00:00,AP_02,dev_4463e93e128fb718,heartbeat,-51
2026-09-20T15:07:19.823338+00:00,AP_01,dev_dac9735c15d23598,heartbeat,-54
2026-09-20T15:07:20.823338+00:00,AP_01,dev_761dbfebee20a1b6,heartbeat,-47
2026-09-20T15:07:20.823338+00:00,AP_02,dev_c8621d86e105ae2c,heartbeat,-56
2026-09-20T15:07:21.823338+00:00,AP_01,dev_a42ce750a950b6ed,heartbeat,-50
2026-09-20T15:07:22.823338+00:00,AP_02,dev_09e69aaa959cdd44,heartbeat,-51
2026-09-20T15:07:23.823338+00:00,AP_02,dev_bfa351d9deb65b50,heartbeat,-50
2026-09-20T15:07:23.823338+00:00,AP_02,dev_02af9fa92d40a9af,heartbeat,-48
2026-09-20T15:07:24.823338+00:00,AP_02,dev_36251f494ec5e4c4,heartbeat,-47
2026-09-20T15:07:25.823338+00:00,AP_01,dev_ef43c0dc8df3847e,heartbeat,-48
2026-09-20T15:07:25.823338+00:00,AP_01,dev_de09aa0b03e5957e,heartbeat,-56
2026-09-20T15:07:26.823338+00:00,AP_03,dev_80d56b8303cd4403,heartbeat,-50
2026-09-20T15:07:28.823338+00:00,AP_02,dev_fda1e4d27c7ec351,heartbeat,-50
2026-09-20T15:07:28.823338+00:00,AP_02,dev_a9a77d30a2535eda,heartbeat,-49
2026-09-20T15:07:28.823338+00:00,AP_02,dev_32123fce6801e287,heartbeat,-47
2026-09-20T15:07:30.823338+00:00,AP_01,dev_0f3a5465c5be5029,heartbeat,-49
2026-09-20T15:07:32.823338+00:00,AP_01,dev_570873d5e07620f7,heartbeat,-43
2026-09-20T15:07:32.823338+00:00,AP_01,dev_ac7b80880a1f3946,heartbeat,-53
2026-09-20T15:07:32.823338+00:00,AP_02,dev_e275ee8bb2c9833c,heartbeat,-50
2026-09-20T15:07:32.823338+00:00,AP_02,dev_3712f235b4616c4a,heartbeat,-57
2026-09-20T15:07:32.823338+00:00,AP_02,dev_298b986404f77877,heartbeat,-47
2026-09-20T15:07:32.823338+00:00,AP_02,dev_43e59eca12e9d77f,heartbeat,-48
2026-09-20T15:07:33.823338+00:00,AP_02,dev_9ac7e0c7eb7246b5,heartbeat,-47
2026-09-20T15:07:34.823338+00:00,AP_02,dev_942144bd6b3fd842,heartbeat,-48
2026-09-20T15:07:35.823338+00:00,AP_01,dev_bee12d3e1f271e83,heartbeat,-51
2026-09-20T15:07:35.823338+00:00,AP_01,dev_78b7476e077c5c58,heartbeat,-48
2026-09-20T15:07:35.823338+00:00,AP_02,dev_1730e5aaa7a31ce6,heartbeat,-50
2026-09-20T15:07:36.823338+00:00,AP_02,dev_bb34b21593bc8929,heartbeat,-51
2026-09-20T15:07:36.823338+00:00,AP_02,dev_35eea70824060c98,heartbeat,-48
2026-09-20T15:07:37.823338+00:00,AP_03,dev_b3417cd8c6c08f19,heartbeat,-44
2026-09-20T15:07:38.823338+00:00,AP_01,dev_4d55811fcbb2d44b,heartbeat,-50
2026-09-20T15:07:38.823338+00:00,AP_01,dev_adc0336ce46d9142,heartbeat,-46
2026-09-20T15:07:38.823338+00:00,AP_01,dev_0feb402657ab950a,heartbeat,-53
2026-09-20T15:07:38.823338+00:00,AP_02,dev_47dd476b9bbabc00,heartbeat,-50
2026-09-20T15:07:39.823338+00:00,AP_01,dev_3b33fcd2e1d3f788,heartbeat,-46
2026-09-20T15:07:39.823338+00:00,AP_01,dev_0e322e127a303cdd,heartbeat,-55
2026-09-20T15:07:40.823338+00:00,AP_02,dev_fd835430174d2b7e,heartbeat,-46
2026-09-20T15:07:41.823338+00:00,AP_01,dev_382017e48c0d09cb,heartbeat,-54
2026-09-20T15:07:42.823338+00:00,AP_01,dev_46106d48bf350825,heartbeat,-53
2026-09-20T15:07:43.823338+00:00,AP_01,dev_e96f8bdb2ce51760,heartbeat,-54
2026-09-20T15:07:44.823338+00:00,AP_02,dev_95f1a30bee85ba16,heartbeat,-48
2026-09-20T15:07:44.823338+00:00,AP_03,dev_172964ce995cefb5,heartbeat,-46
2026-09-20T15:07:44.823338+00:00,AP_03,dev_14710bbb669656eb,heartbeat,-55
2026-09-20T15:07:45.823338+00:00,AP_01,dev_d5facb6e4cdd0f8d,heartbeat,-49
2026-09-20T15:07:45.823338+00:00,AP_02,dev_be01eb2e5060c2ba,heartbeat,-52
2026-09-20T15:07:46.823338+00:00,AP_01,dev_26be14216d4fd7c4,heartbeat,-48
2026-09-20T15:07:46.823338+00:00,AP_01,dev_39ef6cebfea41e12,heartbeat,-45
2026-09-20T15:07:47.823338+00:00,AP_01,dev_dac9735c15d23598,heartbeat,-43
2026-09-20T15:07:47.823338+00:00,AP_01,dev_b00c9275f41b488e,heartbeat,-46
2026-09-20T15:07:47.823338+00:00,AP_02,dev_5cb49a89349d804a,heartbeat,-49
2026-09-20T15:07:48.823338+00:00,AP_01,dev_ba0ab9a640d8388b,heartbeat,-47
2026-09-20T15:07:48.823338+00:00,AP_01,dev_a42ce750a950b6ed,heartbeat,-50
2026-09-20T15:07:48.823338+00:00,AP_02,dev_4463e93e128fb718,heartbeat,-51
2026-09-20T15:07:48.823338+00:00,AP_02,dev_cd0c870c9624e6f6,heartbeat,-51
2026-09-20T15:07:49.823338+00:00,AP_01,dev_ec7f305d29851a5a,heartbeat,-50
2026-09-20T15:07:50.823338+00:00,AP_02,dev_bfa351d9deb65b50,heartbeat,-49
2026-09-20T15:07:50.823338+00:00,AP_02,dev_c8621d86e105ae2c,heartbeat,-45
2026-09-20T15:07:51.823338+00:00,AP_01,dev_4ec6910610b8ee21,heartbeat,-48
2026-09-20T15:07:51.823338+00:00,AP_02,dev_09e69aaa959cdd44,heartbeat,-47
2026-09-20T15:07:53.823338+00:00,AP_01,dev_ef43c0dc8df3847e,heartbeat,-49
2026-09-20T15:07:53.823338+00:00,AP_01,dev_761dbfebee20a1b6,heartbeat,-51
2026-09-20T15:07:55.823338+00:00,AP_02,dev_36251f494ec5e4c4,heartbeat,-48
2026-09-20T15:07:55.823338+00:00,AP_02,dev_32123fce6801e287,heartbeat,-51
2026-09-20T15:07:56.823338+00:00,AP_01,dev_de09aa0b03e5957e,heartbeat,-51
2026-09-20T15:07:56.823338+00:00,AP_02,dev_02af9fa92d40a9af,heartbeat,-53
2026-09-20T15:07:56.823338+00:00,AP_03,dev_80d56b8303cd4403,heartbeat,-50
2026-09-20T15:07:57.823338+00:00,AP_02,dev_a9a77d30a2535eda,heartbeat,-50
2026-09-20T15:08:00.823338+00:00,AP_02,dev_3712f235b4616c4a,heartbeat,-46
2026-09-20T15:08:01.823338+00:00,AP_01,dev_ac7b80880a1f3946,heartbeat,-51
2026-09-20T15:08:01.823338+00:00,AP_02,dev_fda1e4d27c7ec351,heartbeat,-48
2026-09-20T15:08:02.823338+00:00,AP_02,dev_e275ee8bb2c9833c,heartbeat,-50
2026-09-20T15:08:03.823338+00:00,AP_01,dev_0f3a5465c5be5029,heartbeat,-47
2026-09-20T15:08:03.823338+00:00,AP_02,dev_9ac7e0c7eb7246b5,heartbeat,-50
2026-09-20T15:08:03.823338+00:00,AP_02,dev_bb34b21593bc8929,heartbeat,-46
2026-09-20T15:08:03.823338+00:00,AP_02,dev_43e59eca12e9d77f,heartbeat,-55
2026-09-20T15:08:03.823338+00:00,AP_02,dev_942144bd6b3fd842,heartbeat,-53
2026-09-20T15:08:04.823338+00:00,AP_01,dev_570873d5e07620f7,heartbeat,-49
2026-09-20T15:08:04.823338+00:00,AP_02,dev_35eea70824060c98,heartbeat,-59
2026-09-20T15:08:05.823338+00:00,AP_01,dev_78b7476e077c5c58,heartbeat,-45
2026-09-20T15:08:05.823338+00:00,AP_02,dev_298b986404f77877,heartbeat,-55
2026-09-20T15:08:06.823338+00:00,AP_01,dev_bee12d3e1f271e83,heartbeat,-53
2026-09-20T15:08:06.823338+00:00,AP_01,dev_3b33fcd2e1d3f788,heartbeat,-49
2026-09-20T15:08:06.823338+00:00,AP_01,dev_0e322e127a303cdd,heartbeat,-47
2026-09-20T15:08:07.823338+00:00,AP_01,dev_4d55811fcbb2d44b,heartbeat,-57
2026-09-20T15:08:07.823338+00:00,AP_01,dev_adc0336ce46d9142,heartbeat,-53
2026-09-20T15:08:07.823338+00:00,AP_02,dev_47dd476b9bbabc00,heartbeat,-57
2026-09-20T15:08:08.823338+00:00,AP_02,dev_1730e5aaa7a31ce6,heartbeat,-50
2026-09-20T15:08:09.823338+00:00,AP_01,dev_0feb402657ab950a,heartbeat,-51
2026-09-20T15:08:10.823338+00:00,AP_03,dev_b3417cd8c6c08f19,heartbeat,-51
2026-09-20T15:08:11.823338+00:00,AP_03,dev_14710bbb669656eb,heartbeat,-48
2026-09-20T15:08:13.823338+00:00,AP_01,dev_e96f8bdb2ce51760,heartbeat,-45
2026-09-20T15:08:13.823338+00:00,AP_01,dev_382017e48c0d09cb,heartbeat,-55
2026-09-20T15:08:13.823338+00:00,AP_01,dev_d5facb6e4cdd0f8d,heartbeat,-52
2026-09-20T15:08:13.823338+00:00,AP_02,dev_fd835430174d2b7e,heartbeat,-48
2026-09-20T15:08:14.823338+00:00,AP_01,dev_46106d48bf350825,heartbeat,-41
2026-09-20T15:08:14.823338+00:00,AP_01,dev_dac9735c15d23598,heartbeat,-47
2026-09-20T15:08:14.823338+00:00,AP_02,dev_95f1a30bee85ba16,heartbeat,-49
2026-09-20T15:08:14.823338+00:00,AP_03,dev_172964ce995cefb5,heartbeat,-54
2026-09-20T15:08:15.823338+00:00,AP_01,dev_26be14216d4fd7c4,heartbeat,-52
2026-09-20T15:08:15.823338+00:00,AP_01,dev_a42ce750a950b6ed,heartbeat,-51
2026-09-20T15:08:16.823338+00:00,AP_01,dev_ba0ab9a640d8388b,heartbeat,-48
2026-09-20T15:08:16.823338+00:00,AP_01,dev_b00c9275f41b488e,heartbeat,-49
2026-09-20T15:08:16.823338+00:00,AP_02,dev_4463e93e128fb718,heartbeat,-53
2026-09-20T15:08:17.823338+00:00,AP_01,dev_39ef6cebfea41e12,heartbeat,-53
2026-09-20T15:08:17.823338+00:00,AP_02,dev_be01eb2e5060c2ba,heartbeat,-44
2026-09-20T15:08:18.823338+00:00,AP_02,dev_5cb49a89349d804a,heartbeat,-46
2026-09-20T15:08:18.823338+00:00,AP_02,dev_09e69aaa959cdd44,heartbeat,-52
2026-09-20T15:08:19.823338+00:00,AP_01,dev_4ec6910610b8ee21,heartbeat,-49
2026-09-20T15:08:20.823338+00:00,AP_02,dev_c8621d86e105ae2c,heartbeat,-49
2026-09-20T15:08:21.823338+00:00,AP_01,dev_ef43c0dc8df3847e,heartbeat,-49
2026-09-20T15:08:21.823338+00:00,AP_01,dev_ec7f305d29851a5a,heartbeat,-48
2026-09-20T15:08:21.823338+00:00,AP_02,dev_cd0c870c9624e6f6,heartbeat,-48
2026-09-20T15:08:22.823338+00:00,AP_02,dev_36251f494ec5e4c4,heartbeat,-56
2026-09-20T15:08:23.823338+00:00,AP_02,dev_bfa351d9deb65b50,heartbeat,-51
2026-09-20T15:08:24.823338+00:00,AP_01,dev_de09aa0b03e5957e,heartbeat,-47
2026-09-20T15:08:25.823338+00:00,AP_03,dev_80d56b8303cd4403,heartbeat,-44
2026-09-20T15:08:26.823338+00:00,AP_01,dev_761dbfebee20a1b6,heartbeat,-51
2026-09-20T15:08:26.823338+00:00,AP_02,dev_32123fce6801e287,heartbeat,-50
2026-09-20T15:08:27.823338+00:00,AP_02,dev_02af9fa92d40a9af,heartbeat,-51
2026-09-20T15:08:28.823338+00:00,AP_02,dev_fda1e4d27c7ec351,heartbeat,-55
2026-09-20T15:08:28.823338+00:00,AP_02,dev_a9a77d30a2535eda,heartbeat,-46
2026-09-20T15:08:29.823338+00:00,AP_02,dev_3712f235b4616c4a,heartbeat,-55
2026-09-20T15:08:31.823338+00:00,AP_02,dev_43e59eca12e9d77f,heartbeat,-54
2026-09-20T15:08:31.823338+00:00,AP_02,dev_942144bd6b3fd842,heartbeat,-51
2026-09-20T15:08:32.823338+00:00,AP_01,dev_ac7b80880a1f3946,heartbeat,-49
2026-09-20T15:08:32.823338+00:00,AP_02,dev_9ac7e0c7eb7246b5,heartbeat,-56
2026-09-20T15:08:32.823338+00:00,AP_02,dev_bb34b21593bc8929,heartbeat,-55
2026-09-20T15:08:33.823338+00:00,AP_01,dev_3b33fcd2e1d3f788,heartbeat,-50
2026-09-20T15:08:33.823338+00:00,AP_02,dev_298b986404f77877,heartbeat,-46
2026-09-20T15:08:34.823338+00:00,AP_02,dev_e275ee8bb2c9833c,heartbeat,-45
2026-09-20T15:08:34.823338+00:00,AP_02,dev_35eea70824060c98,heartbeat,-48
2026-09-20T15:08:35.823338+00:00,AP_01,dev_570873d5e07620f7,heartbeat,-47
2026-09-20T15:08:36.823338+00:00,AP_01,dev_0f3a5465c5be5029,heartbeat,-50
2026-09-20T15:08:36.823338+00:00,AP_01,dev_adc0336ce46d9142,heartbeat,-55
2026-09-20T15:08:36.823338+00:00,AP_01,dev_78b7476e077c5c58,heartbeat,-47
2026-09-20T15:08:36.823338+00:00,AP_02,dev_47dd476b9bbabc00,heartbeat,-50
2026-09-20T15:08:37.823338+00:00,AP_01,dev_4d55811fcbb2d44b,heartbeat,-47
2026-09-20T15:08:37.823338+00:00,AP_01,dev_bee12d3e1f271e83,heartbeat,-52
2026-09-20T15:08:38.823338+00:00,AP_01,dev_0e322e127a303cdd,heartbeat,-48
2026-09-20T15:08:38.823338+00:00,AP_03,dev_b3417cd8c6c08f19,heartbeat,-48
2026-09-20T15:08:39.823338+00:00,AP_02,dev_1730e5aaa7a31ce6,heartbeat,-48
2026-09-20T15:08:41.823338+00:00,AP_01,dev_0feb402657ab950a,heartbeat,-53
2026-09-20T15:08:41.823338+00:00,AP_02,dev_95f1a30bee85ba16,heartbeat,-49
2026-09-20T15:08:42.823338+00:00,AP_01,dev_e96f8bdb2ce51760,heartbeat,-56
2026-09-20T15:08:42.823338+00:00,AP_01,dev_d5facb6e4cdd0f8d,heartbeat,-48
2026-09-20T15:08:43.823338+00:00,AP_03,dev_172964ce995cefb5,heartbeat,-51
2026-09-20T15:08:44.823338+00:00,AP_01,dev_46106d48bf350825,heartbeat,-55
2026-09-20T15:08:44.823338+00:00,AP_01,dev_a42ce750a950b6ed,heartbeat,-58
2026-09-20T15:08:44.823338+00:00,AP_03,dev_14710bbb669656eb,heartbeat,-49
2026-09-20T15:08:45.823338+00:00,AP_01,dev_382017e48c0d09cb,heartbeat,-52
2026-09-20T15:08:45.823338+00:00,AP_02,dev_fd835430174d2b7e,heartbeat,-43
2026-09-20T15:08:45.823338+00:00,AP_02,dev_09e69aaa959cdd44,heartbeat,-49
2026-09-20T15:08:47.823338+00:00,AP_01,dev_26be14216d4fd7c4,heartbeat,-47
2026-09-20T15:08:47.823338+00:00,AP_01,dev_dac9735c15d23598,heartbeat,-50
2026-09-20T15:08:47.823338+00:00,AP_02,dev_4463e93e128fb718,heartbeat,-53
2026-09-20T15:08:47.823338+00:00,AP_02,dev_5cb49a89349d804a,heartbeat,-53
2026-09-20T15:08:48.823338+00:00,AP_01,dev_4ec6910610b8ee21,heartbeat,-49
2026-09-20T15:08:48.823338+00:00,AP_02,dev_be01eb2e5060c2ba,heartbeat,-54
2026-09-20T15:08:49.823338+00:00,AP_01,dev_ba0ab9a640d8388b,heartbeat,-51
2026-09-20T15:08:49.823338+00:00,AP_01,dev_b00c9275f41b488e,heartbeat,-48
2026-09-20T15:08:50.823338+00:00,AP_01,dev_39ef6cebfea41e12,heartbeat,-40
2026-09-20T15:08:50.823338+00:00,AP_01,dev_ec7f305d29851a5a,heartbeat,-50
2026-09-20T15:08:50.823338+00:00,AP_02,dev_c8621d86e105ae2c,heartbeat,-46
2026-09-20T15:08:52.823338+00:00,AP_02,dev_cd0c870c9624e6f6,heartbeat,-49
2026-09-20T15:08:53.823338+00:00,AP_01,dev_ef43c0dc8df3847e,heartbeat,-53
2026-09-20T15:08:54.823338+00:00,AP_01,dev_761dbfebee20a1b6,heartbeat,-49
2026-09-20T15:08:54.823338+00:00,AP_02,dev_bfa351d9deb65b50,heartbeat,-51
2026-09-20T15:08:54.823338+00:00,AP_02,dev_02af9fa92d40a9af,heartbeat,-48
2026-09-20T15:08:55.823338+00:00,AP_01,dev_de09aa0b03e5957e,heartbeat,-49
2026-09-20T15:08:55.823338+00:00,AP_02,dev_36251f494ec5e4c4,heartbeat,-58
2026-09-20T15:08:55.823338+00:00,AP_02,dev_a9a77d30a2535eda,heartbeat,-49
2026-09-20T15:08:55.823338+00:00,AP_03,dev_80d56b8303cd4403,heartbeat,-52
2026-09-20T15:08:57.823338+00:00,AP_02,dev_32123fce6801e287,heartbeat,-56
2026-09-20T15:08:59.823338+00:00,AP_02,dev_3712f235b4616c4a,heartbeat,-45
2026-09-20T15:08:59.823338+00:00,AP_02,dev_fda1e4d27c7ec351,heartbeat,-48
2026-09-20T15:09:00.823338+00:00,AP_02,dev_bb34b21593bc8929,heartbeat,-50
2026-09-20T15:09:01.823338+00:00,AP_02,dev_298b986404f77877,heartbeat,-48
2026-09-20T15:09:02.823338+00:00,AP_02,dev_942144bd6b3fd842,heartbeat,-49
2026-09-20T15:09:03.823338+00:00,AP_01,dev_570873d5e07620f7,heartbeat,-49
2026-09-20T15:09:03.823338+00:00,AP_01,dev_ac7b80880a1f3946,heartbeat,-55
2026-09-20T15:09:04.823338+00:00,AP_02,dev_9ac7e0c7eb7246b5,heartbeat,-48
2026-09-20T15:09:04.823338+00:00,AP_02,dev_43e59eca12e9d77f,heartbeat,-53
2026-09-20T15:09:05.823338+00:00,AP_02,dev_e275ee8bb2c9833c,heartbeat,-46
2026-09-20T15:09:05.823338+00:00,AP_03,dev_b3417cd8c6c08f19,heartbeat,-56
2026-09-20T15:09:06.823338+00:00,AP_01,dev_bee12d3e1f271e83,heartbeat,-45
2026-09-20T15:09:06.823338+00:00,AP_01,dev_3b33fcd2e1d3f788,heartbeat,-55
2026-09-20T15:09:06.823338+00:00,AP_02,dev_35eea70824060c98,heartbeat,-47
2026-09-20T15:09:07.823338+00:00,AP_01,dev_4d55811fcbb2d44b,heartbeat,-48
2026-09-20T15:09:07.823338+00:00,AP_01,dev_0f3a5465c5be5029,heartbeat,-51
2026-09-20T15:09:08.823338+00:00,AP_01,dev_0e322e127a303cdd,heartbeat,-52
2026-09-20T15:09:08.823338+00:00,AP_01,dev_adc0336ce46d9142,heartbeat,-46
2026-09-20T15:09:08.823338+00:00,AP_02,dev_47dd476b9bbabc00,heartbeat,-46
2026-09-20T15:09:09.823338+00:00,AP_01,dev_78b7476e077c5c58,heartbeat,-52
2026-09-20T15:09:09.823338+00:00,AP_02,dev_95f1a30bee85ba16,heartbeat,-53
2026-09-20T15:09:10.823338+00:00,AP_02,dev_1730e5aaa7a31ce6,heartbeat,-50
2026-09-20T15:09:11.823338+00:00,AP_01,dev_46106d48bf350825,heartbeat,-47
2026-09-20T15:09:11.823338+00:00,AP_03,dev_172964ce995cefb5,heartbeat,-49
2026-09-20T15:09:12.823338+00:00,AP_01,dev_e96f8bdb2ce51760,heartbeat,-50
2026-09-20T15:09:12.823338+00:00,AP_01,dev_d5facb6e4cdd0f8d,heartbeat,-51
2026-09-20T15:09:12.823338+00:00,AP_01,dev_0feb402657ab950a,heartbeat,-51
2026-09-20T15:09:13.823338+00:00,AP_01,dev_382017e48c0d09cb,heartbeat,-48
2026-09-20T15:09:14.823338+00:00,AP_01,dev_26be14216d4fd7c4,heartbeat,-46
2026-09-20T15:09:14.823338+00:00,AP_01,dev_a42ce750a950b6ed,heartbeat,-49
2026-09-20T15:09:14.823338+00:00,AP_02,dev_4463e93e128fb718,heartbeat,-45
2026-09-20T15:09:14.823338+00:00,AP_02,dev_09e69aaa959cdd44,heartbeat,-49
2026-09-20T15:09:14.823338+00:00,AP_03,dev_14710bbb669656eb,heartbeat,-51
2026-09-20T15:09:15.823338+00:00,AP_02,dev_be01eb2e5060c2ba,heartbeat,-46
2026-09-20T15:09:16.823338+00:00,AP_01,dev_4ec6910610b8ee21,heartbeat,-52
2026-09-20T15:09:17.823338+00:00,AP_02,dev_c8621d86e105ae2c,heartbeat,-52
2026-09-20T15:09:17.823338+00:00,AP_02,dev_fd835430174d2b7e,heartbeat,-48
2026-09-20T15:09:18.823338+00:00,AP_01,dev_dac9735c15d23598,heartbeat,-47
2026-09-20T15:09:18.823338+00:00,AP_01,dev_b00c9275f41b488e,heartbeat,-48
2026-09-20T15:09:19.823338+00:00,AP_01,dev_39ef6cebfea41e12,heartbeat,-50
2026-09-20T15:09:19.823338+00:00,AP_02,dev_5cb49a89349d804a,heartbeat,-44
2026-09-20T15:09:20.823338+00:00,AP_01,dev_ba0ab9a640d8388b,heartbeat,-56
2026-09-20T15:09:21.823338+00:00,AP_01,dev_ec7f305d29851a5a,heartbeat,-51
2026-09-20T15:09:21.823338+00:00,AP_02,dev_02af9fa92d40a9af,heartbeat,-50
2026-09-20T15:09:21.823338+00:00,AP_02,dev_cd0c870c9624e6f6,heartbeat,-51
2026-09-20T15:09:22.823338+00:00,AP_01,dev_de09aa0b03e5957e,heartbeat,-50
2026-09-20T15:09:23.823338+00:00,AP_01,dev_761dbfebee20a1b6,heartbeat,-51
2026-09-20T15:09:23.823338+00:00,AP_02,dev_bfa351d9deb65b50,heartbeat,-45
2026-09-20T15:09:23.823338+00:00,AP_03,dev_80d56b8303cd4403,heartbeat,-51
2026-09-20T15:09:24.823338+00:00,AP_02,dev_36251f494ec5e4c4,heartbeat,-50
2026-09-20T15:09:24.823338+00:00,AP_02,dev_32123fce6801e287,heartbeat,-43
2026-09-20T15:09:25.823338+00:00,AP_01,dev_ef43c0dc8df3847e,heartbeat,-53
2026-09-20T15:09:27.823338+00:00,AP_02,dev_a9a77d30a2535eda,heartbeat,-51
2026-09-20T15:09:29.823338+00:00,AP_02,dev_3712f235b4616c4a,heartbeat,-48
2026-09-20T15:09:30.823338+00:00,AP_02,dev_fda1e4d27c7ec351,heartbeat,-41
2026-09-20T15:09:30.823338+00:00,AP_02,dev_942144bd6b3fd842,heartbeat,-46
2026-09-20T15:09:31.823338+00:00,AP_02,dev_298b986404f77877,heartbeat,-49
2026-09-20T15:09:31.823338+00:00,AP_02,dev_43e59eca12e9d77f,heartbeat,-53
2026-09-20T15:09:33.823338+00:00,AP_01,dev_bee12d3e1f271e83,heartbeat,-49
2026-09-20T15:09:33.823338+00:00,AP_02,dev_bb34b21593bc8929,heartbeat,-53
2026-09-20T15:09:33.823338+00:00,AP_02,dev_35eea70824060c98,heartbeat,-47
2026-09-20T15:09:34.823338+00:00,AP_02,dev_9ac7e0c7eb7246b5,heartbeat,-50
2026-09-20T15:09:34.823338+00:00,AP_03,dev_b3417cd8c6c08f19,heartbeat,-52
2026-09-20T15:09:35.823338+00:00,AP_01,dev_3b33fcd2e1d3f788,heartbeat,-50
2026-09-20T15:09:35.823338+00:00,AP_02,dev_e275ee8bb2c9833c,heartbeat,-54
2026-09-20T15:09:36.823338+00:00,AP_01,dev_570873d5e07620f7,heartbeat,-54
2026-09-20T15:09:36.823338+00:00,AP_01,dev_0e322e127a303cdd,heartbeat,-46
2026-09-20T15:09:36.823338+00:00,AP_01,dev_ac7b80880a1f3946,heartbeat,-56
2026-09-20T15:09:36.823338+00:00,AP_02,dev_95f1a30bee85ba16,heartbeat,-51
2026-09-20T15:09:38.823338+00:00,AP_01,dev_0f3a5465c5be5029,heartbeat,-46
2026-09-20T15:09:38.823338+00:00,AP_03,dev_172964ce995cefb5,heartbeat,-42
2026-09-20T15:09:39.823338+00:00,AP_02,dev_1730e5aaa7a31ce6,heartbeat,-49
2026-09-20T15:09:40.823338+00:00,AP_01,dev_4d55811fcbb2d44b,heartbeat,-50
2026-09-20T15:09:40.823338+00:00,AP_01,dev_382017e48c0d09cb,heartbeat,-53
2026-09-20T15:09:40.823338+00:00,AP_01,dev_adc0336ce46d9142,heartbeat,-47
2026-09-20T15:09:40.823338+00:00,AP_01,dev_0feb402657ab950a,heartbeat,-44
2026-09-20T15:09:41.823338+00:00,AP_01,dev_26be14216d4fd7c4,heartbeat,-50
2026-09-20T15:09:41.823338+00:00,AP_01,dev_78b7476e077c5c58,heartbeat,-47
2026-09-20T15:09:41.823338+00:00,AP_01,dev_d5facb6e4cdd0f8d,heartbeat,-59
2026-09-20T15:09:41.823338+00:00,AP_01,dev_a42ce750a950b6ed,heartbeat,-47
2026-09-20T15:09:41.823338+00:00,AP_02,dev_47dd476b9bbabc00,heartbeat,-49
2026-09-20T15:09:42.823338+00:00,AP_03,dev_14710bbb669656eb,heartbeat,-49
2026-09-20T15:09:43.823338+00:00,AP_01,dev_46106d48bf350825,heartbeat,-48
2026-09-20T15:09:43.823338+00:00,AP_02,dev_09e69aaa959cdd44,heartbeat,-51
2026-09-20T15:09:44.823338+00:00,AP_02,dev_c8621d86e105ae2c,heartbeat,-53
2026-09-20T15:09:45.823338+00:00,AP_01,dev_e96f8bdb2ce51760,heartbeat,-43
2026-09-20T15:09:45.823338+00:00,AP_02,dev_be01eb2e5060c2ba,heartbeat,-48
2026-09-20T15:09:46.823338+00:00,AP_01,dev_dac9735c15d23598,heartbeat,-44
2026-09-20T15:09:46.823338+00:00,AP_02,dev_4463e93e128fb718,heartbeat,-53
2026-09-20T15:09:46.823338+00:00,AP_02,dev_fd835430174d2b7e,heartbeat,-43
2026-09-20T15:09:46.823338+00:00,AP_02,dev_5cb49a89349d804a,heartbeat,-49
2026-09-20T15:09:47.823338+00:00,AP_01,dev_4ec6910610b8ee21,heartbeat,-53
2026-09-20T15:09:47.823338+00:00,AP_01,dev_b00c9275f41b488e,heartbeat,-49
2026-09-20T15:09:48.823338+00:00,AP_02,dev_02af9fa92d40a9af,heartbeat,-52
2026-09-20T15:09:49.823338+00:00,AP_01,dev_39ef6cebfea41e12,heartbeat,-47
2026-09-20T15:09:49.823338+00:00,AP_01,dev_ec7f305d29851a5a,heartbeat,-52
2026-09-20T15:09:50.823338+00:00,AP_01,dev_ba0ab9a640d8388b,heartbeat,-48
2026-09-20T15:09:52.823338+00:00,AP_01,dev_de09aa0b03e5957e,heartbeat,-50
2026-09-20T15:09:52.823338+00:00,AP_02,dev_bfa351d9deb65b50,heartbeat,-53
2026-09-20T15:09:52.823338+00:00,AP_02,dev_cd0c870c9624e6f6,heartbeat,-48
2026-09-20T15:09:52.823338+00:00,AP_02,dev_36251f494ec5e4c4,heartbeat,-45
2026-09-20T15:09:55.823338+00:00,AP_02,dev_32123fce6801e287,heartbeat,-52
2026-09-20T15:09:55.823338+00:00,AP_03,dev_80d56b8303cd4403,heartbeat,-51
2026-09-20T15:09:56.823338+00:00,AP_01,dev_ef43c0dc8df3847e,heartbeat,-50
2026-09-20T15:09:56.823338+00:00,AP_01,dev_761dbfebee20a1b6,heartbeat,-50
2026-09-20T15:09:56.823338+00:00,AP_02,dev_a9a77d30a2535eda,heartbeat,-56
2026-09-20T15:09:57.823338+00:00,AP_02,dev_942144bd6b3fd842,heartbeat,-53
2026-09-20T15:09:58.823338+00:00,AP_02,dev_fda1e4d27c7ec351,heartbeat,-53
2026-09-20T15:09:58.823338+00:00,AP_02,dev_43e59eca12e9d77f,heartbeat,-48
2026-09-20T15:10:01.823338+00:00,AP_02,dev_3712f235b4616c4a,heartbeat,-53
2026-09-20T15:10:01.823338+00:00,AP_02,dev_298b986404f77877,heartbeat,-44
2026-09-20T15:10:01.823338+00:00,AP_02,dev_bb34b21593bc8929,heartbeat,-49
2026-09-20T15:10:01.823338+00:00,AP_03,dev_b3417cd8c6c08f19,heartbeat,-52
2026-09-20T15:10:02.823338+00:00,AP_02,dev_9ac7e0c7eb7246b5,heartbeat,-48
2026-09-20T15:10:03.823338+00:00,AP_01,dev_bee12d3e1f271e83,heartbeat,-48
2026-09-20T15:10:05.823338+00:00,AP_01,dev_ac7b80880a1f3946,heartbeat,-53
2026-09-20T15:10:05.823338+00:00,AP_01,dev_0f3a5465c5be5029,heartbeat,-51
2026-09-20T15:10:05.823338+00:00,AP_02,dev_e275ee8bb2c9833c,heartbeat,-52
2026-09-20T15:10:05.823338+00:00,AP_02,dev_95f1a30bee85ba16,heartbeat,-53
2026-09-20T15:10:05.823338+00:00,AP_02,dev_35eea70824060c98,heartbeat,-51
2026-09-20T15:10:06.823338+00:00,AP_01,dev_3b33fcd2e1d3f788,heartbeat,-46
2026-09-20T15:10:06.823338+00:00,AP_01,dev_570873d5e07620f7,heartbeat,-50
2026-09-20T15:10:07.823338+00:00,AP_01,dev_382017e48c0d09cb,heartbeat,-54
2026-09-20T15:10:08.823338+00:00,AP_01,dev_a42ce750a950b6ed,heartbeat,-48
2026-09-20T15:10:08.823338+00:00,AP_02,dev_1730e5aaa7a31ce6,heartbeat,-54
2026-09-20T15:10:09.823338+00:00,AP_01,dev_0e322e127a303cdd,heartbeat,-52
2026-09-20T15:10:10.823338+00:00,AP_01,dev_4d55811fcbb2d44b,heartbeat,-51
2026-09-20T15:10:10.823338+00:00,AP_01,dev_adc0336ce46d9142,heartbeat,-52
2026-09-20T15:10:10.823338+00:00,AP_01,dev_0feb402657ab950a,heartbeat,-54
2026-09-20T15:10:10.823338+00:00,AP_03,dev_172964ce995cefb5,heartbeat,-51
2026-09-20T15:10:10.823338+00:00,AP_03,dev_14710bbb669656eb,heartbeat,-56
2026-09-20T15:10:11.823338+00:00,AP_01,dev_46106d48bf350825,heartbeat,-52
2026-09-20T15:10:13.823338+00:00,AP_01,dev_26be14216d4fd7c4,heartbeat,-50
2026-09-20T15:10:13.823338+00:00,AP_02,dev_c8621d86e105ae2c,heartbeat,-42
2026-09-20T15:10:13.823338+00:00,AP_02,dev_fd835430174d2b7e,heartbeat,-50
2026-09-20T15:10:13.823338+00:00,AP_02,dev_09e69aaa959cdd44,heartbeat,-44
2026-09-20T15:10:13.823338+00:00,AP_02,dev_be01eb2e5060c2ba,heartbeat,-49
2026-09-20T15:10:14.823338+00:00,AP_01,dev_e96f8bdb2ce51760,heartbeat,-46
2026-09-20T15:10:14.823338+00:00,AP_01,dev_78b7476e077c5c58,heartbeat,-46
2026-09-20T15:10:14.823338+00:00,AP_01,dev_d5facb6e4cdd0f8d,heartbeat,-52
2026-09-20T15:10:14.823338+00:00,AP_02,dev_47dd476b9bbabc00,heartbeat,-51
2026-09-20T15:10:17.823338+00:00,AP_01,dev_ba0ab9a640d8388b,heartbeat,-51
2026-09-20T15:10:17.823338+00:00,AP_01,dev_4ec6910610b8ee21,heartbeat,-52
2026-09-20T15:10:17.823338+00:00,AP_01,dev_b00c9275f41b488e,heartbeat,-47
2026-09-20T15:10:18.823338+00:00,AP_01,dev_dac9735c15d23598,heartbeat,-51
2026-09-20T15:10:18.823338+00:00,AP_02,dev_02af9fa92d40a9af,heartbeat,-46
2026-09-20T15:10:19.823338+00:00,AP_01,dev_39ef6cebfea41e12,heartbeat,-48
2026-09-20T15:10:19.823338+00:00,AP_02,dev_4463e93e128fb718,heartbeat,-48
2026-09-20T15:10:19.823338+00:00,AP_02,dev_5cb49a89349d804a,heartbeat,-54
2026-09-20T15:10:20.823338+00:00,AP_01,dev_ec7f305d29851a5a,heartbeat,-53
2026-09-20T15:10:23.823338+00:00,AP_02,dev_36251f494ec5e4c4,heartbeat,-53
2026-09-20T15:10:23.823338+00:00,AP_03,dev_80d56b8303cd4403,heartbeat,-36
2026-09-20T15:10:24.823338+00:00,AP_01,dev_de09aa0b03e5957e,heartbeat,-43
2026-09-20T15:10:24.823338+00:00,AP_02,dev_cd0c870c9624e6f6,heartbeat,-40
2026-09-20T15:10:25.823338+00:00,AP_02,dev_bfa351d9deb65b50,heartbeat,-51
2026-09-20T15:10:26.823338+00:00,AP_01,dev_ef43c0dc8df3847e,heartbeat,-47
2026-09-20T15:10:26.823338+00:00,AP_01,dev_761dbfebee20a1b6,heartbeat,-53
2026-09-20T15:10:27.823338+00:00,AP_02,dev_fda1e4d27c7ec351,heartbeat,-44
2026-09-20T15:10:27.823338+00:00,AP_02,dev_a9a77d30a2535eda,heartbeat,-49
2026-09-20T15:10:27.823338+00:00,AP_02,dev_43e59eca12e9d77f,heartbeat,-49
2026-09-20T15:10:28.823338+00:00,AP_02,dev_32123fce6801e287,heartbeat,-46
2026-09-20T15:10:29.823338+00:00,AP_02,dev_942144bd6b3fd842,heartbeat,-46
2026-09-20T15:10:30.823338+00:00,AP_02,dev_3712f235b4616c4a,heartbeat,-57
2026-09-20T15:10:30.823338+00:00,AP_03,dev_b3417cd8c6c08f19,heartbeat,-50
2026-09-20T15:10:32.823338+00:00,AP_02,dev_35eea70824060c98,heartbeat,-46
2026-09-20T15:10:33.823338+00:00,AP_01,dev_3b33fcd2e1d3f788,heartbeat,-47
2026-09-20T15:10:33.823338+00:00,AP_02,dev_95f1a30bee85ba16,heartbeat,-51
2026-09-20T15:10:34.823338+00:00,AP_01,dev_0f3a5465c5be5029,heartbeat,-52
2026-09-20T15:10:34.823338+00:00,AP_02,dev_298b986404f77877,heartbeat,-49
2026-09-20T15:10:34.823338+00:00,AP_02,dev_9ac7e0c7eb7246b5,heartbeat,-48
2026-09-20T15:10:34.823338+00:00,AP_02,dev_bb34b21593bc8929,heartbeat,-50
2026-09-20T15:10:35.823338+00:00,AP_01,dev_bee12d3e1f271e83,heartbeat,-53
2026-09-20T15:10:35.823338+00:00,AP_01,dev_ac7b80880a1f3946,heartbeat,-52
2026-09-20T15:10:36.823338+00:00,AP_01,dev_570873d5e07620f7,heartbeat,-50
2026-09-20T15:10:36.823338+00:00,AP_02,dev_e275ee8bb2c9833c,heartbeat,-46
2026-09-20T15:10:38.823338+00:00,AP_01,dev_0e322e127a303cdd,heartbeat,-44
2026-09-20T15:10:38.823338+00:00,AP_03,dev_14710bbb669656eb,heartbeat,-52
2026-09-20T15:10:39.823338+00:00,AP_01,dev_4d55811fcbb2d44b,heartbeat,-52
2026-09-20T15:10:39.823338+00:00,AP_01,dev_382017e48c0d09cb,heartbeat,-48
2026-09-20T15:10:41.823338+00:00,AP_01,dev_adc0336ce46d9142,heartbeat,-53
2026-09-20T15:10:41.823338+00:00,AP_01,dev_d5facb6e4cdd0f8d,heartbeat,-55
2026-09-20T15:10:41.823338+00:00,AP_01,dev_a42ce750a950b6ed,heartbeat,-50
2026-09-20T15:10:41.823338+00:00,AP_01,dev_0feb402657ab950a,heartbeat,-50
2026-09-20T15:10:41.823338+00:00,AP_02,dev_1730e5aaa7a31ce6,heartbeat,-48
2026-09-20T15:10:41.823338+00:00,AP_02,dev_be01eb2e5060c2ba,heartbeat,-47
2026-09-20T15:10:42.823338+00:00,AP_01,dev_26be14216d4fd7c4,heartbeat,-49
2026-09-20T15:10:42.823338+00:00,AP_01,dev_78b7476e077c5c58,heartbeat,-51
2026-09-20T15:10:42.823338+00:00,AP_02,dev_47dd476b9bbabc00,heartbeat,-54
2026-09-20T15:10:43.823338+00:00,AP_02,dev_fd835430174d2b7e,heartbeat,-51
2026-09-20T15:10:43.823338+00:00,AP_03,dev_172964ce995cefb5,heartbeat,-49
2026-09-20T15:10:44.823338+00:00,AP_01,dev_46106d48bf350825,heartbeat,-44
2026-09-20T15:10:45.823338+00:00,AP_01,dev_ba0ab9a640d8388b,heartbeat,-47
2026-09-20T15:10:45.823338+00:00,AP_01,dev_b00c9275f41b488e,heartbeat,-53
2026-09-20T15:10:45.823338+00:00,AP_02,dev_c8621d86e105ae2c,heartbeat,-52
2026-09-20T15:10:46.823338+00:00,AP_02,dev_4463e93e128fb718,heartbeat,-49
2026-09-20T15:10:46.823338+00:00,AP_02,dev_09e69aaa959cdd44,heartbeat,-45
2026-09-20T15:10:47.823338+00:00,AP_01,dev_e96f8bdb2ce51760,heartbeat,-45
2026-09-20T15:10:47.823338+00:00,AP_01,dev_ec7f305d29851a5a,heartbeat,-51
2026-09-20T15:10:48.823338+00:00,AP_01,dev_4ec6910610b8ee21,heartbeat,-49
2026-09-20T15:10:48.823338+00:00,AP_01,dev_dac9735c15d23598,heartbeat,-52
2026-09-20T15:10:49.823338+00:00,AP_02,dev_02af9fa92d40a9af,heartbeat,-55
2026-09-20T15:10:51.823338+00:00,AP_01,dev_39ef6cebfea41e12,heartbeat,-44
2026-09-20T15:10:51.823338+00:00,AP_02,dev_cd0c870c9624e6f6,heartbeat,-51
2026-09-20T15:10:52.823338+00:00,AP_02,dev_5cb49a89349d804a,heartbeat,-45
2026-09-20T15:10:54.823338+00:00,AP_02,dev_fda1e4d27c7ec351,heartbeat,-52
2026-09-20T15:10:54.823338+00:00,AP_02,dev_43e59eca12e9d77f,heartbeat,-44
2026-09-20T15:10:55.823338+00:00,AP_01,dev_de09aa0b03e5957e,heartbeat,-52
2026-09-20T15:10:55.823338+00:00,AP_02,dev_bfa351d9deb65b50,heartbeat,-48
2026-09-20T15:10:55.823338+00:00,AP_02,dev_36251f494ec5e4c4,heartbeat,-51
2026-09-20T15:10:55.823338+00:00,AP_02,dev_32123fce6801e287,heartbeat,-54
2026-09-20T15:10:55.823338+00:00,AP_03,dev_80d56b8303cd4403,heartbeat,-60
2026-09-20T15:10:57.823338+00:00,AP_01,dev_ef43c0dc8df3847e,heartbeat,-44
2026-09-20T15:10:57.823338+00:00,AP_02,dev_3712f235b4616c4a,heartbeat,-56
2026-09-20T15:10:57.823338+00:00,AP_02,dev_942144bd6b3fd842,heartbeat,-54
2026-09-20T15:10:58.823338+00:00,AP_01,dev_761dbfebee20a1b6,heartbeat,-47
2026-09-20T15:10:58.823338+00:00,AP_02,dev_a9a77d30a2535eda,heartbeat,-48
2026-09-20T15:11:00.823338+00:00,AP_01,dev_3b33fcd2e1d3f788,heartbeat,-56
2026-09-20T15:11:02.823338+00:00,AP_02,dev_95f1a30bee85ba16,heartbeat,-48
2026-09-20T15:11:02.823338+00:00,AP_03,dev_b3417cd8c6c08f19,heartbeat,-50
2026-09-20T15:11:03.823338+00:00,AP_01,dev_bee12d3e1f271e83,heartbeat,-56
2026-09-20T15:11:03.823338+00:00,AP_02,dev_9ac7e0c7eb7246b5,heartbeat,-49
2026-09-20T15:11:03.823338+00:00,AP_02,dev_bb34b21593bc8929,heartbeat,-47
2026-09-20T15:11:04.823338+00:00,AP_01,dev_0f3a5465c5be5029,heartbeat,-47
2026-09-20T15:11:04.823338+00:00,AP_02,dev_35eea70824060c98,heartbeat,-48
2026-09-20T15:11:05.823338+00:00,AP_01,dev_ac7b80880a1f3946,heartbeat,-54
2026-09-20T15:11:05.823338+00:00,AP_02,dev_e275ee8bb2c9833c,heartbeat,-53
2026-09-20T15:11:05.823338+00:00,AP_03,dev_14710bbb669656eb,heartbeat,-44
2026-09-20T15:11:06.823338+00:00,AP_02,dev_298b986404f77877,heartbeat,-52
2026-09-20T15:11:07.823338+00:00,AP_01,dev_570873d5e07620f7,heartbeat,-54
2026-09-20T15:11:08.823338+00:00,AP_01,dev_0e322e127a303cdd,heartbeat,-53
2026-09-20T15:11:08.823338+00:00,AP_01,dev_a42ce750a950b6ed,heartbeat,-48
2026-09-20T15:11:08.823338+00:00,AP_02,dev_be01eb2e5060c2ba,heartbeat,-51
2026-09-20T15:11:09.823338+00:00,AP_01,dev_d5facb6e4cdd0f8d,heartbeat,-52
2026-09-20T15:11:09.823338+00:00,AP_01,dev_0feb402657ab950a,heartbeat,-51
2026-09-20T15:11:09.823338+00:00,AP_02,dev_47dd476b9bbabc00,heartbeat,-53
2026-09-20T15:11:10.823338+00:00,AP_01,dev_382017e48c0d09cb,heartbeat,-49
2026-09-20T15:11:11.823338+00:00,AP_02,dev_1730e5aaa7a31ce6,heartbeat,-51
2026-09-20T15:11:12.823338+00:00,AP_01,dev_ba0ab9a640d8388b,heartbeat,-44
2026-09-20T15:11:12.823338+00:00,AP_01,dev_4d55811fcbb2d44b,heartbeat,-48
2026-09-20T15:11:12.823338+00:00,AP_01,dev_b00c9275f41b488e,heartbeat,-54
2026-09-20T15:11:12.823338+00:00,AP_02,dev_c8621d86e105ae2c,heartbeat,-46
2026-09-20T15:11:13.823338+00:00,AP_01,dev_adc0336ce46d9142,heartbeat,-51
2026-09-20T15:11:14.823338+00:00,AP_01,dev_26be14216d4fd7c4,heartbeat,-50
2026-09-20T15:11:14.823338+00:00,AP_01,dev_ec7f305d29851a5a,heartbeat,-51
2026-09-20T15:11:14.823338+00:00,AP_02,dev_fd835430174d2b7e,heartbeat,-54
2026-09-20T15:11:15.823338+00:00,AP_01,dev_46106d48bf350825,heartbeat,-50
2026-09-20T15:11:15.823338+00:00,AP_01,dev_78b7476e077c5c58,heartbeat,-49
2026-09-20T15:11:15.823338+00:00,AP_02,dev_09e69aaa959cdd44,heartbeat,-48
2026-09-20T15:11:15.823338+00:00,AP_03,dev_172964ce995cefb5,heartbeat,-48
2026-09-20T15:11:16.823338+00:00,AP_01,dev_e96f8bdb2ce51760,heartbeat,-47
2026-09-20T15:11:16.823338+00:00,AP_01,dev_4ec6910610b8ee21,heartbeat,-55
2026-09-20T15:11:16.823338+00:00,AP_02,dev_02af9fa92d40a9af,heartbeat,-50
2026-09-20T15:11:19.823338+00:00,AP_01,dev_dac9735c15d23598,heartbeat,-50
2026-09-20T15:11:19.823338+00:00,AP_02,dev_4463e93e128fb718,heartbeat,-57
2026-09-20T15:11:20.823338+00:00,AP_01,dev_39ef6cebfea41e12,heartbeat,-47
2026-09-20T15:11:20.823338+00:00,AP_02,dev_5cb49a89349d804a,heartbeat,-52
2026-09-20T15:11:21.823338+00:00,AP_02,dev_43e59eca12e9d77f,heartbeat,-55
2026-09-20T15:11:22.823338+00:00,AP_02,dev_cd0c870c9624e6f6,heartbeat,-49
2026-09-20T15:11:22.823338+00:00,AP_03,dev_80d56b8303cd4403,heartbeat,-46
2026-09-20T15:11:24.823338+00:00,AP_02,dev_fda1e4d27c7ec351,heartbeat,-52
2026-09-20T15:11:26.823338+00:00,AP_01,dev_ef43c0dc8df3847e,heartbeat,-53
2026-09-20T15:11:26.823338+00:00,AP_02,dev_bfa351d9deb65b50,heartbeat,-45
2026-09-20T15:11:26.823338+00:00,AP_02,dev_a9a77d30a2535eda,heartbeat,-49
2026-09-20T15:11:26.823338+00:00,AP_02,dev_32123fce6801e287,heartbeat,-44
2026-09-20T15:11:27.823338+00:00,AP_01,dev_3b33fcd2e1d3f788,heartbeat,-50
2026-09-20T15:11:27.823338+00:00,AP_01,dev_de09aa0b03e5957e,heartbeat,-50
2026-09-20T15:11:27.823338+00:00,AP_02,dev_36251f494ec5e4c4,heartbeat,-45
2026-09-20T15:11:28.823338+00:00,AP_02,dev_942144bd6b3fd842,heartbeat,-48
2026-09-20T15:11:30.823338+00:00,AP_02,dev_3712f235b4616c4a,heartbeat,-53
2026-09-20T15:11:30.823338+00:00,AP_02,dev_95f1a30bee85ba16,heartbeat,-52
2026-09-20T15:11:31.823338+00:00,AP_01,dev_bee12d3e1f271e83,heartbeat,-49
2026-09-20T15:11:31.823338+00:00,AP_01,dev_761dbfebee20a1b6,heartbeat,-52
2026-09-20T15:11:32.823338+00:00,AP_02,dev_e275ee8bb2c9833c,heartbeat,-46
2026-09-20T15:11:32.823338+00:00,AP_03,dev_b3417cd8c6c08f19,heartbeat,-50
2026-09-20T15:11:34.823338+00:00,AP_02,dev_9ac7e0c7eb7246b5,heartbeat,-46
2026-09-20T15:11:35.823338+00:00,AP_01,dev_570873d5e07620f7,heartbeat,-48
2026-09-20T15:11:35.823338+00:00,AP_03,dev_14710bbb669656eb,heartbeat,-49
2026-09-20T15:11:36.823338+00:00,AP_01,dev_0f3a5465c5be5029,heartbeat,-45
2026-09-20T15:11:36.823338+00:00,AP_02,dev_bb34b21593bc8929,heartbeat,-44
2026-09-20T15:11:37.823338+00:00,AP_01,dev_ac7b80880a1f3946,heartbeat,-57
2026-09-20T15:11:37.823338+00:00,AP_02,dev_35eea70824060c98,heartbeat,-52
2026-09-20T15:11:39.823338+00:00,AP_01,dev_d5facb6e4cdd0f8d,heartbeat,-59
2026-09-20T15:11:39.823338+00:00,AP_01,dev_0feb402657ab950a,heartbeat,-48
2026-09-20T15:11:39.823338+00:00,AP_02,dev_298b986404f77877,heartbeat,-51
2026-09-20T15:11:39.823338+00:00,AP_02,dev_be01eb2e5060c2ba,heartbeat,-51
2026-09-20T15:11:40.823338+00:00,AP_01,dev_382017e48c0d09cb,heartbeat,-54
2026-09-20T15:11:40.823338+00:00,AP_02,dev_c8621d86e105ae2c,heartbeat,-48
2026-09-20T15:11:41.823338+00:00,AP_01,dev_26be14216d4fd7c4,heartbeat,-50
2026-09-20T15:11:41.823338+00:00,AP_01,dev_0e322e127a303cdd,heartbeat,-53
2026-09-20T15:11:41.823338+00:00,AP_01,dev_a42ce750a950b6ed,heartbeat,-48
2026-09-20T15:11:41.823338+00:00,AP_02,dev_1730e5aaa7a31ce6,heartbeat,-48
2026-09-20T15:11:42.823338+00:00,AP_01,dev_ec7f305d29851a5a,heartbeat,-48
2026-09-20T15:11:42.823338+00:00,AP_01,dev_78b7476e077c5c58,heartbeat,-46
2026-09-20T15:11:42.823338+00:00,AP_02,dev_47dd476b9bbabc00,heartbeat,-47
2026-09-20T15:11:43.823338+00:00,AP_01,dev_ba0ab9a640d8388b,heartbeat,-47
2026-09-20T15:11:43.823338+00:00,AP_01,dev_adc0336ce46d9142,heartbeat,-47
2026-09-20T15:11:43.823338+00:00,AP_01,dev_b00c9275f41b488e,heartbeat,-52
2026-09-20T15:11:43.823338+00:00,AP_02,dev_fd835430174d2b7e,heartbeat,-49
2026-09-20T15:11:44.823338+00:00,AP_01,dev_4d55811fcbb2d44b,heartbeat,-54
2026-09-20T15:11:45.823338+00:00,AP_01,dev_e96f8bdb2ce51760,heartbeat,-43
2026-09-20T15:11:45.823338+00:00,AP_02,dev_09e69aaa959cdd44,heartbeat,-52
2026-09-20T15:11:46.823338+00:00,AP_01,dev_46106d48bf350825,heartbeat,-47
2026-09-20T15:11:46.823338+00:00,AP_02,dev_4463e93e128fb718,heartbeat,-46
2026-09-20T15:11:47.823338+00:00,AP_01,dev_39ef6cebfea41e12,heartbeat,-51
2026-09-20T15:11:47.823338+00:00,AP_01,dev_4ec6910610b8ee21,heartbeat,-49
2026-09-20T15:11:47.823338+00:00,AP_03,dev_172964ce995cefb5,heartbeat,-55
2026-09-20T15:11:48.823338+00:00,AP_02,dev_02af9fa92d40a9af,heartbeat,-54
2026-09-20T15:11:49.823338+00:00,AP_02,dev_43e59eca12e9d77f,heartbeat,-42
2026-09-20T15:11:50.823338+00:00,AP_02,dev_5cb49a89349d804a,heartbeat,-45
2026-09-20T15:11:51.823338+00:00,AP_02,dev_fda1e4d27c7ec351,heartbeat,-50
2026-09-20T15:11:52.823338+00:00,AP_01,dev_dac9735c15d23598,heartbeat,-49
2026-09-20T15:11:52.823338+00:00,AP_02,dev_cd0c870c9624e6f6,heartbeat,-47
2026-09-20T15:11:53.823338+00:00,AP_03,dev_80d56b8303cd4403,heartbeat,-52
2026-09-20T15:11:55.823338+00:00,AP_01,dev_de09aa0b03e5957e,heartbeat,-49
2026-09-20T15:11:57.823338+00:00,AP_02,dev_36251f494ec5e4c4,heartbeat,-48
2026-09-20T15:11:58.823338+00:00,AP_02,dev_a9a77d30a2535eda,heartbeat,-50
2026-09-20T15:11:58.823338+00:00,AP_02,dev_32123fce6801e287,heartbeat,-49
2026-09-20T15:11:59.823338+00:00,AP_01,dev_ef43c0dc8df3847e,heartbeat,-50
2026-09-20T15:11:59.823338+00:00,AP_01,dev_bee12d3e1f271e83,heartbeat,-47
2026-09-20T15:11:59.823338+00:00,AP_01,dev_3b33fcd2e1d3f788,heartbeat,-52
2026-09-20T15:11:59.823338+00:00,AP_02,dev_bfa351d9deb65b50,heartbeat,-53
2026-09-20T15:11:59.823338+00:00,AP_02,dev_942144bd6b3fd842,heartbeat,-54
2026-09-20T15:12:00.823338+00:00,AP_02,dev_e275ee8bb2c9833c,heartbeat,-49
2026-09-20T15:12:01.823338+00:00,AP_02,dev_9ac7e0c7eb7246b5,heartbeat,-53
2026-09-20T15:12:01.823338+00:00,AP_02,dev_95f1a30bee85ba16,heartbeat,-52
2026-09-20T15:12:01.823338+00:00,AP_03,dev_b3417cd8c6c08f19,heartbeat,-52
2026-09-20T15:12:02.823338+00:00,AP_01,dev_570873d5e07620f7,heartbeat,-45
2026-09-20T15:12:02.823338+00:00,AP_02,dev_3712f235b4616c4a,heartbeat,-45
2026-09-20T15:12:04.823338+00:00,AP_01,dev_761dbfebee20a1b6,heartbeat,-56
2026-09-20T15:12:04.823338+00:00,AP_01,dev_0f3a5465c5be5029,heartbeat,-45
2026-09-20T15:12:05.823338+00:00,AP_03,dev_14710bbb669656eb,heartbeat,-48
2026-09-20T15:12:06.823338+00:00,AP_02,dev_35eea70824060c98,heartbeat,-44
2026-09-20T15:12:08.823338+00:00,AP_02,dev_298b986404f77877,heartbeat,-51
2026-09-20T15:12:09.823338+00:00,AP_01,dev_ac7b80880a1f3946,heartbeat,-46
2026-09-20T15:12:09.823338+00:00,AP_01,dev_d5facb6e4cdd0f8d,heartbeat,-49
2026-09-20T15:12:09.823338+00:00,AP_01,dev_a42ce750a950b6ed,heartbeat,-50
2026-09-20T15:12:09.823338+00:00,AP_01,dev_0feb402657ab950a,heartbeat,-49
2026-09-20T15:12:09.823338+00:00,AP_02,dev_bb34b21593bc8929,heartbeat,-52
2026-09-20T15:12:09.823338+00:00,AP_02,dev_be01eb2e5060c2ba,heartbeat,-53
2026-09-20T15:12:10.823338+00:00,AP_01,dev_adc0336ce46d9142,heartbeat,-51
2026-09-20T15:12:11.823338+00:00,AP_01,dev_4d55811fcbb2d44b,heartbeat,-45
2026-09-20T15:12:11.823338+00:00,AP_01,dev_0e322e127a303cdd,heartbeat,-54
2026-09-20T15:12:11.823338+00:00,AP_02,dev_c8621d86e105ae2c,heartbeat,-47
2026-09-20T15:12:11.823338+00:00,AP_02,dev_fd835430174d2b7e,heartbeat,-49
2026-09-20T15:12:12.823338+00:00,AP_01,dev_382017e48c0d09cb,heartbeat,-53
2026-09-20T15:12:12.823338+00:00,AP_01,dev_ec7f305d29851a5a,heartbeat,-50
2026-09-20T15:12:12.823338+00:00,AP_01,dev_b00c9275f41b488e,heartbeat,-52
2026-09-20T15:12:13.823338+00:00,AP_01,dev_ba0ab9a640d8388b,heartbeat,-55
2026-09-20T15:12:13.823338+00:00,AP_02,dev_1730e5aaa7a31ce6,heartbeat,-47
2026-09-20T15:12:14.823338+00:00,AP_01,dev_26be14216d4fd7c4,heartbeat,-53
2026-09-20T15:12:14.823338+00:00,AP_01,dev_39ef6cebfea41e12,heartbeat,-45
2026-09-20T15:12:14.823338+00:00,AP_01,dev_46106d48bf350825,heartbeat,-47
2026-09-20T15:12:14.823338+00:00,AP_02,dev_47dd476b9bbabc00,heartbeat,-55
2026-09-20T15:12:15.823338+00:00,AP_01,dev_e96f8bdb2ce51760,heartbeat,-46
2026-09-20T15:12:15.823338+00:00,AP_01,dev_78b7476e077c5c58,heartbeat,-49
2026-09-20T15:12:15.823338+00:00,AP_02,dev_09e69aaa959cdd44,heartbeat,-49
2026-09-20T15:12:17.823338+00:00,AP_02,dev_4463e93e128fb718,heartbeat,-47
2026-09-20T15:12:18.823338+00:00,AP_02,dev_fda1e4d27c7ec351,heartbeat,-53
2026-09-20T15:12:19.823338+00:00,AP_01,dev_dac9735c15d23598,heartbeat,-46
2026-09-20T15:12:19.823338+00:00,AP_02,dev_02af9fa92d40a9af,heartbeat,-52
2026-09-20T15:12:19.823338+00:00,AP_02,dev_cd0c870c9624e6f6,heartbeat,-48
2026-09-20T15:12:19.823338+00:00,AP_03,dev_172964ce995cefb5,heartbeat,-48
2026-09-20T15:12:20.823338+00:00,AP_01,dev_4ec6910610b8ee21,heartbeat,-49
2026-09-20T15:12:20.823338+00:00,AP_02,dev_43e59eca12e9d77f,heartbeat,-55
2026-09-20T15:12:23.823338+00:00,AP_01,dev_de09aa0b03e5957e,heartbeat,-44
2026-09-20T15:12:23.823338+00:00,AP_02,dev_5cb49a89349d804a,heartbeat,-52
2026-09-20T15:12:26.823338+00:00,AP_02,dev_36251f494ec5e4c4,heartbeat,-53
2026-09-20T15:12:26.823338+00:00,AP_03,dev_80d56b8303cd4403,heartbeat,-52
2026-09-20T15:12:27.823338+00:00,AP_01,dev_bee12d3e1f271e83,heartbeat,-46
2026-09-20T15:12:27.823338+00:00,AP_02,dev_a9a77d30a2535eda,heartbeat,-49
2026-09-20T15:12:27.823338+00:00,AP_02,dev_32123fce6801e287,heartbeat,-52
2026-09-20T15:12:30.823338+00:00,AP_01,dev_3b33fcd2e1d3f788,heartbeat,-47
2026-09-20T15:12:31.823338+00:00,AP_01,dev_0f3a5465c5be5029,heartbeat,-50
2026-09-20T15:12:31.823338+00:00,AP_02,dev_942144bd6b3fd842,heartbeat,-48
2026-09-20T15:12:32.823338+00:00,AP_01,dev_ef43c0dc8df3847e,heartbeat,-51
2026-09-20T15:12:32.823338+00:00,AP_02,dev_bfa351d9deb65b50,heartbeat,-52
2026-09-20T15:12:33.823338+00:00,AP_01,dev_761dbfebee20a1b6,heartbeat,-50
2026-09-20T15:12:33.823338+00:00,AP_02,dev_e275ee8bb2c9833c,heartbeat,-49
2026-09-20T15:12:33.823338+00:00,AP_03,dev_b3417cd8c6c08f19,heartbeat,-51
2026-09-20T15:12:33.823338+00:00,AP_03,dev_14710bbb669656eb,heartbeat,-42
2026-09-20T15:12:34.823338+00:00,AP_01,dev_570873d5e07620f7,heartbeat,-49
2026-09-20T15:12:34.823338+00:00,AP_02,dev_9ac7e0c7eb7246b5,heartbeat,-47
2026-09-20T15:12:34.823338+00:00,AP_02,dev_95f1a30bee85ba16,heartbeat,-58
2026-09-20T15:12:35.823338+00:00,AP_02,dev_3712f235b4616c4a,heartbeat,-49
2026-09-20T15:12:36.823338+00:00,AP_01,dev_a42ce750a950b6ed,heartbeat,-59
2026-09-20T15:12:36.823338+00:00,AP_01,dev_0feb402657ab950a,heartbeat,-47
2026-09-20T15:12:38.823338+00:00,AP_01,dev_d5facb6e4cdd0f8d,heartbeat,-50
2026-09-20T15:12:38.823338+00:00,AP_02,dev_bb34b21593bc8929,heartbeat,-52
2026-09-20T15:12:39.823338+00:00,AP_01,dev_ac7b80880a1f3946,heartbeat,-46
2026-09-20T15:12:39.823338+00:00,AP_02,dev_c8621d86e105ae2c,heartbeat,-52
2026-09-20T15:12:39.823338+00:00,AP_02,dev_fd835430174d2b7e,heartbeat,-48
2026-09-20T15:12:39.823338+00:00,AP_02,dev_35eea70824060c98,heartbeat,-52
2026-09-20T15:12:40.823338+00:00,AP_01,dev_0e322e127a303cdd,heartbeat,-52
2026-09-20T15:12:40.823338+00:00,AP_02,dev_298b986404f77877,heartbeat,-54
2026-09-20T15:12:41.823338+00:00,AP_01,dev_382017e48c0d09cb,heartbeat,-43
2026-09-20T15:12:41.823338+00:00,AP_02,dev_47dd476b9bbabc00,heartbeat,-45
2026-09-20T15:12:41.823338+00:00,AP_02,dev_be01eb2e5060c2ba,heartbeat,-53
2026-09-20T15:12:42.823338+00:00,AP_01,dev_4d55811fcbb2d44b,heartbeat,-56
2026-09-20T15:12:42.823338+00:00,AP_01,dev_adc0336ce46d9142,heartbeat,-53
2026-09-20T15:12:42.823338+00:00,AP_01,dev_78b7476e077c5c58,heartbeat,-51
2026-09-20T15:12:42.823338+00:00,AP_02,dev_1730e5aaa7a31ce6,heartbeat,-50
2026-09-20T15:12:44.823338+00:00,AP_01,dev_b00c9275f41b488e,heartbeat,-46
2026-09-20T15:12:45.823338+00:00,AP_01,dev_26be14216d4fd7c4,heartbeat,-46
2026-09-20T15:12:45.823338+00:00,AP_01,dev_46106d48bf350825,heartbeat,-47
2026-09-20T15:12:45.823338+00:00,AP_01,dev_ec7f305d29851a5a,heartbeat,-53
2026-09-20T15:12:45.823338+00:00,AP_02,dev_4463e93e128fb718,heartbeat,-50
2026-09-20T15:12:46.823338+00:00,AP_01,dev_ba0ab9a640d8388b,heartbeat,-52
2026-09-20T15:12:46.823338+00:00,AP_01,dev_e96f8bdb2ce51760,heartbeat,-56
2026-09-20T15:12:46.823338+00:00,AP_02,dev_02af9fa92d40a9af,heartbeat,-49
2026-09-20T15:12:47.823338+00:00,AP_01,dev_39ef6cebfea41e12,heartbeat,-56
2026-09-20T15:12:47.823338+00:00,AP_03,dev_172964ce995cefb5,heartbeat,-52
2026-09-20T15:12:48.823338+00:00,AP_02,dev_09e69aaa959cdd44,heartbeat,-43
2026-09-20T15:12:49.823338+00:00,AP_02,dev_cd0c870c9624e6f6,heartbeat,-46
2026-09-20T15:12:49.823338+00:00,AP_02,dev_fda1e4d27c7ec351,heartbeat,-49
2026-09-20T15:12:50.823338+00:00,AP_01,dev_dac9735c15d23598,heartbeat,-47
2026-09-20T15:12:52.823338+00:00,AP_02,dev_5cb49a89349d804a,heartbeat,-50
2026-09-20T15:12:53.823338+00:00,AP_01,dev_4ec6910610b8ee21,heartbeat,-43
2026-09-20T15:12:53.823338+00:00,AP_01,dev_de09aa0b03e5957e,heartbeat,-50
2026-09-20T15:12:53.823338+00:00,AP_02,dev_36251f494ec5e4c4,heartbeat,-52
2026-09-20T15:12:53.823338+00:00,AP_02,dev_43e59eca12e9d77f,heartbeat,-55
2026-09-20T15:12:55.823338+00:00,AP_03,dev_80d56b8303cd4403,heartbeat,-50
2026-09-20T15:12:56.823338+00:00,AP_01,dev_bee12d3e1f271e83,heartbeat,-51
2026-09-20T15:12:58.823338+00:00,AP_02,dev_32123fce6801e287,heartbeat,-41
2026-09-20T15:13:00.823338+00:00,AP_01,dev_761dbfebee20a1b6,heartbeat,-49
2026-09-20T15:13:00.823338+00:00,AP_02,dev_bfa351d9deb65b50,heartbeat,-48
2026-09-20T15:13:00.823338+00:00,AP_02,dev_a9a77d30a2535eda,heartbeat,-48
2026-09-20T15:13:00.823338+00:00,AP_02,dev_942144bd6b3fd842,heartbeat,-47
2026-09-20T15:13:01.823338+00:00,AP_03,dev_14710bbb669656eb,heartbeat,-49
2026-09-20T15:13:02.823338+00:00,AP_01,dev_ef43c0dc8df3847e,heartbeat,-49
2026-09-20T15:13:02.823338+00:00,AP_01,dev_570873d5e07620f7,heartbeat,-50
2026-09-20T15:13:02.823338+00:00,AP_02,dev_e275ee8bb2c9833c,heartbeat,-50
2026-09-20T15:13:02.823338+00:00,AP_02,dev_95f1a30bee85ba16,heartbeat,-48
2026-09-20T15:13:03.823338+00:00,AP_01,dev_3b33fcd2e1d3f788,disconnect,-85
2026-09-20T15:13:04.823338+00:00,AP_01,dev_0f3a5465c5be5029,heartbeat,-53
2026-09-20T15:13:04.823338+00:00,AP_03,dev_b3417cd8c6c08f19,heartbeat,-50
2026-09-20T15:13:05.823338+00:00,AP_03,dev_3b33fcd2e1d3f788,connect,-45
2026-09-20T15:13:05.823338+00:00,AP_03,dev_3b33fcd2e1d3f788,heartbeat,-55
2026-09-20T15:13:05.823338+00:00,AP_02,dev_3712f235b4616c4a,heartbeat,-46
2026-09-20T15:13:06.823338+00:00,AP_02,dev_35eea70824060c98,heartbeat,-52
2026-09-20T15:13:07.823338+00:00,AP_01,dev_0e322e127a303cdd,heartbeat,-49
2026-09-20T15:13:07.823338+00:00,AP_02,dev_9ac7e0c7eb7246b5,heartbeat,-47
2026-09-20T15:13:08.823338+00:00,AP_01,dev_d5facb6e4cdd0f8d,heartbeat,-48
2026-09-20T15:13:09.823338+00:00,AP_01,dev_4d55811fcbb2d44b,heartbeat,-52
2026-09-20T15:13:09.823338+00:00,AP_01,dev_ac7b80880a1f3946,heartbeat,-46
2026-09-20T15:13:09.823338+00:00,AP_01,dev_a42ce750a950b6ed,heartbeat,-48
2026-09-20T15:13:09.823338+00:00,AP_01,dev_0feb402657ab950a,heartbeat,-56
2026-09-20T15:13:09.823338+00:00,AP_02,dev_c8621d86e105ae2c,heartbeat,-45
2026-09-20T15:13:10.823338+00:00,AP_01,dev_78b7476e077c5c58,heartbeat,-56
2026-09-20T15:13:10.823338+00:00,AP_02,dev_298b986404f77877,heartbeat,-42
2026-09-20T15:13:10.823338+00:00,AP_02,dev_1730e5aaa7a31ce6,heartbeat,-49
2026-09-20T15:13:10.823338+00:00,AP_02,dev_fd835430174d2b7e,heartbeat,-46
2026-09-20T15:13:11.823338+00:00,AP_01,dev_382017e48c0d09cb,heartbeat,-51
2026-09-20T15:13:11.823338+00:00,AP_02,dev_bb34b21593bc8929,heartbeat,-51
2026-09-20T15:13:11.823338+00:00,AP_02,dev_be01eb2e5060c2ba,heartbeat,-55
2026-09-20T15:13:12.823338+00:00,AP_01,dev_26be14216d4fd7c4,heartbeat,-55
2026-09-20T15:13:13.823338+00:00,AP_02,dev_4463e93e128fb718,heartbeat,-48
2026-09-20T15:13:13.823338+00:00,AP_02,dev_02af9fa92d40a9af,heartbeat,-46
2026-09-20T15:13:14.823338+00:00,AP_01,dev_adc0336ce46d9142,heartbeat,-50
2026-09-20T15:13:14.823338+00:00,AP_02,dev_47dd476b9bbabc00,heartbeat,-54
2026-09-20T15:13:15.823338+00:00,AP_02,dev_09e69aaa959cdd44,heartbeat,-48
2026-09-20T15:13:16.823338+00:00,AP_01,dev_e96f8bdb2ce51760,heartbeat,-47
2026-09-20T15:13:16.823338+00:00,AP_01,dev_bf6b0194d11976ce,connect,-74
2026-09-20T15:13:16.823338+00:00,AP_01,dev_39ef6cebfea41e12,heartbeat,-51
2026-09-20T15:13:16.823338+00:00,AP_01,dev_b00c9275f41b488e,heartbeat,-47
2026-09-20T15:13:17.823338+00:00,AP_01,dev_ba0ab9a640d8388b,heartbeat,-52
2026-09-20T15:13:17.823338+00:00,AP_01,dev_46106d48bf350825,heartbeat,-49
2026-09-20T15:13:18.823338+00:00,AP_01,dev_ec7f305d29851a5a,heartbeat,-46
2026-09-20T15:13:18.823338+00:00,AP_02,dev_fda1e4d27c7ec351,heartbeat,-53
2026-09-20T15:13:19.823338+00:00,AP_03,dev_172964ce995cefb5,heartbeat,-48
2026-09-20T15:13:20.823338+00:00,AP_01,dev_dac9735c15d23598,heartbeat,-49
2026-09-20T15:13:20.823338+00:00,AP_02,dev_cd0c870c9624e6f6,heartbeat,-48
2026-09-20T15:13:20.823338+00:00,AP_02,dev_36251f494ec5e4c4,heartbeat,-48
2026-09-20T15:13:20.823338+00:00,AP_02,dev_43e59eca12e9d77f,heartbeat,-51
2026-09-20T15:13:22.823338+00:00,AP_01,dev_4ec6910610b8ee21,heartbeat,-48
2026-09-20T15:13:23.823338+00:00,AP_02,dev_5cb49a89349d804a,heartbeat,-44
2026-09-20T15:13:25.823338+00:00,AP_03,dev_80d56b8303cd4403,heartbeat,-54
2026-09-20T15:13:26.823338+00:00,AP_01,dev_de09aa0b03e5957e,heartbeat,-48
2026-09-20T15:13:27.823338+00:00,AP_01,dev_bf6b0194d11976ce,disconnect,-73
2026-09-20T15:13:27.823338+00:00,AP_02,dev_942144bd6b3fd842,heartbeat,-49
2026-09-20T15:13:29.823338+00:00,AP_01,dev_bee12d3e1f271e83,heartbeat,-48
2026-09-20T15:13:29.823338+00:00,AP_02,dev_bfa351d9deb65b50,heartbeat,-54
2026-09-20T15:13:29.823338+00:00,AP_02,dev_95f1a30bee85ba16,heartbeat,-46
2026-09-20T15:13:30.823338+00:00,AP_01,dev_ef43c0dc8df3847e,heartbeat,-49
2026-09-20T15:13:30.823338+00:00,AP_02,dev_32123fce6801e287,heartbeat,-48
2026-09-20T15:13:31.823338+00:00,AP_01,dev_761dbfebee20a1b6,heartbeat,-50
2026-09-20T15:13:31.823338+00:00,AP_03,dev_14710bbb669656eb,heartbeat,-48
2026-09-20T15:13:32.823338+00:00,AP_02,dev_3712f235b4616c4a,heartbeat,-55
2026-09-20T15:13:33.823338+00:00,AP_01,dev_570873d5e07620f7,heartbeat,-50
2026-09-20T15:13:33.823338+00:00,AP_02,dev_e275ee8bb2c9833c,heartbeat,-51
2026-09-20T15:13:33.823338+00:00,AP_03,dev_b3417cd8c6c08f19,heartbeat,-49
2026-09-20T15:13:33.823338+00:00,AP_02,dev_a9a77d30a2535eda,heartbeat,-50
2026-09-20T15:13:35.823338+00:00,AP_02,dev_9ac7e0c7eb7246b5,heartbeat,-55
2026-09-20T15:13:36.823338+00:00,AP_03,dev_3b33fcd2e1d3f788,heartbeat,-53
2026-09-20T15:13:36.823338+00:00,AP_01,dev_0e322e127a303cdd,heartbeat,-54
2026-09-20T15:13:36.823338+00:00,AP_01,dev_0f3a5465c5be5029,heartbeat,-45
2026-09-20T15:13:36.823338+00:00,AP_01,dev_a42ce750a950b6ed,heartbeat,-46
2026-09-20T15:13:37.823338+00:00,AP_01,dev_78b7476e077c5c58,heartbeat,-60
2026-09-20T15:13:37.823338+00:00,AP_01,dev_d5facb6e4cdd0f8d,heartbeat,-52
2026-09-20T15:13:37.823338+00:00,AP_02,dev_1730e5aaa7a31ce6,heartbeat,-53
2026-09-20T15:13:38.823338+00:00,AP_01,dev_4d55811fcbb2d44b,heartbeat,-42
2026-09-20T15:13:38.823338+00:00,AP_02,dev_c8621d86e105ae2c,heartbeat,-51
2026-09-20T15:13:38.823338+00:00,AP_02,dev_be01eb2e5060c2ba,heartbeat,-47
2026-09-20T15:13:39.823338+00:00,AP_01,dev_382017e48c0d09cb,heartbeat,-46
2026-09-20T15:13:39.823338+00:00,AP_01,dev_0feb402657ab950a,heartbeat,-47
2026-09-20T15:13:39.823338+00:00,AP_02,dev_35eea70824060c98,heartbeat,-43
2026-09-20T15:13:40.823338+00:00,AP_02,dev_02af9fa92d40a9af,heartbeat,-44
2026-09-20T15:13:41.823338+00:00,AP_01,dev_ac7b80880a1f3946,heartbeat,-51
2026-09-20T15:13:41.823338+00:00,AP_02,dev_bb34b21593bc8929,heartbeat,-47
2026-09-20T15:13:41.823338+00:00,AP_02,dev_fd835430174d2b7e,heartbeat,-47
2026-09-20T15:13:43.823338+00:00,AP_02,dev_47dd476b9bbabc00,heartbeat,-46
2026-09-20T15:13:43.823338+00:00,AP_02,dev_298b986404f77877,heartbeat,-49
2026-09-20T15:13:44.823338+00:00,AP_01,dev_adc0336ce46d9142,heartbeat,-47
2026-09-20T15:13:44.823338+00:00,AP_02,dev_09e69aaa959cdd44,heartbeat,-50
2026-09-20T15:13:45.823338+00:00,AP_01,dev_26be14216d4fd7c4,heartbeat,-49
2026-09-20T15:13:46.823338+00:00,AP_01,dev_ec7f305d29851a5a,heartbeat,-48
2026-09-20T15:13:46.823338+00:00,AP_01,dev_b00c9275f41b488e,heartbeat,-51
2026-09-20T15:13:46.823338+00:00,AP_02,dev_4463e93e128fb718,heartbeat,-49
2026-09-20T15:13:47.823338+00:00,AP_01,dev_e96f8bdb2ce51760,heartbeat,-55
2026-09-20T15:13:47.823338+00:00,AP_01,dev_39ef6cebfea41e12,heartbeat,-53
2026-09-20T15:13:47.823338+00:00,AP_02,dev_cd0c870c9624e6f6,heartbeat,-51
2026-09-20T15:13:47.823338+00:00,AP_03,dev_172964ce995cefb5,heartbeat,-51
2026-09-20T15:13:48.823338+00:00,AP_01,dev_ba0ab9a640d8388b,heartbeat,-53
2026-09-20T15:13:48.823338+00:00,AP_01,dev_46106d48bf350825,heartbeat,-46
2026-09-20T15:13:48.823338+00:00,AP_02,dev_fda1e4d27c7ec351,heartbeat,-53
2026-09-20T15:13:48.823338+00:00,AP_02,dev_36251f494ec5e4c4,heartbeat,-47
2026-09-20T15:13:49.823338+00:00,AP_01,dev_dac9735c15d23598,heartbeat,-54
2026-09-20T15:13:50.823338+00:00,AP_02,dev_43e59eca12e9d77f,heartbeat,-47
2026-09-20T15:13:55.823338+00:00,AP_01,dev_4ec6910610b8ee21,heartbeat,-44
2026-09-20T15:13:55.823338+00:00,AP_01,dev_de09aa0b03e5957e,heartbeat,-52
2026-09-20T15:13:55.823338+00:00,AP_02,dev_5cb49a89349d804a,heartbeat,-45
2026-09-20T15:13:56.823338+00:00,AP_02,dev_bfa351d9deb65b50,heartbeat,-48
2026-09-20T15:13:56.823338+00:00,AP_02,dev_95f1a30bee85ba16,heartbeat,-52
2026-09-20T15:13:57.823338+00:00,AP_03,dev_80d56b8303cd4403,heartbeat,-52
2026-09-20T15:13:59.823338+00:00,AP_02,dev_942144bd6b3fd842,heartbeat,-49
2026-09-20T15:14:00.823338+00:00,AP_01,dev_ef43c0dc8df3847e,heartbeat,-50
2026-09-20T15:14:00.823338+00:00,AP_02,dev_a9a77d30a2535eda,heartbeat,-49
2026-09-20T15:14:00.823338+00:00,AP_02,dev_32123fce6801e287,heartbeat,-52
2026-09-20T15:14:02.823338+00:00,AP_01,dev_bee12d3e1f271e83,heartbeat,-51
2026-09-20T15:14:02.823338+00:00,AP_02,dev_e275ee8bb2c9833c,heartbeat,-55
2026-09-20T15:14:02.823338+00:00,AP_03,dev_b3417cd8c6c08f19,heartbeat,-54
2026-09-20T15:14:03.823338+00:00,AP_01,dev_761dbfebee20a1b6,heartbeat,-54
2026-09-20T15:14:03.823338+00:00,AP_02,dev_3712f235b4616c4a,heartbeat,-45
2026-09-20T15:14:03.823338+00:00,AP_03,dev_14710bbb669656eb,heartbeat,-49
2026-09-20T15:14:04.823338+00:00,AP_03,dev_3b33fcd2e1d3f788,heartbeat,-42
2026-09-20T15:14:04.823338+00:00,AP_02,dev_9ac7e0c7eb7246b5,heartbeat,-47
2026-09-20T15:14:05.823338+00:00,AP_01,dev_4d55811fcbb2d44b,heartbeat,-47
2026-09-20T15:14:05.823338+00:00,AP_02,dev_c8621d86e105ae2c,heartbeat,-48
2026-09-20T15:14:05.823338+00:00,AP_02,dev_1730e5aaa7a31ce6,heartbeat,-54
2026-09-20T15:14:06.823338+00:00,AP_01,dev_570873d5e07620f7,heartbeat,-46
2026-09-20T15:14:06.823338+00:00,AP_01,dev_a42ce750a950b6ed,heartbeat,-52
2026-09-20T15:14:07.823338+00:00,AP_01,dev_0f3a5465c5be5029,heartbeat,-56
2026-09-20T15:14:07.823338+00:00,AP_01,dev_d5facb6e4cdd0f8d,heartbeat,-45
2026-09-20T15:14:07.823338+00:00,AP_02,dev_be01eb2e5060c2ba,heartbeat,-45
2026-09-20T15:14:08.823338+00:00,AP_01,dev_0e322e127a303cdd,heartbeat,-52
2026-09-20T15:14:08.823338+00:00,AP_02,dev_35eea70824060c98,heartbeat,-45
2026-09-20T15:14:09.823338+00:00,AP_01,dev_382017e48c0d09cb,heartbeat,-41
2026-09-20T15:14:09.823338+00:00,AP_01,dev_78b7476e077c5c58,heartbeat,-52
2026-09-20T15:14:09.823338+00:00,AP_01,dev_0feb402657ab950a,heartbeat,-49
2026-09-20T15:14:09.823338+00:00,AP_02,dev_02af9fa92d40a9af,heartbeat,-48
2026-09-20T15:14:11.823338+00:00,AP_01,dev_ac7b80880a1f3946,heartbeat,-46
2026-09-20T15:14:12.823338+00:00,AP_02,dev_bb34b21593bc8929,heartbeat,-45
2026-09-20T15:14:12.823338+00:00,AP_02,dev_fd835430174d2b7e,heartbeat,-48
2026-09-20T15:14:13.823338+00:00,AP_01,dev_ec7f305d29851a5a,heartbeat,-51
2026-09-20T15:14:13.823338+00:00,AP_02,dev_47dd476b9bbabc00,heartbeat,-49
2026-09-20T15:14:13.823338+00:00,AP_02,dev_4463e93e128fb718,heartbeat,-50
2026-09-20T15:14:15.823338+00:00,AP_01,dev_adc0336ce46d9142,heartbeat,-51
2026-09-20T15:14:15.823338+00:00,AP_02,dev_298b986404f77877,heartbeat,-49
2026-09-20T15:14:15.823338+00:00,AP_02,dev_36251f494ec5e4c4,heartbeat,-50
2026-09-20T15:14:16.823338+00:00,AP_01,dev_26be14216d4fd7c4,heartbeat,-48
2026-09-20T15:14:17.823338+00:00,AP_01,dev_46106d48bf350825,heartbeat,-52
2026-09-20T15:14:17.823338+00:00,AP_02,dev_cd0c870c9624e6f6,heartbeat,-46
2026-09-20T15:14:17.823338+00:00,AP_02,dev_fda1e4d27c7ec351,heartbeat,-49
2026-09-20T15:14:17.823338+00:00,AP_02,dev_09e69aaa959cdd44,heartbeat,-50
2026-09-20T15:14:18.823338+00:00,AP_01,dev_e96f8bdb2ce51760,heartbeat,-48
2026-09-20T15:14:18.823338+00:00,AP_01,dev_39ef6cebfea41e12,heartbeat,-47
2026-09-20T15:14:19.823338+00:00,AP_01,dev_b00c9275f41b488e,heartbeat,-48
2026-09-20T15:14:20.823338+00:00,AP_03,dev_172964ce995cefb5,heartbeat,-51
2026-09-20T15:14:21.823338+00:00,AP_01,dev_ba0ab9a640d8388b,heartbeat,-49
2026-09-20T15:14:22.823338+00:00,AP_01,dev_dac9735c15d23598,heartbeat,-50
2026-09-20T15:14:22.823338+00:00,AP_01,dev_de09aa0b03e5957e,heartbeat,-48
2026-09-20T15:14:22.823338+00:00,AP_02,dev_43e59eca12e9d77f,heartbeat,-44
2026-09-20T15:14:23.823338+00:00,AP_01,dev_4ec6910610b8ee21,heartbeat,-51
2026-09-20T15:14:23.823338+00:00,AP_02,dev_5cb49a89349d804a,heartbeat,-53
2026-09-20T15:14:24.823338+00:00,AP_02,dev_95f1a30bee85ba16,heartbeat,-50
2026-09-20T15:14:27.823338+00:00,AP_02,dev_bfa351d9deb65b50,heartbeat,-45
2026-09-20T15:14:29.823338+00:00,AP_03,dev_b3417cd8c6c08f19,heartbeat,-51
2026-09-20T15:14:30.823338+00:00,AP_02,dev_a9a77d30a2535eda,heartbeat,-51
2026-09-20T15:14:30.823338+00:00,AP_02,dev_942144bd6b3fd842,heartbeat,-50
2026-09-20T15:14:30.823338+00:00,AP_03,dev_80d56b8303cd4403,heartbeat,-45
2026-09-20T15:14:32.823338+00:00,AP_01,dev_bee12d3e1f271e83,heartbeat,-54
2026-09-20T15:14:32.823338+00:00,AP_02,dev_e275ee8bb2c9833c,heartbeat,-49
2026-09-20T15:14:32.823338+00:00,AP_02,dev_32123fce6801e287,heartbeat,-48
2026-09-20T15:14:32.823338+00:00,AP_03,dev_14710bbb669656eb,heartbeat,-55
2026-09-20T15:14:33.823338+00:00,AP_01,dev_ef43c0dc8df3847e,heartbeat,-50
2026-09-20T15:14:33.823338+00:00,AP_03,dev_3b33fcd2e1d3f788,heartbeat,-43
2026-09-20T15:14:33.823338+00:00,AP_02,dev_1730e5aaa7a31ce6,heartbeat,-51
2026-09-20T15:14:34.823338+00:00,AP_01,dev_a42ce750a950b6ed,heartbeat,-47
2026-09-20T15:14:35.823338+00:00,AP_01,dev_d5facb6e4cdd0f8d,heartbeat,-51
2026-09-20T15:14:35.823338+00:00,AP_02,dev_c8621d86e105ae2c,heartbeat,-44
2026-09-20T15:14:35.823338+00:00,AP_02,dev_9ac7e0c7eb7246b5,heartbeat,-48
2026-09-20T15:14:36.823338+00:00,AP_01,dev_4d55811fcbb2d44b,heartbeat,-49
2026-09-20T15:14:36.823338+00:00,AP_01,dev_761dbfebee20a1b6,heartbeat,-52
2026-09-20T15:14:36.823338+00:00,AP_01,dev_570873d5e07620f7,heartbeat,-51
2026-09-20T15:14:36.823338+00:00,AP_02,dev_3712f235b4616c4a,heartbeat,-50
2026-09-20T15:14:36.823338+00:00,AP_02,dev_35eea70824060c98,heartbeat,-51
2026-09-20T15:14:37.823338+00:00,AP_01,dev_78b7476e077c5c58,heartbeat,-49
2026-09-20T15:14:37.823338+00:00,AP_02,dev_be01eb2e5060c2ba,heartbeat,-45
2026-09-20T15:14:38.823338+00:00,AP_01,dev_0feb402657ab950a,heartbeat,-48
2026-09-20T15:14:39.823338+00:00,AP_01,dev_0e322e127a303cdd,heartbeat,-54
2026-09-20T15:14:39.823338+00:00,AP_01,dev_382017e48c0d09cb,heartbeat,-55
2026-09-20T15:14:39.823338+00:00,AP_01,dev_0f3a5465c5be5029,heartbeat,-46
2026-09-20T15:14:39.823338+00:00,AP_02,dev_02af9fa92d40a9af,heartbeat,-51
2026-09-20T15:14:40.823338+00:00,AP_02,dev_4463e93e128fb718,heartbeat,-43
2026-09-20T15:14:41.823338+00:00,AP_01,dev_ac7b80880a1f3946,heartbeat,-49
2026-09-20T15:14:42.823338+00:00,AP_01,dev_ec7f305d29851a5a,heartbeat,-45
2026-09-20T15:14:43.823338+00:00,AP_02,dev_fd835430174d2b7e,heartbeat,-49
2026-09-20T15:14:44.823338+00:00,AP_02,dev_47dd476b9bbabc00,heartbeat,-52
2026-09-20T15:14:44.823338+00:00,AP_02,dev_36251f494ec5e4c4,heartbeat,-51
2026-09-20T15:14:45.823338+00:00,AP_01,dev_e96f8bdb2ce51760,heartbeat,-49
2026-09-20T15:14:45.823338+00:00,AP_02,dev_bb34b21593bc8929,heartbeat,-50
2026-09-20T15:14:46.823338+00:00,AP_02,dev_298b986404f77877,heartbeat,-46
2026-09-20T15:14:47.823338+00:00,AP_01,dev_46106d48bf350825,heartbeat,-45
2026-09-20T15:14:47.823338+00:00,AP_02,dev_fda1e4d27c7ec351,heartbeat,-56
2026-09-20T15:14:48.823338+00:00,AP_01,dev_adc0336ce46d9142,heartbeat,-51
2026-09-20T15:14:49.823338+00:00,AP_01,dev_26be14216d4fd7c4,heartbeat,-56
2026-09-20T15:14:49.823338+00:00,AP_01,dev_de09aa0b03e5957e,heartbeat,-42
2026-09-20T15:14:49.823338+00:00,AP_02,dev_cd0c870c9624e6f6,heartbeat,-48
2026-09-20T15:14:50.823338+00:00,AP_01,dev_ba0ab9a640d8388b,heartbeat,-55
2026-09-20T15:14:50.823338+00:00,AP_01,dev_b00c9275f41b488e,heartbeat,-41
2026-09-20T15:14:50.823338+00:00,AP_02,dev_5cb49a89349d804a,heartbeat,-47
2026-09-20T15:14:50.823338+00:00,AP_02,dev_09e69aaa959cdd44,heartbeat,-43
2026-09-20T15:14:51.823338+00:00,AP_01,dev_39ef6cebfea41e12,heartbeat,-56
2026-09-20T15:14:52.823338+00:00,AP_03,dev_172964ce995cefb5,heartbeat,-50
2026-09-20T15:14:54.823338+00:00,AP_01,dev_4ec6910610b8ee21,heartbeat,-50
2026-09-20T15:14:54.823338+00:00,AP_02,dev_95f1a30bee85ba16,heartbeat,-53
2026-09-20T15:14:55.823338+00:00,AP_01,dev_dac9735c15d23598,heartbeat,-49
2026-09-20T15:14:55.823338+00:00,AP_02,dev_43e59eca12e9d77f,heartbeat,-50
2026-09-20T15:14:57.823338+00:00,AP_02,dev_bfa351d9deb65b50,heartbeat,-51
2026-09-20T15:14:58.823338+00:00,AP_03,dev_b3417cd8c6c08f19,heartbeat,-51
2026-09-20T15:14:58.823338+00:00,AP_02,dev_a9a77d30a2535eda,heartbeat,-56
2026-09-20T15:14:58.823338+00:00,AP_02,dev_942144bd6b3fd842,heartbeat,-48
2026-09-20T15:14:59.823338+00:00,AP_02,dev_e275ee8bb2c9833c,heartbeat,-49
2026-09-20T15:15:00.823338+00:00,AP_01,dev_ef43c0dc8df3847e,heartbeat,-48
2026-09-20T15:15:00.823338+00:00,AP_01,dev_bee12d3e1f271e83,heartbeat,-52
2026-09-20T15:15:00.823338+00:00,AP_03,dev_80d56b8303cd4403,heartbeat,-43
2026-09-20T15:15:01.823338+00:00,AP_03,dev_3b33fcd2e1d3f788,heartbeat,-44
2026-09-20T15:15:01.823338+00:00,AP_03,dev_14710bbb669656eb,heartbeat,-53
2026-09-20T15:15:03.823338+00:00,AP_02,dev_9ac7e0c7eb7246b5,heartbeat,-51
2026-09-20T15:15:04.823338+00:00,AP_01,dev_d5facb6e4cdd0f8d,heartbeat,-46
2026-09-20T15:15:04.823338+00:00,AP_01,dev_a42ce750a950b6ed,heartbeat,-43
2026-09-20T15:15:04.823338+00:00,AP_02,dev_32123fce6801e287,heartbeat,-46
2026-09-20T15:15:05.823338+00:00,AP_01,dev_0feb402657ab950a,heartbeat,-48
2026-09-20T15:15:05.823338+00:00,AP_02,dev_3712f235b4616c4a,heartbeat,-50
2026-09-20T15:15:05.823338+00:00,AP_02,dev_c8621d86e105ae2c,heartbeat,-52
2026-09-20T15:15:05.823338+00:00,AP_02,dev_1730e5aaa7a31ce6,heartbeat,-50
2026-09-20T15:15:06.823338+00:00,AP_01,dev_4d55811fcbb2d44b,heartbeat,-49
2026-09-20T15:15:06.823338+00:00,AP_01,dev_570873d5e07620f7,heartbeat,-54
2026-09-20T15:15:07.823338+00:00,AP_01,dev_761dbfebee20a1b6,heartbeat,-49
2026-09-20T15:15:07.823338+00:00,AP_02,dev_4463e93e128fb718,heartbeat,-44
2026-09-20T15:15:07.823338+00:00,AP_02,dev_35eea70824060c98,heartbeat,-55
2026-09-20T15:15:07.823338+00:00,AP_02,dev_be01eb2e5060c2ba,heartbeat,-47
2026-09-20T15:15:08.823338+00:00,AP_01,dev_0e322e127a303cdd,heartbeat,-53
2026-09-20T15:15:08.823338+00:00,AP_01,dev_78b7476e077c5c58,heartbeat,-44
2026-09-20T15:15:09.823338+00:00,AP_01,dev_382017e48c0d09cb,heartbeat,-48
2026-09-20T15:15:10.823338+00:00,AP_01,dev_ec7f305d29851a5a,heartbeat,-47
2026-09-20T15:15:11.823338+00:00,AP_02,dev_fd835430174d2b7e,heartbeat,-52
2026-09-20T15:15:12.823338+00:00,AP_01,dev_0f3a5465c5be5029,heartbeat,-54
2026-09-20T15:15:12.823338+00:00,AP_02,dev_02af9fa92d40a9af,heartbeat,-52
2026-09-20T15:15:13.823338+00:00,AP_01,dev_ac7b80880a1f3946,heartbeat,-48
2026-09-20T15:15:13.823338+00:00,AP_02,dev_47dd476b9bbabc00,heartbeat,-48
2026-09-20T15:15:14.823338+00:00,AP_01,dev_46106d48bf350825,heartbeat,-46
2026-09-20T15:15:14.823338+00:00,AP_02,dev_36251f494ec5e4c4,heartbeat,-51
2026-09-20T15:15:16.823338+00:00,AP_02,dev_298b986404f77877,heartbeat,-43
2026-09-20T15:15:17.823338+00:00,AP_02,dev_fda1e4d27c7ec351,heartbeat,-44
2026-09-20T15:15:17.823338+00:00,AP_02,dev_bb34b21593bc8929,heartbeat,-45
2026-09-20T15:15:18.823338+00:00,AP_01,dev_e96f8bdb2ce51760,heartbeat,-55
2026-09-20T15:15:18.823338+00:00,AP_02,dev_cd0c870c9624e6f6,heartbeat,-48
2026-09-20T15:15:18.823338+00:00,AP_02,dev_09e69aaa959cdd44,heartbeat,-49
2026-09-20T15:15:20.823338+00:00,AP_01,dev_ba0ab9a640d8388b,heartbeat,-41
2026-09-20T15:15:20.823338+00:00,AP_01,dev_adc0336ce46d9142,heartbeat,-44
2026-09-20T15:15:20.823338+00:00,AP_02,dev_5cb49a89349d804a,heartbeat,-44
2026-09-20T15:15:21.823338+00:00,AP_01,dev_26be14216d4fd7c4,heartbeat,-51
2026-09-20T15:15:21.823338+00:00,AP_01,dev_39ef6cebfea41e12,heartbeat,-46
2026-09-20T15:15:21.823338+00:00,AP_01,dev_4ec6910610b8ee21,heartbeat,-48
2026-09-20T15:15:22.823338+00:00,AP_01,dev_de09aa0b03e5957e,heartbeat,-46
2026-09-20T15:15:22.823338+00:00,AP_01,dev_b00c9275f41b488e,heartbeat,-50
2026-09-20T15:15:22.823338+00:00,AP_03,dev_172964ce995cefb5,heartbeat,-52
2026-09-20T15:15:23.823338+00:00,AP_01,dev_dac9735c15d23598,heartbeat,-49
2026-09-20T15:15:23.823338+00:00,AP_02,dev_43e59eca12e9d77f,heartbeat,-43
2026-09-20T15:15:25.823338+00:00,AP_02,dev_95f1a30bee85ba16,heartbeat,-49
2026-09-20T15:15:25.823338+00:00,AP_02,dev_942144bd6b3fd842,heartbeat,-55
2026-09-20T15:15:26.823338+00:00,AP_03,dev_b3417cd8c6c08f19,heartbeat,-49
2026-09-20T15:15:26.823338+00:00,AP_02,dev_a9a77d30a2535eda,heartbeat,-52
2026-09-20T15:15:29.823338+00:00,AP_01,dev_bee12d3e1f271e83,heartbeat,-45
2026-09-20T15:15:29.823338+00:00,AP_02,dev_bfa351d9deb65b50,heartbeat,-55
2026-09-20T15:15:29.823338+00:00,AP_03,dev_80d56b8303cd4403,heartbeat,-48
2026-09-20T15:15:30.823338+00:00,AP_02,dev_e275ee8bb2c9833c,heartbeat,-48
2026-09-20T15:15:30.823338+00:00,AP_03,dev_14710bbb669656eb,heartbeat,-53
2026-09-20T15:15:32.823338+00:00,AP_01,dev_ef43c0dc8df3847e,heartbeat,-55
2026-09-20T15:15:32.823338+00:00,AP_01,dev_d5facb6e4cdd0f8d,heartbeat,-52
2026-09-20T15:15:32.823338+00:00,AP_01,dev_a42ce750a950b6ed,heartbeat,-50
2026-09-20T15:15:32.823338+00:00,AP_02,dev_1730e5aaa7a31ce6,heartbeat,-52
2026-09-20T15:15:32.823338+00:00,AP_02,dev_32123fce6801e287,heartbeat,-48
2026-09-20T15:15:34.823338+00:00,AP_03,dev_3b33fcd2e1d3f788,heartbeat,-48
2026-09-20T15:15:34.823338+00:00,AP_01,dev_0feb402657ab950a,heartbeat,-47
2026-09-20T15:15:34.823338+00:00,AP_02,dev_c8621d86e105ae2c,heartbeat,-50
2026-09-20T15:15:34.823338+00:00,AP_02,dev_9ac7e0c7eb7246b5,heartbeat,-52
2026-09-20T15:15:35.823338+00:00,AP_01,dev_570873d5e07620f7,heartbeat,-53
2026-09-20T15:15:35.823338+00:00,AP_02,dev_4463e93e128fb718,heartbeat,-49
2026-09-20T15:15:35.823338+00:00,AP_02,dev_be01eb2e5060c2ba,heartbeat,-47
2026-09-20T15:15:36.823338+00:00,AP_02,dev_3712f235b4616c4a,heartbeat,-49
2026-09-20T15:15:36.823338+00:00,AP_02,dev_35eea70824060c98,heartbeat,-50
2026-09-20T15:15:38.823338+00:00,AP_01,dev_4d55811fcbb2d44b,heartbeat,-48
2026-09-20T15:15:39.823338+00:00,AP_01,dev_761dbfebee20a1b6,heartbeat,-47
2026-09-20T15:15:40.823338+00:00,AP_01,dev_0e322e127a303cdd,heartbeat,-49
2026-09-20T15:15:40.823338+00:00,AP_01,dev_78b7476e077c5c58,heartbeat,-50
2026-09-20T15:15:41.823338+00:00,AP_01,dev_382017e48c0d09cb,heartbeat,-50
2026-09-20T15:15:41.823338+00:00,AP_02,dev_02af9fa92d40a9af,heartbeat,-46
2026-09-20T15:15:42.823338+00:00,AP_01,dev_ec7f305d29851a5a,heartbeat,-53
2026-09-20T15:15:43.823338+00:00,AP_02,dev_fd835430174d2b7e,heartbeat,-53
2026-09-20T15:15:45.823338+00:00,AP_01,dev_ac7b80880a1f3946,heartbeat,-50
2026-09-20T15:15:45.823338+00:00,AP_01,dev_46106d48bf350825,heartbeat,-48
2026-09-20T15:15:45.823338+00:00,AP_01,dev_0f3a5465c5be5029,heartbeat,-49
2026-09-20T15:15:45.823338+00:00,AP_02,dev_fda1e4d27c7ec351,heartbeat,-50
2026-09-20T15:15:45.823338+00:00,AP_02,dev_36251f494ec5e4c4,heartbeat,-51
2026-09-20T15:15:46.823338+00:00,AP_02,dev_47dd476b9bbabc00,heartbeat,-49
2026-09-20T15:15:47.823338+00:00,AP_01,dev_adc0336ce46d9142,heartbeat,-51
2026-09-20T15:15:47.823338+00:00,AP_02,dev_298b986404f77877,heartbeat,-50
2026-09-20T15:15:48.823338+00:00,AP_01,dev_e96f8bdb2ce51760,heartbeat,-52
2026-09-20T15:15:48.823338+00:00,AP_02,dev_cd0c870c9624e6f6,heartbeat,-45
2026-09-20T15:15:48.823338+00:00,AP_02,dev_5cb49a89349d804a,heartbeat,-49
2026-09-20T15:15:49.823338+00:00,AP_01,dev_39ef6cebfea41e12,heartbeat,-49
2026-09-20T15:15:49.823338+00:00,AP_01,dev_de09aa0b03e5957e,heartbeat,-44
2026-09-20T15:15:49.823338+00:00,AP_02,dev_bb34b21593bc8929,heartbeat,-58
2026-09-20T15:15:50.823338+00:00,AP_01,dev_4ec6910610b8ee21,heartbeat,-49
2026-09-20T15:15:50.823338+00:00,AP_01,dev_b00c9275f41b488e,heartbeat,-54
2026-09-20T15:15:50.823338+00:00,AP_02,dev_09e69aaa959cdd44,heartbeat,-45
2026-09-20T15:15:51.823338+00:00,AP_02,dev_43e59eca12e9d77f,heartbeat,-49
2026-09-20T15:15:52.823338+00:00,AP_01,dev_ba0ab9a640d8388b,heartbeat,-50
2026-09-20T15:15:52.823338+00:00,AP_01,dev_26be14216d4fd7c4,heartbeat,-48
2026-09-20T15:15:54.823338+00:00,AP_02,dev_95f1a30bee85ba16,heartbeat,-49
2026-09-20T15:15:55.823338+00:00,AP_01,dev_dac9735c15d23598,heartbeat,-54
2026-09-20T15:15:55.823338+00:00,AP_02,dev_a9a77d30a2535eda,heartbeat,-43
2026-09-20T15:15:55.823338+00:00,AP_03,dev_172964ce995cefb5,heartbeat,-49
2026-09-20T15:15:57.823338+00:00,AP_03,dev_b3417cd8c6c08f19,heartbeat,-54
2026-09-20T15:15:57.823338+00:00,AP_02,dev_942144bd6b3fd842,heartbeat,-48
2026-09-20T15:15:57.823338+00:00,AP_03,dev_14710bbb669656eb,heartbeat,-55
2026-09-20T15:15:58.823338+00:00,AP_02,dev_bfa351d9deb65b50,heartbeat,-52
2026-09-20T15:15:58.823338+00:00,AP_03,dev_80d56b8303cd4403,heartbeat,-49
2026-09-20T15:15:59.823338+00:00,AP_02,dev_32123fce6801e287,heartbeat,-47
2026-09-20T15:16:01.823338+00:00,AP_01,dev_bee12d3e1f271e83,heartbeat,-53
2026-09-20T15:16:02.823338+00:00,AP_02,dev_e275ee8bb2c9833c,heartbeat,-45
2026-09-20T15:16:02.823338+00:00,AP_02,dev_c8621d86e105ae2c,heartbeat,-51
2026-09-20T15:16:04.823338+00:00,AP_01,dev_d5facb6e4cdd0f8d,heartbeat,-46
2026-09-20T15:16:04.823338+00:00,AP_01,dev_a42ce750a950b6ed,heartbeat,-54
2026-09-20T15:16:04.823338+00:00,AP_01,dev_0feb402657ab950a,heartbeat,-45
2026-09-20T15:16:04.823338+00:00,AP_02,dev_9ac7e0c7eb7246b5,heartbeat,-59
2026-09-20T15:16:05.823338+00:00,AP_01,dev_ef43c0dc8df3847e,heartbeat,-44
2026-09-20T15:16:05.823338+00:00,AP_01,dev_4d55811fcbb2d44b,heartbeat,-53
2026-09-20T15:16:05.823338+00:00,AP_02,dev_1730e5aaa7a31ce6,heartbeat,-46
2026-09-20T15:16:05.823338+00:00,AP_02,dev_35eea70824060c98,heartbeat,-52
2026-09-20T15:16:06.823338+00:00,AP_02,dev_3712f235b4616c4a,heartbeat,-46
2026-09-20T15:16:06.823338+00:00,AP_02,dev_4463e93e128fb718,heartbeat,-51
2026-09-20T15:16:07.823338+00:00,AP_03,dev_3b33fcd2e1d3f788,heartbeat,-46
2026-09-20T15:16:07.823338+00:00,AP_01,dev_570873d5e07620f7,heartbeat,-49
2026-09-20T15:16:08.823338+00:00,AP_02,dev_be01eb2e5060c2ba,heartbeat,-50
2026-09-20T15:16:11.823338+00:00,AP_01,dev_761dbfebee20a1b6,heartbeat,-44
2026-09-20T15:16:11.823338+00:00,AP_01,dev_0e322e127a303cdd,heartbeat,-56
2026-09-20T15:16:11.823338+00:00,AP_01,dev_ec7f305d29851a5a,heartbeat,-51
2026-09-20T15:16:12.823338+00:00,AP_01,dev_382017e48c0d09cb,heartbeat,-48
2026-09-20T15:16:12.823338+00:00,AP_02,dev_02af9fa92d40a9af,heartbeat,-53
2026-09-20T15:16:12.823338+00:00,AP_02,dev_fd835430174d2b7e,heartbeat,-54
2026-09-20T15:16:13.823338+00:00,AP_01,dev_78b7476e077c5c58,heartbeat,-45
2026-09-20T15:16:13.823338+00:00,AP_02,dev_36251f494ec5e4c4,heartbeat,-48
2026-09-20T15:16:14.823338+00:00,AP_01,dev_0f3a5465c5be5029,heartbeat,-44
2026-09-20T15:16:14.823338+00:00,AP_01,dev_adc0336ce46d9142,heartbeat,-55
2026-09-20T15:16:14.823338+00:00,AP_02,dev_47dd476b9bbabc00,heartbeat,-47
2026-09-20T15:16:15.823338+00:00,AP_02,dev_5cb49a89349d804a,heartbeat,-53
2026-09-20T15:16:16.823338+00:00,AP_01,dev_de09aa0b03e5957e,heartbeat,-53
2026-09-20T15:16:17.823338+00:00,AP_01,dev_46106d48bf350825,heartbeat,-52
2026-09-20T15:16:17.823338+00:00,AP_01,dev_4ec6910610b8ee21,heartbeat,-53
2026-09-20T15:16:18.823338+00:00,AP_01,dev_ac7b80880a1f3946,heartbeat,-51
2026-09-20T15:16:18.823338+00:00,AP_02,dev_298b986404f77877,heartbeat,-47
2026-09-20T15:16:18.823338+00:00,AP_02,dev_cd0c870c9624e6f6,heartbeat,-49
2026-09-20T15:16:18.823338+00:00,AP_02,dev_fda1e4d27c7ec351,heartbeat,-45
2026-09-20T15:16:18.823338+00:00,AP_02,dev_43e59eca12e9d77f,heartbeat,-47
2026-09-20T15:16:18.823338+00:00,AP_02,dev_09e69aaa959cdd44,heartbeat,-53
2026-09-20T15:16:19.823338+00:00,AP_02,dev_bb34b21593bc8929,heartbeat,-46
2026-09-20T15:16:20.823338+00:00,AP_01,dev_e96f8bdb2ce51760,heartbeat,-49
2026-09-20T15:16:20.823338+00:00,AP_01,dev_39ef6cebfea41e12,heartbeat,-54
2026-09-20T15:16:20.823338+00:00,AP_01,dev_b00c9275f41b488e,heartbeat,-53
2026-09-20T15:16:22.823338+00:00,AP_03,dev_172964ce995cefb5,heartbeat,-44
2026-09-20T15:16:23.823338+00:00,AP_02,dev_95f1a30bee85ba16,heartbeat,-55
2026-09-20T15:16:24.823338+00:00,AP_01,dev_26be14216d4fd7c4,heartbeat,-47
2026-09-20T15:16:24.823338+00:00,AP_02,dev_a9a77d30a2535eda,heartbeat,-57
2026-09-20T15:16:25.823338+00:00,AP_01,dev_ba0ab9a640d8388b,heartbeat,-48
2026-09-20T15:16:25.823338+00:00,AP_03,dev_80d56b8303cd4403,heartbeat,-51
2026-09-20T15:16:26.823338+00:00,AP_01,dev_dac9735c15d23598,heartbeat,-42
2026-09-20T15:16:27.823338+00:00,AP_03,dev_14710bbb669656eb,heartbeat,-55
2026-09-20T15:16:28.823338+00:00,AP_02,dev_bfa351d9deb65b50,heartbeat,-46
2026-09-20T15:16:28.823338+00:00,AP_03,dev_b3417cd8c6c08f19,heartbeat,-52
2026-09-20T15:16:28.823338+00:00,AP_02,dev_942144bd6b3fd842,heartbeat,-44
2026-09-20T15:16:29.823338+00:00,AP_01,dev_bee12d3e1f271e83,heartbeat,-46
2026-09-20T15:16:30.823338+00:00,AP_02,dev_c8621d86e105ae2c,heartbeat,-48
2026-09-20T15:16:32.823338+00:00,AP_01,dev_a42ce750a950b6ed,heartbeat,-48
2026-09-20T15:16:32.823338+00:00,AP_02,dev_e275ee8bb2c9833c,heartbeat,-51
2026-09-20T15:16:32.823338+00:00,AP_02,dev_32123fce6801e287,heartbeat,-54
2026-09-20T15:16:33.823338+00:00,AP_01,dev_0feb402657ab950a,heartbeat,-46
2026-09-20T15:16:34.823338+00:00,AP_01,dev_d5facb6e4cdd0f8d,heartbeat,-50
2026-09-20T15:16:34.823338+00:00,AP_02,dev_3712f235b4616c4a,heartbeat,-49
2026-09-20T15:16:34.823338+00:00,AP_02,dev_4463e93e128fb718,heartbeat,-47
2026-09-20T15:16:34.823338+00:00,AP_02,dev_1730e5aaa7a31ce6,heartbeat,-46
2026-09-20T15:16:35.823338+00:00,AP_03,dev_3b33fcd2e1d3f788,heartbeat,-51
2026-09-20T15:16:36.823338+00:00,AP_01,dev_ef43c0dc8df3847e,heartbeat,-50
2026-09-20T15:16:36.823338+00:00,AP_01,dev_570873d5e07620f7,heartbeat,-46
2026-09-20T15:16:36.823338+00:00,AP_02,dev_9ac7e0c7eb7246b5,heartbeat,-50
2026-09-20T15:16:37.823338+00:00,AP_01,dev_4d55811fcbb2d44b,heartbeat,-48
2026-09-20T15:16:37.823338+00:00,AP_02,dev_35eea70824060c98,heartbeat,-49
2026-09-20T15:16:38.823338+00:00,AP_01,dev_ec7f305d29851a5a,heartbeat,-54
2026-09-20T15:16:39.823338+00:00,AP_02,dev_be01eb2e5060c2ba,heartbeat,-45
2026-09-20T15:16:41.823338+00:00,AP_01,dev_0e322e127a303cdd,heartbeat,-49
2026-09-20T15:16:41.823338+00:00,AP_02,dev_47dd476b9bbabc00,heartbeat,-55
2026-09-20T15:16:42.823338+00:00,AP_01,dev_761dbfebee20a1b6,heartbeat,-53
2026-09-20T15:16:42.823338+00:00,AP_02,dev_5cb49a89349d804a,heartbeat,-53
2026-09-20T15:16:43.823338+00:00,AP_01,dev_382017e48c0d09cb,heartbeat,-50
2026-09-20T15:16:43.823338+00:00,AP_01,dev_0f3a5465c5be5029,heartbeat,-52
2026-09-20T15:16:44.823338+00:00,AP_01,dev_46106d48bf350825,heartbeat,-55
2026-09-20T15:16:44.823338+00:00,AP_01,dev_4ec6910610b8ee21,heartbeat,-50
2026-09-20T15:16:44.823338+00:00,AP_02,dev_02af9fa92d40a9af,heartbeat,-47
2026-09-20T15:16:45.823338+00:00,AP_01,dev_78b7476e077c5c58,heartbeat,-53
2026-09-20T15:16:45.823338+00:00,AP_02,dev_cd0c870c9624e6f6,heartbeat,-50
2026-09-20T15:16:45.823338+00:00,AP_02,dev_fd835430174d2b7e,heartbeat,-48
2026-09-20T15:16:46.823338+00:00,AP_02,dev_36251f494ec5e4c4,heartbeat,-48
2026-09-20T15:16:46.823338+00:00,AP_02,dev_bb34b21593bc8929,heartbeat,-48
2026-09-20T15:16:47.823338+00:00,AP_01,dev_de09aa0b03e5957e,heartbeat,-51
2026-09-20T15:16:47.823338+00:00,AP_01,dev_adc0336ce46d9142,heartbeat,-52
2026-09-20T15:16:47.823338+00:00,AP_01,dev_b00c9275f41b488e,heartbeat,-52
2026-09-20T15:16:47.823338+00:00,AP_02,dev_47dd476b9bbabc00,disconnect,-44
2026-09-20T15:16:47.823338+00:00,AP_02,dev_fda1e4d27c7ec351,heartbeat,-52
2026-09-20T15:16:48.823338+00:00,AP_02,dev_298b986404f77877,heartbeat,-51
2026-09-20T15:16:49.823338+00:00,AP_01,dev_ac7b80880a1f3946,heartbeat,-45
2026-09-20T15:16:49.823338+00:00,AP_01,dev_39ef6cebfea41e12,heartbeat,-49
2026-09-20T15:16:49.823338+00:00,AP_02,dev_09e69aaa959cdd44,heartbeat,-44
2026-09-20T15:16:50.823338+00:00,AP_02,dev_95f1a30bee85ba16,heartbeat,-52
2026-09-20T15:16:50.823338+00:00,AP_02,dev_43e59eca12e9d77f,heartbeat,-46
2026-09-20T15:16:50.823338+00:00,AP_03,dev_172964ce995cefb5,heartbeat,-46
2026-09-20T15:16:51.823338+00:00,AP_01,dev_26be14216d4fd7c4,heartbeat,-48
2026-09-20T15:16:53.823338+00:00,AP_01,dev_e96f8bdb2ce51760,heartbeat,-48
2026-09-20T15:16:53.823338+00:00,AP_03,dev_80d56b8303cd4403,heartbeat,-49
2026-09-20T15:16:55.823338+00:00,AP_02,dev_bfa351d9deb65b50,heartbeat,-47
2026-09-20T15:16:55.823338+00:00,AP_03,dev_b3417cd8c6c08f19,heartbeat,-51
2026-09-20T15:16:55.823338+00:00,AP_03,dev_14710bbb669656eb,heartbeat,-50
2026-09-20T15:16:56.823338+00:00,AP_02,dev_a9a77d30a2535eda,heartbeat,-47
2026-09-20T15:16:57.823338+00:00,AP_02,dev_942144bd6b3fd842,heartbeat,-51
2026-09-20T15:16:58.823338+00:00,AP_01,dev_ba0ab9a640d8388b,heartbeat,-50
2026-09-20T15:16:59.823338+00:00,AP_01,dev_dac9735c15d23598,heartbeat,-46
2026-09-20T15:17:00.823338+00:00,AP_01,dev_bee12d3e1f271e83,heartbeat,-44
2026-09-20T15:17:00.823338+00:00,AP_02,dev_c8621d86e105ae2c,heartbeat,-44
2026-09-20T15:17:02.823338+00:00,AP_01,dev_d5facb6e4cdd0f8d,heartbeat,-50
2026-09-20T15:17:02.823338+00:00,AP_02,dev_e275ee8bb2c9833c,heartbeat,-48
2026-09-20T15:17:02.823338+00:00,AP_02,dev_3712f235b4616c4a,heartbeat,-52
2026-09-20T15:17:02.823338+00:00,AP_02,dev_1730e5aaa7a31ce6,heartbeat,-49
2026-09-20T15:17:04.823338+00:00,AP_02,dev_32123fce6801e287,heartbeat,-53
2026-09-20T15:17:05.823338+00:00,AP_01,dev_a42ce750a950b6ed,heartbeat,-56
2026-09-20T15:17:05.823338+00:00,AP_02,dev_4463e93e128fb718,heartbeat,-45
2026-09-20T15:17:05.823338+00:00,AP_02,dev_35eea70824060c98,heartbeat,-53
2026-09-20T15:17:06.823338+00:00,AP_01,dev_0feb402657ab950a,heartbeat,-50
2026-09-20T15:17:07.823338+00:00,AP_03,dev_3b33fcd2e1d3f788,heartbeat,-49
2026-09-20T15:17:07.823338+00:00,AP_01,dev_570873d5e07620f7,heartbeat,-43
2026-09-20T15:17:07.823338+00:00,AP_02,dev_9ac7e0c7eb7246b5,heartbeat,-51
2026-09-20T15:17:08.823338+00:00,AP_01,dev_ef43c0dc8df3847e,heartbeat,-51
2026-09-20T15:17:08.823338+00:00,AP_01,dev_4d55811fcbb2d44b,heartbeat,-54
2026-09-20T15:17:09.823338+00:00,AP_01,dev_0e322e127a303cdd,heartbeat,-49
2026-09-20T15:17:09.823338+00:00,AP_01,dev_ec7f305d29851a5a,heartbeat,-46
2026-09-20T15:17:09.823338+00:00,AP_02,dev_5cb49a89349d804a,heartbeat,-47
2026-09-20T15:17:09.823338+00:00,AP_02,dev_be01eb2e5060c2ba,heartbeat,-57
2026-09-20T15:17:12.823338+00:00,AP_01,dev_761dbfebee20a1b6,heartbeat,-49
2026-09-20T15:17:13.823338+00:00,AP_01,dev_4ec6910610b8ee21,heartbeat,-51
2026-09-20T15:17:13.823338+00:00,AP_02,dev_02af9fa92d40a9af,heartbeat,-51
2026-09-20T15:17:13.823338+00:00,AP_02,dev_cd0c870c9624e6f6,heartbeat,-53
2026-09-20T15:17:14.823338+00:00,AP_01,dev_de09aa0b03e5957e,heartbeat,-46
2026-09-20T15:17:15.823338+00:00,AP_01,dev_382017e48c0d09cb,heartbeat,-51
2026-09-20T15:17:15.823338+00:00,AP_01,dev_0f3a5465c5be5029,heartbeat,-46
2026-09-20T15:17:15.823338+00:00,AP_02,dev_fd835430174d2b7e,heartbeat,-52
2026-09-20T15:17:16.823338+00:00,AP_01,dev_46106d48bf350825,heartbeat,-54
2026-09-20T15:17:16.823338+00:00,AP_01,dev_78b7476e077c5c58,heartbeat,-48
2026-09-20T15:17:16.823338+00:00,AP_02,dev_fda1e4d27c7ec351,heartbeat,-46
2026-09-20T15:17:16.823338+00:00,AP_02,dev_36251f494ec5e4c4,heartbeat,-50
2026-09-20T15:17:16.823338+00:00,AP_02,dev_bb34b21593bc8929,heartbeat,-51
2026-09-20T15:17:17.823338+00:00,AP_01,dev_adc0336ce46d9142,heartbeat,-47
2026-09-20T15:17:17.823338+00:00,AP_02,dev_298b986404f77877,heartbeat,-48
2026-09-20T15:17:17.823338+00:00,AP_02,dev_43e59eca12e9d77f,heartbeat,-48
2026-09-20T15:17:18.823338+00:00,AP_01,dev_26be14216d4fd7c4,heartbeat,-45
2026-09-20T15:17:18.823338+00:00,AP_01,dev_39ef6cebfea41e12,heartbeat,-46
2026-09-20T15:17:18.823338+00:00,AP_01,dev_b00c9275f41b488e,heartbeat,-48
2026-09-20T15:17:18.823338+00:00,AP_02,dev_09e69aaa959cdd44,heartbeat,-49
2026-09-20T15:17:22.823338+00:00,AP_01,dev_ac7b80880a1f3946,heartbeat,-45
2026-09-20T15:17:22.823338+00:00,AP_02,dev_bfa351d9deb65b50,heartbeat,-48
2026-09-20T15:17:22.823338+00:00,AP_02,dev_95f1a30bee85ba16,heartbeat,-50
2026-09-20T15:17:22.823338+00:00,AP_03,dev_172964ce995cefb5,heartbeat,-46
2026-09-20T15:17:25.823338+00:00,AP_01,dev_e96f8bdb2ce51760,heartbeat,-51
2026-09-20T15:17:25.823338+00:00,AP_02,dev_942144bd6b3fd842,heartbeat,-53
2026-09-20T15:17:26.823338+00:00,AP_03,dev_14710bbb669656eb,heartbeat,-43
2026-09-20T15:17:26.823338+00:00,AP_03,dev_80d56b8303cd4403,heartbeat,-46
2026-09-20T15:17:27.823338+00:00,AP_03,dev_b3417cd8c6c08f19,heartbeat,-50
2026-09-20T15:17:28.823338+00:00,AP_02,dev_a9a77d30a2535eda,heartbeat,-52
2026-09-20T15:17:29.823338+00:00,AP_01,dev_ba0ab9a640d8388b,heartbeat,-43
2026-09-20T15:17:31.823338+00:00,AP_01,dev_bee12d3e1f271e83,heartbeat,-47
2026-09-20T15:17:32.823338+00:00,AP_01,dev_dac9735c15d23598,heartbeat,-48
2026-09-20T15:17:32.823338+00:00,AP_01,dev_a42ce750a950b6ed,heartbeat,-48
2026-09-20T15:17:33.823338+00:00,AP_01,dev_d5facb6e4cdd0f8d,heartbeat,-50
2026-09-20T15:17:33.823338+00:00,AP_02,dev_e275ee8bb2c9833c,heartbeat,-54
2026-09-20T15:17:33.823338+00:00,AP_02,dev_c8621d86e105ae2c,heartbeat,-44
2026-09-20T15:17:35.823338+00:00,AP_01,dev_ef43c0dc8df3847e,heartbeat,-50
2026-09-20T15:17:35.823338+00:00,AP_02,dev_3712f235b4616c4a,heartbeat,-46
2026-09-20T15:17:35.823338+00:00,AP_02,dev_1730e5aaa7a31ce6,heartbeat,-50
2026-09-20T15:17:36.823338+00:00,AP_03,dev_3b33fcd2e1d3f788,heartbeat,-46
2026-09-20T15:17:36.823338+00:00,AP_01,dev_570873d5e07620f7,heartbeat,-45
2026-09-20T15:17:36.823338+00:00,AP_02,dev_4463e93e128fb718,heartbeat,-47
2026-09-20T15:17:37.823338+00:00,AP_01,dev_4d55811fcbb2d44b,heartbeat,-50
2026-09-20T15:17:37.823338+00:00,AP_02,dev_35eea70824060c98,heartbeat,-42
2026-09-20T15:17:37.823338+00:00,AP_02,dev_32123fce6801e287,heartbeat,-50
2026-09-20T15:17:38.823338+00:00,AP_01,dev_ec7f305d29851a5a,heartbeat,-53
2026-09-20T15:17:38.823338+00:00,AP_02,dev_be01eb2e5060c2ba,heartbeat,-44
2026-09-20T15:17:39.823338+00:00,AP_01,dev_0e322e127a303cdd,heartbeat,-45
2026-09-20T15:17:39.823338+00:00,AP_01,dev_0feb402657ab950a,heartbeat,-50
2026-09-20T15:17:40.823338+00:00,AP_02,dev_9ac7e0c7eb7246b5,heartbeat,-51
2026-09-20T15:17:41.823338+00:00,AP_02,dev_5cb49a89349d804a,heartbeat,-43
2026-09-20T15:17:42.823338+00:00,AP_02,dev_fd835430174d2b7e,heartbeat,-52
2026-09-20T15:17:44.823338+00:00,AP_01,dev_382017e48c0d09cb,heartbeat,-49
2026-09-20T15:17:44.823338+00:00,AP_01,dev_de09aa0b03e5957e,heartbeat,-49
2026-09-20T15:17:44.823338+00:00,AP_02,dev_02af9fa92d40a9af,heartbeat,-50
2026-09-20T15:17:44.823338+00:00,AP_02,dev_cd0c870c9624e6f6,heartbeat,-44
2026-09-20T15:17:44.823338+00:00,AP_02,dev_fda1e4d27c7ec351,heartbeat,-50
2026-09-20T15:17:44.823338+00:00,AP_02,dev_36251f494ec5e4c4,heartbeat,-49
2026-09-20T15:17:45.823338+00:00,AP_01,dev_761dbfebee20a1b6,heartbeat,-52
2026-09-20T15:17:45.823338+00:00,AP_01,dev_39ef6cebfea41e12,heartbeat,-47
2026-09-20T15:17:45.823338+00:00,AP_01,dev_4ec6910610b8ee21,heartbeat,-51
2026-09-20T15:17:45.823338+00:00,AP_01,dev_78b7476e077c5c58,heartbeat,-47
2026-09-20T15:17:46.823338+00:00,AP_01,dev_26be14216d4fd7c4,heartbeat,-49
2026-09-20T15:17:46.823338+00:00,AP_01,dev_46106d48bf350825,heartbeat,-53
2026-09-20T15:17:46.823338+00:00,AP_02,dev_43e59eca12e9d77f,heartbeat,-52
2026-09-20T15:17:47.823338+00:00,AP_01,dev_0f3a5465c5be5029,heartbeat,-47
2026-09-20T15:17:47.823338+00:00,AP_02,dev_298b986404f77877,heartbeat,-53
2026-09-20T15:17:48.823338+00:00,AP_01,dev_adc0336ce46d9142,heartbeat,-47
2026-09-20T15:17:49.823338+00:00,AP_02,dev_95f1a30bee85ba16,heartbeat,-51
2026-09-20T15:17:49.823338+00:00,AP_02,dev_bb34b21593bc8929,heartbeat,-48
2026-09-20T15:17:49.823338+00:00,AP_02,dev_09e69aaa959cdd44,heartbeat,-49
2026-09-20T15:17:50.823338+00:00,AP_01,dev_b00c9275f41b488e,heartbeat,-46
2026-09-20T15:17:52.823338+00:00,AP_03,dev_172964ce995cefb5,heartbeat,-43
2026-09-20T15:17:53.823338+00:00,AP_01,dev_ac7b80880a1f3946,heartbeat,-50
2026-09-20T15:17:54.823338+00:00,AP_02,dev_bfa351d9deb65b50,heartbeat,-50
2026-09-20T15:17:54.823338+00:00,AP_03,dev_80d56b8303cd4403,heartbeat,-51
2026-09-20T15:17:56.823338+00:00,AP_03,dev_b3417cd8c6c08f19,heartbeat,-51
2026-09-20T15:17:56.823338+00:00,AP_02,dev_942144bd6b3fd842,heartbeat,-49
2026-09-20T15:17:57.823338+00:00,AP_01,dev_ba0ab9a640d8388b,heartbeat,-49
2026-09-20T15:17:57.823338+00:00,AP_01,dev_e96f8bdb2ce51760,heartbeat,-39
2026-09-20T15:17:58.823338+00:00,AP_02,dev_a9a77d30a2535eda,heartbeat,-48
2026-09-20T15:17:59.823338+00:00,AP_01,dev_a42ce750a950b6ed,heartbeat,-53
2026-09-20T15:17:59.823338+00:00,AP_03,dev_14710bbb669656eb,heartbeat,-45
2026-09-20T15:18:00.823338+00:00,AP_01,dev_bee12d3e1f271e83,heartbeat,-51
2026-09-20T15:18:01.823338+00:00,AP_01,dev_d5facb6e4cdd0f8d,heartbeat,-49
2026-09-20T15:18:01.823338+00:00,AP_02,dev_c8621d86e105ae2c,heartbeat,-53
2026-09-20T15:18:02.823338+00:00,AP_02,dev_e275ee8bb2c9833c,heartbeat,-53
2026-09-20T15:18:02.823338+00:00,AP_02,dev_3712f235b4616c4a,heartbeat,-53
2026-09-20T15:18:03.823338+00:00,AP_01,dev_dac9735c15d23598,heartbeat,-49
2026-09-20T15:18:04.823338+00:00,AP_01,dev_ef43c0dc8df3847e,heartbeat,-50
2026-09-20T15:18:04.823338+00:00,AP_03,dev_3b33fcd2e1d3f788,heartbeat,-45
2026-09-20T15:18:05.823338+00:00,AP_02,dev_35eea70824060c98,heartbeat,-51
2026-09-20T15:18:06.823338+00:00,AP_01,dev_570873d5e07620f7,heartbeat,-50
2026-09-20T15:18:06.823338+00:00,AP_01,dev_0e322e127a303cdd,heartbeat,-46
2026-09-20T15:18:06.823338+00:00,AP_01,dev_ec7f305d29851a5a,heartbeat,-53
2026-09-20T15:18:06.823338+00:00,AP_02,dev_1730e5aaa7a31ce6,heartbeat,-46
2026-09-20T15:18:07.823338+00:00,AP_02,dev_9ac7e0c7eb7246b5,heartbeat,-52
2026-09-20T15:18:08.823338+00:00,AP_01,dev_4d55811fcbb2d44b,heartbeat,-51
2026-09-20T15:18:08.823338+00:00,AP_02,dev_4463e93e128fb718,heartbeat,-48
2026-09-20T15:18:09.823338+00:00,AP_01,dev_0feb402657ab950a,heartbeat,-51
2026-09-20T15:18:09.823338+00:00,AP_02,dev_32123fce6801e287,heartbeat,-53
2026-09-20T15:18:09.823338+00:00,AP_02,dev_be01eb2e5060c2ba,heartbeat,-43
2026-09-20T15:18:11.823338+00:00,AP_01,dev_de09aa0b03e5957e,heartbeat,-49
2026-09-20T15:18:12.823338+00:00,AP_01,dev_39ef6cebfea41e12,heartbeat,-42
2026-09-20T15:18:12.823338+00:00,AP_02,dev_fd835430174d2b7e,heartbeat,-46
2026-09-20T15:18:12.823338+00:00,AP_02,dev_5cb49a89349d804a,heartbeat,-47
2026-09-20T15:18:14.823338+00:00,AP_01,dev_382017e48c0d09cb,heartbeat,-50
2026-09-20T15:18:14.823338+00:00,AP_02,dev_02af9fa92d40a9af,heartbeat,-54
2026-09-20T15:18:14.823338+00:00,AP_02,dev_cd0c870c9624e6f6,heartbeat,-50
2026-09-20T15:18:15.823338+00:00,AP_02,dev_36251f494ec5e4c4,heartbeat,-54
2026-09-20T15:18:16.823338+00:00,AP_01,dev_761dbfebee20a1b6,heartbeat,-45
2026-09-20T15:18:16.823338+00:00,AP_01,dev_0f3a5465c5be5029,heartbeat,-50
2026-09-20T15:18:16.823338+00:00,AP_02,dev_fda1e4d27c7ec351,heartbeat,-54
2026-09-20T15:18:17.823338+00:00,AP_01,dev_26be14216d4fd7c4,heartbeat,-49
2026-09-20T15:18:17.823338+00:00,AP_01,dev_78b7476e077c5c58,heartbeat,-52
2026-09-20T15:18:17.823338+00:00,AP_01,dev_b00c9275f41b488e,heartbeat,-52
2026-09-20T15:18:17.823338+00:00,AP_02,dev_bb34b21593bc8929,heartbeat,-49
2026-09-20T15:18:18.823338+00:00,AP_01,dev_46106d48bf350825,heartbeat,-54
2026-09-20T15:18:18.823338+00:00,AP_01,dev_4ec6910610b8ee21,heartbeat,-55
2026-09-20T15:18:18.823338+00:00,AP_02,dev_43e59eca12e9d77f,heartbeat,-58
2026-09-20T15:18:18.823338+00:00,AP_02,dev_09e69aaa959cdd44,heartbeat,-46
2026-09-20T15:18:19.823338+00:00,AP_02,dev_298b986404f77877,heartbeat,-48
2026-09-20T15:18:20.823338+00:00,AP_01,dev_adc0336ce46d9142,heartbeat,-46
2026-09-20T15:18:20.823338+00:00,AP_02,dev_95f1a30bee85ba16,heartbeat,-50
2026-09-20T15:18:21.823338+00:00,AP_01,dev_ac7b80880a1f3946,heartbeat,-56
2026-09-20T15:18:24.823338+00:00,AP_03,dev_172964ce995cefb5,heartbeat,-49
2026-09-20T15:18:25.823338+00:00,AP_02,dev_942144bd6b3fd842,heartbeat,-47
2026-09-20T15:18:26.823338+00:00,AP_01,dev_e96f8bdb2ce51760,heartbeat,-51
2026-09-20T15:18:26.823338+00:00,AP_03,dev_b3417cd8c6c08f19,heartbeat,-51
2026-09-20T15:18:26.823338+00:00,AP_03,dev_80d56b8303cd4403,heartbeat,-50
2026-09-20T15:18:27.823338+00:00,AP_02,dev_bfa351d9deb65b50,heartbeat,-54
2026-09-20T15:18:29.823338+00:00,AP_01,dev_ba0ab9a640d8388b,heartbeat,-53
2026-09-20T15:18:29.823338+00:00,AP_01,dev_bee12d3e1f271e83,heartbeat,-50
2026-09-20T15:18:30.823338+00:00,AP_02,dev_e275ee8bb2c9833c,heartbeat,-52
2026-09-20T15:18:30.823338+00:00,AP_02,dev_a9a77d30a2535eda,heartbeat,-50
2026-09-20T15:18:31.823338+00:00,AP_01,dev_d5facb6e4cdd0f8d,heartbeat,-47
2026-09-20T15:18:31.823338+00:00,AP_01,dev_a42ce750a950b6ed,heartbeat,-50
2026-09-20T15:18:31.823338+00:00,AP_03,dev_14710bbb669656eb,heartbeat,-53
2026-09-20T15:18:32.823338+00:00,AP_01,dev_ef43c0dc8df3847e,heartbeat,-52
2026-09-20T15:18:33.823338+00:00,AP_02,dev_c8621d86e105ae2c,heartbeat,-48
2026-09-20T15:18:33.823338+00:00,AP_02,dev_1730e5aaa7a31ce6,heartbeat,-47
2026-09-20T15:18:35.823338+00:00,AP_01,dev_4d55811fcbb2d44b,heartbeat,-46
2026-09-20T15:18:35.823338+00:00,AP_03,dev_3b33fcd2e1d3f788,heartbeat,-47
2026-09-20T15:18:35.823338+00:00,AP_01,dev_dac9735c15d23598,heartbeat,-48
2026-09-20T15:18:35.823338+00:00,AP_02,dev_3712f235b4616c4a,heartbeat,-52
2026-09-20T15:18:35.823338+00:00,AP_02,dev_9ac7e0c7eb7246b5,heartbeat,-48
2026-09-20T15:18:36.823338+00:00,AP_01,dev_ec7f305d29851a5a,heartbeat,-50
2026-09-20T15:18:37.823338+00:00,AP_02,dev_4463e93e128fb718,heartbeat,-44
2026-09-20T15:18:38.823338+00:00,AP_01,dev_570873d5e07620f7,heartbeat,-55
2026-09-20T15:18:38.823338+00:00,AP_02,dev_35eea70824060c98,heartbeat,-49
2026-09-20T15:18:39.823338+00:00,AP_01,dev_0e322e127a303cdd,heartbeat,-45
2026-09-20T15:18:39.823338+00:00,AP_01,dev_39ef6cebfea41e12,heartbeat,-48
2026-09-20T15:18:40.823338+00:00,AP_01,dev_0feb402657ab950a,heartbeat,-54
2026-09-20T15:18:40.823338+00:00,AP_02,dev_32123fce6801e287,heartbeat,-55
2026-09-20T15:18:41.823338+00:00,AP_02,dev_fd835430174d2b7e,heartbeat,-53
2026-09-20T15:18:41.823338+00:00,AP_02,dev_be01eb2e5060c2ba,heartbeat,-48
2026-09-20T15:18:42.823338+00:00,AP_02,dev_36251f494ec5e4c4,heartbeat,-50
2026-09-20T15:18:43.823338+00:00,AP_01,dev_0f3a5465c5be5029,heartbeat,-47
2026-09-20T15:18:43.823338+00:00,AP_02,dev_fda1e4d27c7ec351,heartbeat,-50
2026-09-20T15:18:44.823338+00:00,AP_01,dev_de09aa0b03e5957e,heartbeat,-50
2026-09-20T15:18:44.823338+00:00,AP_02,dev_5cb49a89349d804a,heartbeat,-46
2026-09-20T15:18:46.823338+00:00,AP_01,dev_761dbfebee20a1b6,heartbeat,-49
2026-09-20T15:18:46.823338+00:00,AP_02,dev_cd0c870c9624e6f6,heartbeat,-48
2026-09-20T15:18:47.823338+00:00,AP_01,dev_26be14216d4fd7c4,heartbeat,-47
2026-09-20T15:18:47.823338+00:00,AP_01,dev_382017e48c0d09cb,heartbeat,-49
2026-09-20T15:18:47.823338+00:00,AP_01,dev_46106d48bf350825,heartbeat,-45
2026-09-20T15:18:47.823338+00:00,AP_01,dev_78b7476e077c5c58,heartbeat,-45
2026-09-20T15:18:47.823338+00:00,AP_02,dev_02af9fa92d40a9af,heartbeat,-49
2026-09-20T15:18:47.823338+00:00,AP_02,dev_bb34b21593bc8929,heartbeat,-46
2026-09-20T15:18:47.823338+00:00,AP_02,dev_1730e5aaa7a31ce6,disconnect,-51
2026-09-20T15:18:48.823338+00:00,AP_01,dev_adc0336ce46d9142,heartbeat,-49
2026-09-20T15:18:49.823338+00:00,AP_01,dev_4ec6910610b8ee21,heartbeat,-47
2026-09-20T15:18:49.823338+00:00,AP_01,dev_b00c9275f41b488e,heartbeat,-50
2026-09-20T15:18:49.823338+00:00,AP_02,dev_43e59eca12e9d77f,heartbeat,-45
2026-09-20T15:18:51.823338+00:00,AP_02,dev_09e69aaa959cdd44,heartbeat,-51
2026-09-20T15:18:52.823338+00:00,AP_02,dev_298b986404f77877,heartbeat,-53
2026-09-20T15:18:53.823338+00:00,AP_02,dev_95f1a30bee85ba16,heartbeat,-48
2026-09-20T15:18:53.823338+00:00,AP_02,dev_942144bd6b3fd842,heartbeat,-47
2026-09-20T15:18:54.823338+00:00,AP_01,dev_e96f8bdb2ce51760,heartbeat,-53
2026-09-20T15:18:54.823338+00:00,AP_01,dev_ac7b80880a1f3946,heartbeat,-46
2026-09-20T15:18:54.823338+00:00,AP_03,dev_172964ce995cefb5,heartbeat,-52
2026-09-20T15:18:56.823338+00:00,AP_03,dev_80d56b8303cd4403,heartbeat,-47
2026-09-20T15:18:57.823338+00:00,AP_01,dev_ba0ab9a640d8388b,heartbeat,-48
2026-09-20T15:18:58.823338+00:00,AP_01,dev_a42ce750a950b6ed,heartbeat,-50
2026-09-20T15:18:58.823338+00:00,AP_03,dev_b3417cd8c6c08f19,heartbeat,-47
2026-09-20T15:18:58.823338+00:00,AP_03,dev_14710bbb669656eb,heartbeat,-46
2026-09-20T15:18:59.823338+00:00,AP_02,dev_bfa351d9deb65b50,heartbeat,-45
2026-09-20T15:19:00.823338+00:00,AP_01,dev_ef43c0dc8df3847e,heartbeat,-54
2026-09-20T15:19:02.823338+00:00,AP_01,dev_bee12d3e1f271e83,heartbeat,-53
2026-09-20T15:19:02.823338+00:00,AP_02,dev_3712f235b4616c4a,heartbeat,-45
2026-09-20T15:19:02.823338+00:00,AP_02,dev_a9a77d30a2535eda,heartbeat,-48
2026-09-20T15:19:03.823338+00:00,AP_02,dev_e275ee8bb2c9833c,heartbeat,-47
2026-09-20T15:19:04.823338+00:00,AP_01,dev_dac9735c15d23598,heartbeat,-46
2026-09-20T15:19:04.823338+00:00,AP_01,dev_d5facb6e4cdd0f8d,heartbeat,-47
2026-09-20T15:19:04.823338+00:00,AP_02,dev_c8621d86e105ae2c,heartbeat,-45
2026-09-20T15:19:05.823338+00:00,AP_01,dev_4d55811fcbb2d44b,heartbeat,-48
2026-09-20T15:19:07.823338+00:00,AP_03,dev_3b33fcd2e1d3f788,heartbeat,-45
2026-09-20T15:19:07.823338+00:00,AP_01,dev_570873d5e07620f7,heartbeat,-50
2026-09-20T15:19:07.823338+00:00,AP_01,dev_ec7f305d29851a5a,heartbeat,-46
2026-09-20T15:19:07.823338+00:00,AP_02,dev_4463e93e128fb718,heartbeat,-50
2026-09-20T15:19:07.823338+00:00,AP_02,dev_9ac7e0c7eb7246b5,heartbeat,-53
2026-09-20T15:19:08.823338+00:00,AP_01,dev_0e322e127a303cdd,heartbeat,-52
2026-09-20T15:19:08.823338+00:00,AP_01,dev_39ef6cebfea41e12,heartbeat,-52
2026-09-20T15:19:08.823338+00:00,AP_02,dev_fd835430174d2b7e,heartbeat,-49
2026-09-20T15:19:09.823338+00:00,AP_01,dev_0feb402657ab950a,heartbeat,-46
2026-09-20T15:19:09.823338+00:00,AP_02,dev_35eea70824060c98,heartbeat,-46
2026-09-20T15:19:09.823338+00:00,AP_02,dev_32123fce6801e287,heartbeat,-44
2026-09-20T15:19:10.823338+00:00,AP_02,dev_be01eb2e5060c2ba,heartbeat,-47
2026-09-20T15:19:12.823338+00:00,AP_01,dev_de09aa0b03e5957e,heartbeat,-47
2026-09-20T15:19:12.823338+00:00,AP_02,dev_36251f494ec5e4c4,heartbeat,-48
2026-09-20T15:19:12.823338+00:00,AP_02,dev_5cb49a89349d804a,heartbeat,-49
2026-09-20T15:19:13.823338+00:00,AP_01,dev_0f3a5465c5be5029,heartbeat,-51
2026-09-20T15:19:13.823338+00:00,AP_02,dev_fda1e4d27c7ec351,heartbeat,-43
2026-09-20T15:19:14.823338+00:00,AP_01,dev_78b7476e077c5c58,heartbeat,-46
2026-09-20T15:19:15.823338+00:00,AP_01,dev_382017e48c0d09cb,heartbeat,-51
2026-09-20T15:19:16.823338+00:00,AP_02,dev_43e59eca12e9d77f,heartbeat,-45
2026-09-20T15:19:17.823338+00:00,AP_01,dev_4ec6910610b8ee21,heartbeat,-50
2026-09-20T15:19:18.823338+00:00,AP_01,dev_26be14216d4fd7c4,heartbeat,-54
2026-09-20T15:19:18.823338+00:00,AP_01,dev_adc0336ce46d9142,heartbeat,-49
2026-09-20T15:19:18.823338+00:00,AP_02,dev_cd0c870c9624e6f6,heartbeat,-51
2026-09-20T15:19:18.823338+00:00,AP_02,dev_bb34b21593bc8929,heartbeat,-51
2026-09-20T15:19:19.823338+00:00,AP_01,dev_761dbfebee20a1b6,heartbeat,-51
2026-09-20T15:19:20.823338+00:00,AP_01,dev_46106d48bf350825,heartbeat,-53
2026-09-20T15:19:20.823338+00:00,AP_02,dev_02af9fa92d40a9af,heartbeat,-51
2026-09-20T15:19:20.823338+00:00,AP_02,dev_09e69aaa959cdd44,heartbeat,-50
2026-09-20T15:19:21.823338+00:00,AP_01,dev_b00c9275f41b488e,heartbeat,-44
2026-09-20T15:19:21.823338+00:00,AP_02,dev_298b986404f77877,heartbeat,-41
2026-09-20T15:19:22.823338+00:00,AP_02,dev_942144bd6b3fd842,heartbeat,-49
2026-09-20T15:19:24.823338+00:00,AP_02,dev_95f1a30bee85ba16,heartbeat,-53
2026-09-20T15:19:24.823338+00:00,AP_03,dev_172964ce995cefb5,heartbeat,-50
2026-09-20T15:19:24.823338+00:00,AP_03,dev_80d56b8303cd4403,heartbeat,-49
2026-09-20T15:19:26.823338+00:00,AP_01,dev_e96f8bdb2ce51760,heartbeat,-54
2026-09-20T15:19:26.823338+00:00,AP_01,dev_ac7b80880a1f3946,heartbeat,-46
2026-09-20T15:19:26.823338+00:00,AP_03,dev_b3417cd8c6c08f19,heartbeat,-47
2026-09-20T15:19:27.823338+00:00,AP_01,dev_ef43c0dc8df3847e,heartbeat,-51
2026-09-20T15:19:28.823338+00:00,AP_02,dev_bfa351d9deb65b50,heartbeat,-54
2026-09-20T15:19:28.823338+00:00,AP_03,dev_14710bbb669656eb,heartbeat,-49
2026-09-20T15:19:29.823338+00:00,AP_01,dev_a42ce750a950b6ed,heartbeat,-49
2026-09-20T15:19:30.823338+00:00,AP_01,dev_ba0ab9a640d8388b,heartbeat,-52
2026-09-20T15:19:32.823338+00:00,AP_01,dev_4d55811fcbb2d44b,heartbeat,-52
2026-09-20T15:19:32.823338+00:00,AP_01,dev_dac9735c15d23598,heartbeat,-54
2026-09-20T15:19:33.823338+00:00,AP_02,dev_3712f235b4616c4a,heartbeat,-47
2026-09-20T15:19:33.823338+00:00,AP_02,dev_c8621d86e105ae2c,heartbeat,-44
2026-09-20T15:19:33.823338+00:00,AP_02,dev_a9a77d30a2535eda,heartbeat,-50
2026-09-20T15:19:34.823338+00:00,AP_01,dev_bee12d3e1f271e83,heartbeat,-50
2026-09-20T15:19:34.823338+00:00,AP_01,dev_d5facb6e4cdd0f8d,heartbeat,-51
2026-09-20T15:19:34.823338+00:00,AP_02,dev_9ac7e0c7eb7246b5,heartbeat,-55
2026-09-20T15:19:35.823338+00:00,AP_03,dev_3b33fcd2e1d3f788,heartbeat,-50
2026-09-20T15:19:35.823338+00:00,AP_01,dev_570873d5e07620f7,heartbeat,-47
2026-09-20T15:19:36.823338+00:00,AP_01,dev_39ef6cebfea41e12,heartbeat,-50
2026-09-20T15:19:36.823338+00:00,AP_02,dev_e275ee8bb2c9833c,heartbeat,-51
2026-09-20T15:19:37.823338+00:00,AP_02,dev_fd835430174d2b7e,heartbeat,-44
2026-09-20T15:19:37.823338+00:00,AP_02,dev_35eea70824060c98,heartbeat,-54
2026-09-20T15:19:37.823338+00:00,AP_02,dev_be01eb2e5060c2ba,heartbeat,-52
2026-09-20T15:19:38.823338+00:00,AP_01,dev_0e322e127a303cdd,heartbeat,-52
2026-09-20T15:19:38.823338+00:00,AP_02,dev_32123fce6801e287,heartbeat,-53
2026-09-20T15:19:39.823338+00:00,AP_02,dev_4463e93e128fb718,heartbeat,-49
2026-09-20T15:19:40.823338+00:00,AP_01,dev_0f3a5465c5be5029,heartbeat,-54
2026-09-20T15:19:40.823338+00:00,AP_01,dev_de09aa0b03e5957e,heartbeat,-47
2026-09-20T15:19:40.823338+00:00,AP_01,dev_ec7f305d29851a5a,heartbeat,-45
2026-09-20T15:19:40.823338+00:00,AP_01,dev_0feb402657ab950a,heartbeat,-46
2026-09-20T15:19:41.823338+00:00,AP_02,dev_5cb49a89349d804a,heartbeat,-50
2026-09-20T15:19:42.823338+00:00,AP_02,dev_36251f494ec5e4c4,heartbeat,-54
2026-09-20T15:19:43.823338+00:00,AP_01,dev_382017e48c0d09cb,heartbeat,-47
2026-09-20T15:19:43.823338+00:00,AP_02,dev_fda1e4d27c7ec351,heartbeat,-49
2026-09-20T15:19:44.823338+00:00,AP_01,dev_78b7476e077c5c58,heartbeat,-45
2026-09-20T15:19:47.823338+00:00,AP_02,dev_43e59eca12e9d77f,heartbeat,-51
2026-09-20T15:19:48.823338+00:00,AP_01,dev_26be14216d4fd7c4,heartbeat,-53
2026-09-20T15:19:48.823338+00:00,AP_02,dev_09e69aaa959cdd44,heartbeat,-52
2026-09-20T15:19:49.823338+00:00,AP_01,dev_761dbfebee20a1b6,heartbeat,-50
2026-09-20T15:19:49.823338+00:00,AP_01,dev_adc0336ce46d9142,heartbeat,-48
2026-09-20T15:19:49.823338+00:00,AP_02,dev_942144bd6b3fd842,heartbeat,-44
2026-09-20T15:19:50.823338+00:00,AP_01,dev_4ec6910610b8ee21,heartbeat,-46
2026-09-20T15:19:51.823338+00:00,AP_01,dev_46106d48bf350825,heartbeat,-53
2026-09-20T15:19:51.823338+00:00,AP_02,dev_02af9fa92d40a9af,heartbeat,-49
2026-09-20T15:19:51.823338+00:00,AP_02,dev_cd0c870c9624e6f6,heartbeat,-51
2026-09-20T15:19:51.823338+00:00,AP_02,dev_bb34b21593bc8929,heartbeat,-50
2026-09-20T15:19:52.823338+00:00,AP_02,dev_298b986404f77877,heartbeat,-47
2026-09-20T15:19:53.823338+00:00,AP_02,dev_95f1a30bee85ba16,heartbeat,-48
2026-09-20T15:19:54.823338+00:00,AP_01,dev_b00c9275f41b488e,heartbeat,-51
2026-09-20T15:19:54.823338+00:00,AP_03,dev_172964ce995cefb5,heartbeat,-54
2026-09-20T15:19:55.823338+00:00,AP_03,dev_b3417cd8c6c08f19,heartbeat,-55
2026-09-20T15:19:56.823338+00:00,AP_01,dev_ef43c0dc8df3847e,heartbeat,-46
2026-09-20T15:19:57.823338+00:00,AP_01,dev_ba0ab9a640d8388b,heartbeat,-41
2026-09-20T15:19:57.823338+00:00,AP_01,dev_e96f8bdb2ce51760,heartbeat,-46
2026-09-20T15:19:57.823338+00:00,AP_03,dev_14710bbb669656eb,heartbeat,-46
2026-09-20T15:19:57.823338+00:00,AP_03,dev_80d56b8303cd4403,heartbeat,-47
2026-09-20T15:19:58.823338+00:00,AP_01,dev_ac7b80880a1f3946,heartbeat,-54
2026-09-20T15:19:58.823338+00:00,AP_01,dev_a42ce750a950b6ed,heartbeat,-48
2026-09-20T15:20:00.823338+00:00,AP_02,dev_c8621d86e105ae2c,heartbeat,-47
2026-09-20T15:20:01.823338+00:00,AP_02,dev_bfa351d9deb65b50,heartbeat,-44
2026-09-20T15:20:02.823338+00:00,AP_01,dev_570873d5e07620f7,heartbeat,-49
2026-09-20T15:20:02.823338+00:00,AP_01,dev_dac9735c15d23598,heartbeat,-50
2026-09-20T15:20:03.823338+00:00,AP_03,dev_3b33fcd2e1d3f788,heartbeat,-54
2026-09-20T15:20:03.823338+00:00,AP_01,dev_39ef6cebfea41e12,heartbeat,-47
2026-09-20T15:20:03.823338+00:00,AP_02,dev_3712f235b4616c4a,heartbeat,-44
2026-09-20T15:20:04.823338+00:00,AP_01,dev_bee12d3e1f271e83,heartbeat,-52
2026-09-20T15:20:04.823338+00:00,AP_02,dev_be01eb2e5060c2ba,heartbeat,-46
2026-09-20T15:20:05.823338+00:00,AP_01,dev_4d55811fcbb2d44b,heartbeat,-49
2026-09-20T15:20:05.823338+00:00,AP_02,dev_a9a77d30a2535eda,heartbeat,-47
2026-09-20T15:20:05.823338+00:00,AP_02,dev_32123fce6801e287,heartbeat,-49
2026-09-20T15:20:06.823338+00:00,AP_01,dev_d5facb6e4cdd0f8d,heartbeat,-50
2026-09-20T15:20:06.823338+00:00,AP_02,dev_4463e93e128fb718,heartbeat,-48
2026-09-20T15:20:06.823338+00:00,AP_02,dev_9ac7e0c7eb7246b5,heartbeat,-53
2026-09-20T15:20:07.823338+00:00,AP_01,dev_0e322e127a303cdd,heartbeat,-50
2026-09-20T15:20:07.823338+00:00,AP_02,dev_e275ee8bb2c9833c,heartbeat,-52
2026-09-20T15:20:08.823338+00:00,AP_02,dev_5cb49a89349d804a,heartbeat,-50
2026-09-20T15:20:09.823338+00:00,AP_01,dev_0feb402657ab950a,heartbeat,-44
2026-09-20T15:20:09.823338+00:00,AP_02,dev_fd835430174d2b7e,heartbeat,-52
2026-09-20T15:20:10.823338+00:00,AP_01,dev_de09aa0b03e5957e,heartbeat,-47
2026-09-20T15:20:10.823338+00:00,AP_01,dev_ec7f305d29851a5a,heartbeat,-53
2026-09-20T15:20:10.823338+00:00,AP_02,dev_35eea70824060c98,heartbeat,-45
2026-09-20T15:20:11.823338+00:00,AP_02,dev_fda1e4d27c7ec351,heartbeat,-50
2026-09-20T15:20:11.823338+00:00,AP_02,dev_36251f494ec5e4c4,heartbeat,-49
2026-09-20T15:20:12.823338+00:00,AP_01,dev_0f3a5465c5be5029,heartbeat,-47
2026-09-20T15:20:12.823338+00:00,AP_01,dev_78b7476e077c5c58,heartbeat,-49
2026-09-20T15:20:15.823338+00:00,AP_01,dev_382017e48c0d09cb,heartbeat,-55
2026-09-20T15:20:16.823338+00:00,AP_01,dev_adc0336ce46d9142,heartbeat,-51
2026-09-20T15:20:18.823338+00:00,AP_01,dev_761dbfebee20a1b6,heartbeat,-49
2026-09-20T15:20:18.823338+00:00,AP_02,dev_cd0c870c9624e6f6,heartbeat,-45
2026-09-20T15:20:18.823338+00:00,AP_02,dev_43e59eca12e9d77f,heartbeat,-53
2026-09-20T15:20:18.823338+00:00,AP_02,dev_09e69aaa959cdd44,heartbeat,-51
2026-09-20T15:20:19.823338+00:00,AP_01,dev_26be14216d4fd7c4,heartbeat,-48
2026-09-20T15:20:19.823338+00:00,AP_01,dev_4ec6910610b8ee21,heartbeat,-51
2026-09-20T15:20:20.823338+00:00,AP_02,dev_95f1a30bee85ba16,heartbeat,-44
2026-09-20T15:20:22.823338+00:00,AP_02,dev_298b986404f77877,heartbeat,-52
2026-09-20T15:20:22.823338+00:00,AP_02,dev_942144bd6b3fd842,heartbeat,-54
2026-09-20T15:20:23.823338+00:00,AP_01,dev_46106d48bf350825,heartbeat,-49
2026-09-20T15:20:23.823338+00:00,AP_02,dev_02af9fa92d40a9af,heartbeat,-48
2026-09-20T15:20:23.823338+00:00,AP_02,dev_bb34b21593bc8929,heartbeat,-60
2026-09-20T15:20:24.823338+00:00,AP_01,dev_b00c9275f41b488e,heartbeat,-50
2026-09-20T15:20:25.823338+00:00,AP_01,dev_ba0ab9a640d8388b,heartbeat,-45
2026-09-20T15:20:25.823338+00:00,AP_03,dev_14710bbb669656eb,heartbeat,-47
2026-09-20T15:20:25.823338+00:00,AP_03,dev_80d56b8303cd4403,heartbeat,-53
2026-09-20T15:20:26.823338+00:00,AP_03,dev_b3417cd8c6c08f19,heartbeat,-50
2026-09-20T15:20:26.823338+00:00,AP_03,dev_172964ce995cefb5,heartbeat,-48
2026-09-20T15:20:27.823338+00:00,AP_01,dev_ef43c0dc8df3847e,heartbeat,-49
2026-09-20T15:20:27.823338+00:00,AP_01,dev_ac7b80880a1f3946,heartbeat,-48
2026-09-20T15:20:27.823338+00:00,AP_01,dev_a42ce750a950b6ed,heartbeat,-55
2026-09-20T15:20:28.823338+00:00,AP_01,dev_e96f8bdb2ce51760,heartbeat,-46
2026-09-20T15:20:30.823338+00:00,AP_01,dev_39ef6cebfea41e12,heartbeat,-51
2026-09-20T15:20:30.823338+00:00,AP_02,dev_c8621d86e105ae2c,heartbeat,-50
2026-09-20T15:20:31.823338+00:00,AP_01,dev_570873d5e07620f7,heartbeat,-50
2026-09-20T15:20:32.823338+00:00,AP_02,dev_a9a77d30a2535eda,heartbeat,-53
2026-09-20T15:20:32.823338+00:00,AP_02,dev_be01eb2e5060c2ba,heartbeat,-47
2026-09-20T15:20:33.823338+00:00,AP_02,dev_bfa351d9deb65b50,heartbeat,-52
2026-09-20T15:20:34.823338+00:00,AP_02,dev_32123fce6801e287,heartbeat,-53
2026-09-20T15:20:35.823338+00:00,AP_03,dev_3b33fcd2e1d3f788,heartbeat,-50
2026-09-20T15:20:35.823338+00:00,AP_01,dev_0e322e127a303cdd,heartbeat,-52
2026-09-20T15:20:35.823338+00:00,AP_01,dev_dac9735c15d23598,heartbeat,-48
2026-09-20T15:20:35.823338+00:00,AP_01,dev_d5facb6e4cdd0f8d,heartbeat,-48
2026-09-20T15:20:35.823338+00:00,AP_02,dev_3712f235b4616c4a,heartbeat,-52
2026-09-20T15:20:36.823338+00:00,AP_01,dev_bee12d3e1f271e83,heartbeat,-47
2026-09-20T15:20:36.823338+00:00,AP_02,dev_e275ee8bb2c9833c,heartbeat,-47
2026-09-20T15:20:37.823338+00:00,AP_01,dev_4d55811fcbb2d44b,heartbeat,-48
2026-09-20T15:20:37.823338+00:00,AP_01,dev_0feb402657ab950a,heartbeat,-54
2026-09-20T15:20:37.823338+00:00,AP_02,dev_9ac7e0c7eb7246b5,heartbeat,-49
2026-09-20T15:20:38.823338+00:00,AP_02,dev_4463e93e128fb718,heartbeat,-46
2026-09-20T15:20:38.823338+00:00,AP_02,dev_36251f494ec5e4c4,heartbeat,-47
2026-09-20T15:20:38.823338+00:00,AP_02,dev_fd835430174d2b7e,heartbeat,-46
2026-09-20T15:20:39.823338+00:00,AP_02,dev_fda1e4d27c7ec351,heartbeat,-54
2026-09-20T15:20:39.823338+00:00,AP_02,dev_5cb49a89349d804a,heartbeat,-55
2026-09-20T15:20:40.823338+00:00,AP_01,dev_78b7476e077c5c58,heartbeat,-53
2026-09-20T15:20:41.823338+00:00,AP_01,dev_de09aa0b03e5957e,heartbeat,-46
2026-09-20T15:20:42.823338+00:00,AP_01,dev_ec7f305d29851a5a,heartbeat,-47
2026-09-20T15:20:42.823338+00:00,AP_02,dev_35eea70824060c98,heartbeat,-53
2026-09-20T15:20:43.823338+00:00,AP_01,dev_adc0336ce46d9142,heartbeat,-50
2026-09-20T15:20:44.823338+00:00,AP_01,dev_0f3a5465c5be5029,heartbeat,-51
2026-09-20T15:20:45.823338+00:00,AP_01,dev_761dbfebee20a1b6,heartbeat,-47
2026-09-20T15:20:47.823338+00:00,AP_01,dev_4ec6910610b8ee21,heartbeat,-52
2026-09-20T15:20:47.823338+00:00,AP_02,dev_3712f235b4616c4a,disconnect,-47
2026-09-20T15:20:47.823338+00:00,AP_02,dev_35eea70824060c98,disconnect,-47
2026-09-20T15:20:48.823338+00:00,AP_01,dev_382017e48c0d09cb,heartbeat,-52
2026-09-20T15:20:49.823338+00:00,AP_02,dev_43e59eca12e9d77f,heartbeat,-46
2026-09-20T15:20:49.823338+00:00,AP_02,dev_09e69aaa959cdd44,heartbeat,-51
2026-09-20T15:20:50.823338+00:00,AP_02,dev_cd0c870c9624e6f6,heartbeat,-45
2026-09-20T15:20:51.823338+00:00,AP_01,dev_26be14216d4fd7c4,heartbeat,-49
2026-09-20T15:20:52.823338+00:00,AP_02,dev_95f1a30bee85ba16,heartbeat,-52
2026-09-20T15:20:52.823338+00:00,AP_03,dev_14710bbb669656eb,heartbeat,-52
2026-09-20T15:20:53.823338+00:00,AP_02,dev_02af9fa92d40a9af,heartbeat,-51
2026-09-20T15:20:53.823338+00:00,AP_02,dev_298b986404f77877,heartbeat,-46
2026-09-20T15:20:53.823338+00:00,AP_02,dev_bb34b21593bc8929,heartbeat,-49
2026-09-20T15:20:53.823338+00:00,AP_02,dev_942144bd6b3fd842,heartbeat,-56
2026-09-20T15:20:54.823338+00:00,AP_01,dev_ba0ab9a640d8388b,heartbeat,-48
2026-09-20T15:20:54.823338+00:00,AP_01,dev_ef43c0dc8df3847e,heartbeat,-48
2026-09-20T15:20:54.823338+00:00,AP_01,dev_46106d48bf350825,heartbeat,-46
2026-09-20T15:20:55.823338+00:00,AP_01,dev_ac7b80880a1f3946,heartbeat,-47
2026-09-20T15:20:55.823338+00:00,AP_03,dev_80d56b8303cd4403,heartbeat,-51
2026-09-20T15:20:56.823338+00:00,AP_01,dev_e96f8bdb2ce51760,heartbeat,-52
2026-09-20T15:20:56.823338+00:00,AP_01,dev_b00c9275f41b488e,heartbeat,-52
2026-09-20T15:20:57.823338+00:00,AP_01,dev_39ef6cebfea41e12,heartbeat,-47
2026-09-20T15:20:58.823338+00:00,AP_01,dev_a42ce750a950b6ed,heartbeat,-48
2026-09-20T15:20:58.823338+00:00,AP_03,dev_b3417cd8c6c08f19,heartbeat,-51
2026-09-20T15:20:58.823338+00:00,AP_03,dev_172964ce995cefb5,heartbeat,-56
2026-09-20T15:20:59.823338+00:00,AP_01,dev_570873d5e07620f7,heartbeat,-47
2026-09-20T15:21:01.823338+00:00,AP_02,dev_bfa351d9deb65b50,heartbeat,-49
2026-09-20T15:21:01.823338+00:00,AP_02,dev_c8621d86e105ae2c,heartbeat,-48
2026-09-20T15:21:02.823338+00:00,AP_03,dev_3b33fcd2e1d3f788,heartbeat,-44
2026-09-20T15:21:02.823338+00:00,AP_01,dev_d5facb6e4cdd0f8d,heartbeat,-53
2026-09-20T15:21:02.823338+00:00,AP_02,dev_be01eb2e5060c2ba,heartbeat,-53
2026-09-20T15:21:03.823338+00:00,AP_02,dev_e275ee8bb2c9833c,heartbeat,-53
2026-09-20T15:21:04.823338+00:00,AP_01,dev_0e322e127a303cdd,heartbeat,-46
2026-09-20T15:21:04.823338+00:00,AP_02,dev_a9a77d30a2535eda,heartbeat,-47
2026-09-20T15:21:05.823338+00:00,AP_02,dev_32123fce6801e287,heartbeat,-44
2026-09-20T15:21:06.823338+00:00,AP_01,dev_bee12d3e1f271e83,heartbeat,-53
2026-09-20T15:21:06.823338+00:00,AP_01,dev_dac9735c15d23598,heartbeat,-40
2026-09-20T15:21:06.823338+00:00,AP_01,dev_0feb402657ab950a,heartbeat,-51
2026-09-20T15:21:06.823338+00:00,AP_02,dev_fd835430174d2b7e,heartbeat,-45
2026-09-20T15:21:07.823338+00:00,AP_02,dev_4463e93e128fb718,heartbeat,-48
2026-09-20T15:21:07.823338+00:00,AP_02,dev_9ac7e0c7eb7246b5,heartbeat,-51
2026-09-20T15:21:07.823338+00:00,AP_02,dev_fda1e4d27c7ec351,heartbeat,-52
2026-09-20T15:21:07.823338+00:00,AP_02,dev_5cb49a89349d804a,heartbeat,-51
2026-09-20T15:21:08.823338+00:00,AP_01,dev_4d55811fcbb2d44b,heartbeat,-50
2026-09-20T15:21:09.823338+00:00,AP_02,dev_36251f494ec5e4c4,heartbeat,-51
2026-09-20T15:21:10.823338+00:00,AP_01,dev_78b7476e077c5c58,heartbeat,-51
2026-09-20T15:21:12.823338+00:00,AP_01,dev_0f3a5465c5be5029,heartbeat,-52
2026-09-20T15:21:14.823338+00:00,AP_01,dev_de09aa0b03e5957e,heartbeat,-48
2026-09-20T15:21:15.823338+00:00,AP_01,dev_761dbfebee20a1b6,heartbeat,-47
2026-09-20T15:21:15.823338+00:00,AP_01,dev_ec7f305d29851a5a,heartbeat,-53
2026-09-20T15:21:15.823338+00:00,AP_01,dev_adc0336ce46d9142,heartbeat,-49
2026-09-20T15:21:16.823338+00:00,AP_01,dev_4ec6910610b8ee21,heartbeat,-47
2026-09-20T15:21:17.823338+00:00,AP_01,dev_382017e48c0d09cb,heartbeat,-49
2026-09-20T15:21:20.823338+00:00,AP_02,dev_95f1a30bee85ba16,heartbeat,-54
2026-09-20T15:21:20.823338+00:00,AP_02,dev_09e69aaa959cdd44,heartbeat,-53
2026-09-20T15:21:21.823338+00:00,AP_01,dev_ef43c0dc8df3847e,heartbeat,-49
2026-09-20T15:21:21.823338+00:00,AP_02,dev_cd0c870c9624e6f6,heartbeat,-50
2026-09-20T15:21:21.823338+00:00,AP_02,dev_43e59eca12e9d77f,heartbeat,-50
2026-09-20T15:21:21.823338+00:00,AP_03,dev_14710bbb669656eb,heartbeat,-52
2026-09-20T15:21:22.823338+00:00,AP_01,dev_ac7b80880a1f3946,heartbeat,-53
2026-09-20T15:21:23.823338+00:00,AP_01,dev_46106d48bf350825,heartbeat,-52
2026-09-20T15:21:23.823338+00:00,AP_02,dev_02af9fa92d40a9af,heartbeat,-41
2026-09-20T15:21:23.823338+00:00,AP_02,dev_298b986404f77877,heartbeat,-47
2026-09-20T15:21:23.823338+00:00,AP_02,dev_bb34b21593bc8929,heartbeat,-48
2026-09-20T15:21:24.823338+00:00,AP_01,dev_26be14216d4fd7c4,heartbeat,-52
2026-09-20T15:21:25.823338+00:00,AP_01,dev_ba0ab9a640d8388b,heartbeat,-52
2026-09-20T15:21:25.823338+00:00,AP_01,dev_b00c9275f41b488e,heartbeat,-48
2026-09-20T15:21:25.823338+00:00,AP_02,dev_942144bd6b3fd842,heartbeat,-56
2026-09-20T15:21:26.823338+00:00,AP_03,dev_80d56b8303cd4403,heartbeat,-46
2026-09-20T15:21:27.823338+00:00,AP_01,dev_570873d5e07620f7,heartbeat,-48
2026-09-20T15:21:27.823338+00:00,AP_01,dev_39ef6cebfea41e12,heartbeat,-54
2026-09-20T15:21:27.823338+00:00,AP_01,dev_a42ce750a950b6ed,heartbeat,-47
2026-09-20T15:21:27.823338+00:00,AP_03,dev_b3417cd8c6c08f19,heartbeat,-48
2026-09-20T15:21:29.823338+00:00,AP_01,dev_e96f8bdb2ce51760,heartbeat,-51
2026-09-20T15:21:29.823338+00:00,AP_01,dev_d5facb6e4cdd0f8d,heartbeat,-53
2026-09-20T15:21:29.823338+00:00,AP_02,dev_be01eb2e5060c2ba,heartbeat,-49
2026-09-20T15:21:29.823338+00:00,AP_03,dev_172964ce995cefb5,heartbeat,-54
2026-09-20T15:21:30.823338+00:00,AP_02,dev_bfa351d9deb65b50,heartbeat,-47
2026-09-20T15:21:32.823338+00:00,AP_02,dev_c8621d86e105ae2c,heartbeat,-56
2026-09-20T15:21:33.823338+00:00,AP_03,dev_3b33fcd2e1d3f788,heartbeat,-52
2026-09-20T15:21:33.823338+00:00,AP_01,dev_dac9735c15d23598,heartbeat,-46
2026-09-20T15:21:34.823338+00:00,AP_01,dev_0feb402657ab950a,heartbeat,-47
2026-09-20T15:21:35.823338+00:00,AP_01,dev_bee12d3e1f271e83,heartbeat,-50
2026-09-20T15:21:35.823338+00:00,AP_01,dev_0e322e127a303cdd,heartbeat,-46
2026-09-20T15:21:35.823338+00:00,AP_02,dev_e275ee8bb2c9833c,heartbeat,-51
2026-09-20T15:21:35.823338+00:00,AP_02,dev_fd835430174d2b7e,heartbeat,-46
2026-09-20T15:21:35.823338+00:00,AP_02,dev_a9a77d30a2535eda,heartbeat,-48
2026-09-20T15:21:36.823338+00:00,AP_01,dev_4d55811fcbb2d44b,heartbeat,-43
2026-09-20T15:21:37.823338+00:00,AP_02,dev_32123fce6801e287,heartbeat,-54
2026-09-20T15:21:37.823338+00:00,AP_02,dev_5cb49a89349d804a,heartbeat,-49
2026-09-20T15:21:38.823338+00:00,AP_02,dev_fda1e4d27c7ec351,heartbeat,-52
2026-09-20T15:21:39.823338+00:00,AP_02,dev_9ac7e0c7eb7246b5,heartbeat,-49
2026-09-20T15:21:40.823338+00:00,AP_02,dev_4463e93e128fb718,heartbeat,-44
2026-09-20T15:21:40.823338+00:00,AP_02,dev_36251f494ec5e4c4,heartbeat,-51
2026-09-20T15:21:41.823338+00:00,AP_01,dev_78b7476e077c5c58,heartbeat,-54
2026-09-20T15:21:42.823338+00:00,AP_01,dev_de09aa0b03e5957e,heartbeat,-51
2026-09-20T15:21:43.823338+00:00,AP_01,dev_761dbfebee20a1b6,heartbeat,-51
2026-09-20T15:21:43.823338+00:00,AP_01,dev_0f3a5465c5be5029,heartbeat,-47
2026-09-20T15:21:43.823338+00:00,AP_01,dev_ec7f305d29851a5a,heartbeat,-52
2026-09-20T15:21:45.823338+00:00,AP_01,dev_adc0336ce46d9142,heartbeat,-54
2026-09-20T15:21:46.823338+00:00,AP_01,dev_4ec6910610b8ee21,heartbeat,-48
2026-09-20T15:21:47.823338+00:00,AP_01,dev_382017e48c0d09cb,heartbeat,-43
2026-09-20T15:21:49.823338+00:00,AP_02,dev_95f1a30bee85ba16,heartbeat,-52
2026-09-20T15:21:49.823338+00:00,AP_02,dev_43e59eca12e9d77f,heartbeat,-54
2026-09-20T15:21:50.823338+00:00,AP_01,dev_46106d48bf350825,heartbeat,-53
2026-09-20T15:21:50.823338+00:00,AP_02,dev_09e69aaa959cdd44,heartbeat,-51
2026-09-20T15:21:50.823338+00:00,AP_03,dev_14710bbb669656eb,heartbeat,-47
2026-09-20T15:21:52.823338+00:00,AP_01,dev_ef43c0dc8df3847e,heartbeat,-47
2026-09-20T15:21:52.823338+00:00,AP_01,dev_26be14216d4fd7c4,heartbeat,-47
2026-09-20T15:21:52.823338+00:00,AP_02,dev_cd0c870c9624e6f6,heartbeat,-45
2026-09-20T15:21:52.823338+00:00,AP_02,dev_bb34b21593bc8929,heartbeat,-52
2026-09-20T15:21:53.823338+00:00,AP_02,dev_02af9fa92d40a9af,heartbeat,-47
2026-09-20T15:21:53.823338+00:00,AP_02,dev_298b986404f77877,heartbeat,-53
2026-09-20T15:21:54.823338+00:00,AP_02,dev_942144bd6b3fd842,heartbeat,-53
2026-09-20T15:21:55.823338+00:00,AP_01,dev_ac7b80880a1f3946,heartbeat,-46
2026-09-20T15:21:56.823338+00:00,AP_01,dev_570873d5e07620f7,heartbeat,-47
2026-09-20T15:21:56.823338+00:00,AP_01,dev_b00c9275f41b488e,heartbeat,-49
2026-09-20T15:21:56.823338+00:00,AP_03,dev_80d56b8303cd4403,heartbeat,-51
2026-09-20T15:21:57.823338+00:00,AP_01,dev_ba0ab9a640d8388b,heartbeat,-50
2026-09-20T15:21:57.823338+00:00,AP_01,dev_e96f8bdb2ce51760,heartbeat,-51
2026-09-20T15:21:58.823338+00:00,AP_01,dev_d5facb6e4cdd0f8d,heartbeat,-55
2026-09-20T15:21:59.823338+00:00,AP_01,dev_a42ce750a950b6ed,heartbeat,-53
2026-09-20T15:21:59.823338+00:00,AP_02,dev_c8621d86e105ae2c,heartbeat,-47
2026-09-20T15:21:59.823338+00:00,AP_03,dev_b3417cd8c6c08f19,heartbeat,-51
2026-09-20T15:22:00.823338+00:00,AP_01,dev_39ef6cebfea41e12,heartbeat,-51
2026-09-20T15:22:00.823338+00:00,AP_03,dev_172964ce995cefb5,heartbeat,-49
2026-09-20T15:22:01.823338+00:00,AP_01,dev_dac9735c15d23598,heartbeat,-56
2026-09-20T15:22:01.823338+00:00,AP_02,dev_be01eb2e5060c2ba,heartbeat,-52
2026-09-20T15:22:02.823338+00:00,AP_03,dev_3b33fcd2e1d3f788,heartbeat,-46
2026-09-20T15:22:02.823338+00:00,AP_02,dev_bfa351d9deb65b50,heartbeat,-55
2026-09-20T15:22:02.823338+00:00,AP_02,dev_a9a77d30a2535eda,heartbeat,-44
2026-09-20T15:22:03.823338+00:00,AP_01,dev_4d55811fcbb2d44b,heartbeat,-46
2026-09-20T15:22:03.823338+00:00,AP_01,dev_bee12d3e1f271e83,heartbeat,-54
2026-09-20T15:22:04.823338+00:00,AP_01,dev_0feb402657ab950a,heartbeat,-52
2026-09-20T15:22:04.823338+00:00,AP_02,dev_e275ee8bb2c9833c,heartbeat,-45
2026-09-20T15:22:05.823338+00:00,AP_01,dev_0e322e127a303cdd,heartbeat,-50
2026-09-20T15:22:06.823338+00:00,AP_02,dev_5cb49a89349d804a,heartbeat,-49
2026-09-20T15:22:07.823338+00:00,AP_02,dev_4463e93e128fb718,heartbeat,-46
2026-09-20T15:22:07.823338+00:00,AP_02,dev_36251f494ec5e4c4,heartbeat,-52
2026-09-20T15:22:07.823338+00:00,AP_02,dev_fd835430174d2b7e,heartbeat,-55
2026-09-20T15:22:08.823338+00:00,AP_02,dev_32123fce6801e287,heartbeat,-58
2026-09-20T15:22:09.823338+00:00,AP_01,dev_78b7476e077c5c58,heartbeat,-45
2026-09-20T15:22:09.823338+00:00,AP_02,dev_fda1e4d27c7ec351,heartbeat,-49
2026-09-20T15:22:10.823338+00:00,AP_01,dev_ec7f305d29851a5a,heartbeat,-54
2026-09-20T15:22:11.823338+00:00,AP_02,dev_9ac7e0c7eb7246b5,heartbeat,-44
2026-09-20T15:22:12.823338+00:00,AP_01,dev_de09aa0b03e5957e,heartbeat,-47
2026-09-20T15:22:14.823338+00:00,AP_01,dev_adc0336ce46d9142,heartbeat,-48
2026-09-20T15:22:15.823338+00:00,AP_01,dev_761dbfebee20a1b6,heartbeat,-52
2026-09-20T15:22:15.823338+00:00,AP_01,dev_4ec6910610b8ee21,heartbeat,-55
2026-09-20T15:22:16.823338+00:00,AP_01,dev_0f3a5465c5be5029,heartbeat,-53
2026-09-20T15:22:16.823338+00:00,AP_02,dev_95f1a30bee85ba16,heartbeat,-49
2026-09-20T15:22:17.823338+00:00,AP_01,dev_382017e48c0d09cb,heartbeat,-59
2026-09-20T15:22:17.823338+00:00,AP_02,dev_09e69aaa959cdd44,heartbeat,-50
2026-09-20T15:22:18.823338+00:00,AP_01,dev_46106d48bf350825,heartbeat,-49
2026-09-20T15:22:18.823338+00:00,AP_02,dev_43e59eca12e9d77f,heartbeat,-50
2026-09-20T15:22:20.823338+00:00,AP_02,dev_298b986404f77877,heartbeat,-52
2026-09-20T15:22:21.823338+00:00,AP_02,dev_02af9fa92d40a9af,heartbeat,-54
2026-09-20T15:22:23.823338+00:00,AP_01,dev_b00c9275f41b488e,heartbeat,-50
2026-09-20T15:22:23.823338+00:00,AP_02,dev_bb34b21593bc8929,heartbeat,-42
2026-09-20T15:22:23.823338+00:00,AP_03,dev_14710bbb669656eb,heartbeat,-56
2026-09-20T15:22:23.823338+00:00,AP_03,dev_80d56b8303cd4403,heartbeat,-47
2026-09-20T15:22:25.823338+00:00,AP_01,dev_ef43c0dc8df3847e,heartbeat,-54
2026-09-20T15:22:25.823338+00:00,AP_01,dev_26be14216d4fd7c4,heartbeat,-49
2026-09-20T15:22:25.823338+00:00,AP_02,dev_cd0c870c9624e6f6,heartbeat,-44
2026-09-20T15:22:25.823338+00:00,AP_02,dev_942144bd6b3fd842,heartbeat,-56
2026-09-20T15:22:26.823338+00:00,AP_01,dev_e96f8bdb2ce51760,heartbeat,-46
2026-09-20T15:22:26.823338+00:00,AP_02,dev_c8621d86e105ae2c,heartbeat,-50
2026-09-20T15:22:27.823338+00:00,AP_01,dev_570873d5e07620f7,heartbeat,-48
2026-09-20T15:22:27.823338+00:00,AP_01,dev_39ef6cebfea41e12,heartbeat,-52
2026-09-20T15:22:28.823338+00:00,AP_01,dev_ba0ab9a640d8388b,heartbeat,-52
2026-09-20T15:22:28.823338+00:00,AP_01,dev_ac7b80880a1f3946,heartbeat,-48
2026-09-20T15:22:28.823338+00:00,AP_02,dev_be01eb2e5060c2ba,heartbeat,-55
2026-09-20T15:22:30.823338+00:00,AP_03,dev_3b33fcd2e1d3f788,heartbeat,-54
2026-09-20T15:22:30.823338+00:00,AP_01,dev_a42ce750a950b6ed,heartbeat,-47
2026-09-20T15:22:30.823338+00:00,AP_03,dev_b3417cd8c6c08f19,heartbeat,-49
2026-09-20T15:22:31.823338+00:00,AP_01,dev_d5facb6e4cdd0f8d,heartbeat,-46
2026-09-20T15:22:32.823338+00:00,AP_02,dev_a9a77d30a2535eda,heartbeat,-52
2026-09-20T15:22:32.823338+00:00,AP_03,dev_172964ce995cefb5,heartbeat,-51
2026-09-20T15:22:34.823338+00:00,AP_01,dev_4d55811fcbb2d44b,heartbeat,-46
2026-09-20T15:22:34.823338+00:00,AP_01,dev_dac9735c15d23598,heartbeat,-53
2026-09-20T15:22:34.823338+00:00,AP_02,dev_e275ee8bb2c9833c,heartbeat,-48
2026-09-20T15:22:34.823338+00:00,AP_02,dev_bfa351d9deb65b50,heartbeat,-46
2026-09-20T15:22:35.823338+00:00,AP_02,dev_36251f494ec5e4c4,heartbeat,-50
2026-09-20T15:22:36.823338+00:00,AP_01,dev_bee12d3e1f271e83,heartbeat,-49
2026-09-20T15:22:37.823338+00:00,AP_01,dev_0e322e127a303cdd,heartbeat,-52
2026-09-20T15:22:37.823338+00:00,AP_01,dev_0feb402657ab950a,heartbeat,-44
2026-09-20T15:22:37.823338+00:00,AP_02,dev_4463e93e128fb718,heartbeat,-44
2026-09-20T15:22:37.823338+00:00,AP_02,dev_fd835430174d2b7e,heartbeat,-47
2026-09-20T15:22:37.823338+00:00,AP_02,dev_5cb49a89349d804a,heartbeat,-52
2026-09-20T15:22:38.823338+00:00,AP_01,dev_78b7476e077c5c58,heartbeat,-50
2026-09-20T15:22:38.823338+00:00,AP_02,dev_32123fce6801e287,heartbeat,-48
2026-09-20T15:22:40.823338+00:00,AP_01,dev_ec7f305d29851a5a,heartbeat,-46
2026-09-20T15:22:41.823338+00:00,AP_02,dev_9ac7e0c7eb7246b5,heartbeat,-48
2026-09-20T15:22:41.823338+00:00,AP_02,dev_fda1e4d27c7ec351,heartbeat,-50
2026-09-20T15:22:43.823338+00:00,AP_02,dev_95f1a30bee85ba16,heartbeat,-50
2026-09-20T15:22:44.823338+00:00,AP_01,dev_de09aa0b03e5957e,heartbeat,-53
2026-09-20T15:22:44.823338+00:00,AP_01,dev_adc0336ce46d9142,heartbeat,-47
2026-09-20T15:22:44.823338+00:00,AP_02,dev_09e69aaa959cdd44,heartbeat,-53
2026-09-20T15:22:45.823338+00:00,AP_01,dev_761dbfebee20a1b6,heartbeat,-47
2026-09-20T15:22:46.823338+00:00,AP_01,dev_382017e48c0d09cb,heartbeat,-50
2026-09-20T15:22:47.823338+00:00,AP_01,dev_46106d48bf350825,heartbeat,-51
2026-09-20T15:22:48.823338+00:00,AP_01,dev_0f3a5465c5be5029,heartbeat,-50
2026-09-20T15:22:48.823338+00:00,AP_01,dev_4ec6910610b8ee21,heartbeat,-51
2026-09-20T15:22:48.823338+00:00,AP_02,dev_02af9fa92d40a9af,heartbeat,-50
2026-09-20T15:22:50.823338+00:00,AP_01,dev_b00c9275f41b488e,heartbeat,-51
2026-09-20T15:22:50.823338+00:00,AP_02,dev_298b986404f77877,heartbeat,-56
2026-09-20T15:22:50.823338+00:00,AP_02,dev_43e59eca12e9d77f,heartbeat,-52
2026-09-20T15:22:50.823338+00:00,AP_03,dev_14710bbb669656eb,heartbeat,-44
2026-09-20T15:22:51.823338+00:00,AP_02,dev_bb34b21593bc8929,heartbeat,-45
2026-09-20T15:22:53.823338+00:00,AP_01,dev_ef43c0dc8df3847e,heartbeat,-42
2026-09-20T15:22:53.823338+00:00,AP_02,dev_942144bd6b3fd842,heartbeat,-52
2026-09-20T15:22:55.823338+00:00,AP_01,dev_e96f8bdb2ce51760,heartbeat,-51
2026-09-20T15:22:55.823338+00:00,AP_01,dev_39ef6cebfea41e12,heartbeat,-45
2026-09-20T15:22:56.823338+00:00,AP_02,dev_c8621d86e105ae2c,heartbeat,-52
2026-09-20T15:22:56.823338+00:00,AP_03,dev_80d56b8303cd4403,heartbeat,-52
2026-09-20T15:22:57.823338+00:00,AP_02,dev_cd0c870c9624e6f6,heartbeat,-50
2026-09-20T15:22:57.823338+00:00,AP_02,dev_be01eb2e5060c2ba,heartbeat,-52
2026-09-20T15:22:58.823338+00:00,AP_01,dev_26be14216d4fd7c4,heartbeat,-51
2026-09-20T15:22:58.823338+00:00,AP_01,dev_570873d5e07620f7,heartbeat,-51
2026-09-20T15:22:58.823338+00:00,AP_01,dev_d5facb6e4cdd0f8d,heartbeat,-51
2026-09-20T15:22:59.823338+00:00,AP_01,dev_ba0ab9a640d8388b,heartbeat,-41
2026-09-20T15:22:59.823338+00:00,AP_01,dev_a42ce750a950b6ed,heartbeat,-53
2026-09-20T15:23:00.823338+00:00,AP_01,dev_ac7b80880a1f3946,heartbeat,-48
2026-09-20T15:23:01.823338+00:00,AP_02,dev_e275ee8bb2c9833c,heartbeat,-42
2026-09-20T15:23:01.823338+00:00,AP_03,dev_b3417cd8c6c08f19,heartbeat,-47
2026-09-20T15:23:02.823338+00:00,AP_03,dev_3b33fcd2e1d3f788,heartbeat,-48
2026-09-20T15:23:02.823338+00:00,AP_02,dev_a9a77d30a2535eda,heartbeat,-44
2026-09-20T15:23:02.823338+00:00,AP_03,dev_172964ce995cefb5,heartbeat,-51
2026-09-20T15:23:03.823338+00:00,AP_01,dev_4d55811fcbb2d44b,heartbeat,-43
2026-09-20T15:23:04.823338+00:00,AP_02,dev_bfa351d9deb65b50,heartbeat,-51
2026-09-20T15:23:04.823338+00:00,AP_02,dev_fd835430174d2b7e,heartbeat,-51
2026-09-20T15:23:05.823338+00:00,AP_02,dev_36251f494ec5e4c4,heartbeat,-47
2026-09-20T15:23:06.823338+00:00,AP_01,dev_bee12d3e1f271e83,heartbeat,-51
2026-09-20T15:23:06.823338+00:00,AP_01,dev_dac9735c15d23598,heartbeat,-55
2026-09-20T15:23:07.823338+00:00,AP_02,dev_4463e93e128fb718,heartbeat,-50
2026-09-20T15:23:07.823338+00:00,AP_02,dev_5cb49a89349d804a,heartbeat,-52
2026-09-20T15:23:09.823338+00:00,AP_01,dev_0e322e127a303cdd,heartbeat,-50
2026-09-20T15:23:09.823338+00:00,AP_01,dev_ec7f305d29851a5a,heartbeat,-51
2026-09-20T15:23:10.823338+00:00,AP_01,dev_78b7476e077c5c58,heartbeat,-51
2026-09-20T15:23:10.823338+00:00,AP_01,dev_0feb402657ab950a,heartbeat,-55
2026-09-20T15:23:10.823338+00:00,AP_02,dev_9ac7e0c7eb7246b5,heartbeat,-49
2026-09-20T15:23:10.823338+00:00,AP_02,dev_32123fce6801e287,heartbeat,-50
2026-09-20T15:23:11.823338+00:00,AP_01,dev_de09aa0b03e5957e,heartbeat,-47
2026-09-20T15:23:11.823338+00:00,AP_02,dev_95f1a30bee85ba16,heartbeat,-55
2026-09-20T15:23:13.823338+00:00,AP_02,dev_09e69aaa959cdd44,heartbeat,-47
2026-09-20T15:23:14.823338+00:00,AP_02,dev_fda1e4d27c7ec351,heartbeat,-54
2026-09-20T15:23:16.823338+00:00,AP_01,dev_0f3a5465c5be5029,heartbeat,-51
2026-09-20T15:23:17.823338+00:00,AP_01,dev_adc0336ce46d9142,heartbeat,-50
2026-09-20T15:23:17.823338+00:00,AP_02,dev_02af9fa92d40a9af,heartbeat,-48
2026-09-20T15:23:18.823338+00:00,AP_01,dev_761dbfebee20a1b6,heartbeat,-52
2026-09-20T15:23:18.823338+00:00,AP_01,dev_4ec6910610b8ee21,heartbeat,-53
2026-09-20T15:23:19.823338+00:00,AP_01,dev_382017e48c0d09cb,heartbeat,-46
2026-09-20T15:23:20.823338+00:00,AP_01,dev_46106d48bf350825,heartbeat,-41
2026-09-20T15:23:20.823338+00:00,AP_02,dev_298b986404f77877,heartbeat,-48
2026-09-20T15:23:21.823338+00:00,AP_01,dev_ef43c0dc8df3847e,heartbeat,-52
2026-09-20T15:23:21.823338+00:00,AP_01,dev_b00c9275f41b488e,heartbeat,-49
2026-09-20T15:23:21.823338+00:00,AP_02,dev_43e59eca12e9d77f,heartbeat,-47
2026-09-20T15:23:22.823338+00:00,AP_02,dev_bb34b21593bc8929,heartbeat,-55
2026-09-20T15:23:23.823338+00:00,AP_01,dev_e96f8bdb2ce51760,heartbeat,-58
2026-09-20T15:23:23.823338+00:00,AP_03,dev_14710bbb669656eb,heartbeat,-44
2026-09-20T15:23:24.823338+00:00,AP_01,dev_39ef6cebfea41e12,heartbeat,-52
2026-09-20T15:23:24.823338+00:00,AP_03,dev_80d56b8303cd4403,heartbeat,-49
2026-09-20T15:23:25.823338+00:00,AP_02,dev_cd0c870c9624e6f6,heartbeat,-51
2026-09-20T15:23:26.823338+00:00,AP_01,dev_26be14216d4fd7c4,heartbeat,-42
2026-09-20T15:23:26.823338+00:00,AP_01,dev_570873d5e07620f7,heartbeat,-52
2026-09-20T15:23:26.823338+00:00,AP_02,dev_942144bd6b3fd842,heartbeat,-42
2026-09-20T15:23:27.823338+00:00,AP_02,dev_c8621d86e105ae2c,heartbeat,-53
2026-09-20T15:23:28.823338+00:00,AP_01,dev_d5facb6e4cdd0f8d,heartbeat,-52
2026-09-20T15:23:28.823338+00:00,AP_02,dev_e275ee8bb2c9833c,heartbeat,-47
2026-09-20T15:23:30.823338+00:00,AP_02,dev_be01eb2e5060c2ba,heartbeat,-49
2026-09-20T15:23:31.823338+00:00,AP_01,dev_ba0ab9a640d8388b,heartbeat,-45
2026-09-20T15:23:31.823338+00:00,AP_01,dev_ac7b80880a1f3946,heartbeat,-43
2026-09-20T15:23:31.823338+00:00,AP_02,dev_bfa351d9deb65b50,heartbeat,-51
2026-09-20T15:23:31.823338+00:00,AP_03,dev_172964ce995cefb5,heartbeat,-51
2026-09-20T15:23:32.823338+00:00,AP_01,dev_a42ce750a950b6ed,heartbeat,-48
2026-09-20T15:23:32.823338+00:00,AP_03,dev_b3417cd8c6c08f19,heartbeat,-47
2026-09-20T15:23:34.823338+00:00,AP_01,dev_bee12d3e1f271e83,heartbeat,-53
2026-09-20T15:23:34.823338+00:00,AP_03,dev_3b33fcd2e1d3f788,heartbeat,-49
2026-09-20T15:23:35.823338+00:00,AP_01,dev_4d55811fcbb2d44b,heartbeat,-51
2026-09-20T15:23:35.823338+00:00,AP_02,dev_4463e93e128fb718,heartbeat,-44
2026-09-20T15:23:35.823338+00:00,AP_02,dev_fd835430174d2b7e,heartbeat,-52
2026-09-20T15:23:35.823338+00:00,AP_02,dev_a9a77d30a2535eda,heartbeat,-49
2026-09-20T15:23:35.823338+00:00,AP_02,dev_5cb49a89349d804a,heartbeat,-53
2026-09-20T15:23:36.823338+00:00,AP_01,dev_dac9735c15d23598,heartbeat,-56
2026-09-20T15:23:36.823338+00:00,AP_01,dev_ec7f305d29851a5a,heartbeat,-51
2026-09-20T15:23:37.823338+00:00,AP_02,dev_36251f494ec5e4c4,heartbeat,-47
2026-09-20T15:23:39.823338+00:00,AP_01,dev_0e322e127a303cdd,heartbeat,-55
2026-09-20T15:23:39.823338+00:00,AP_02,dev_9ac7e0c7eb7246b5,heartbeat,-51
2026-09-20T15:23:40.823338+00:00,AP_01,dev_78b7476e077c5c58,heartbeat,-49
2026-09-20T15:23:40.823338+00:00,AP_02,dev_95f1a30bee85ba16,heartbeat,-48
2026-09-20T15:23:42.823338+00:00,AP_01,dev_de09aa0b03e5957e,heartbeat,-51
2026-09-20T15:23:42.823338+00:00,AP_02,dev_32123fce6801e287,heartbeat,-52
2026-09-20T15:23:43.823338+00:00,AP_01,dev_0feb402657ab950a,heartbeat,-46
2026-09-20T15:23:43.823338+00:00,AP_02,dev_fda1e4d27c7ec351,heartbeat,-45
2026-09-20T15:23:44.823338+00:00,AP_02,dev_09e69aaa959cdd44,heartbeat,-47
2026-09-20T15:23:46.823338+00:00,AP_01,dev_4ec6910610b8ee21,heartbeat,-54
2026-09-20T15:23:47.823338+00:00,AP_01,dev_382017e48c0d09cb,heartbeat,-48
2026-09-20T15:23:47.823338+00:00,AP_01,dev_46106d48bf350825,heartbeat,-50
2026-09-20T15:23:48.823338+00:00,AP_02,dev_02af9fa92d40a9af,heartbeat,-56
2026-09-20T15:23:49.823338+00:00,AP_01,dev_0f3a5465c5be5029,heartbeat,-47
2026-09-20T15:23:49.823338+00:00,AP_01,dev_adc0336ce46d9142,heartbeat,-44
2026-09-20T15:23:50.823338+00:00,AP_01,dev_761dbfebee20a1b6,heartbeat,-47
2026-09-20T15:23:50.823338+00:00,AP_01,dev_b00c9275f41b488e,heartbeat,-49
2026-09-20T15:23:51.823338+00:00,AP_01,dev_ef43c0dc8df3847e,heartbeat,-49
2026-09-20T15:23:51.823338+00:00,AP_02,dev_43e59eca12e9d77f,heartbeat,-51
2026-09-20T15:23:52.823338+00:00,AP_02,dev_298b986404f77877,heartbeat,-55
2026-09-20T15:23:52.823338+00:00,AP_02,dev_bb34b21593bc8929,heartbeat,-54
2026-09-20T15:23:53.823338+00:00,AP_01,dev_26be14216d4fd7c4,heartbeat,-43
2026-09-20T15:23:53.823338+00:00,AP_01,dev_39ef6cebfea41e12,heartbeat,-51
2026-09-20T15:23:53.823338+00:00,AP_03,dev_14710bbb669656eb,heartbeat,-48
2026-09-20T15:23:54.823338+00:00,AP_02,dev_942144bd6b3fd842,heartbeat,-50
2026-09-20T15:23:55.823338+00:00,AP_01,dev_e96f8bdb2ce51760,heartbeat,-52
2026-09-20T15:23:55.823338+00:00,AP_02,dev_e275ee8bb2c9833c,heartbeat,-53
2026-09-20T15:23:57.823338+00:00,AP_03,dev_80d56b8303cd4403,heartbeat,-53
2026-09-20T15:23:58.823338+00:00,AP_01,dev_570873d5e07620f7,heartbeat,-45
2026-09-20T15:23:58.823338+00:00,AP_02,dev_bfa351d9deb65b50,heartbeat,-48
2026-09-20T15:23:58.823338+00:00,AP_02,dev_cd0c870c9624e6f6,heartbeat,-55
2026-09-20T15:23:59.823338+00:00,AP_03,dev_172964ce995cefb5,heartbeat,-47
2026-09-20T15:24:00.823338+00:00,AP_01,dev_ba0ab9a640d8388b,heartbeat,-47
2026-09-20T15:24:00.823338+00:00,AP_01,dev_d5facb6e4cdd0f8d,heartbeat,-53
2026-09-20T15:24:00.823338+00:00,AP_02,dev_c8621d86e105ae2c,heartbeat,-51
2026-09-20T15:24:00.823338+00:00,AP_03,dev_b3417cd8c6c08f19,heartbeat,-49
2026-09-20T15:24:01.823338+00:00,AP_01,dev_a42ce750a950b6ed,heartbeat,-54
2026-09-20T15:24:02.823338+00:00,AP_01,dev_4d55811fcbb2d44b,heartbeat,-48
2026-09-20T15:24:03.823338+00:00,AP_01,dev_ac7b80880a1f3946,heartbeat,-45
2026-09-20T15:24:03.823338+00:00,AP_02,dev_be01eb2e5060c2ba,heartbeat,-56
2026-09-20T15:24:04.823338+00:00,AP_01,dev_dac9735c15d23598,heartbeat,-43
2026-09-20T15:24:04.823338+00:00,AP_02,dev_5cb49a89349d804a,heartbeat,-43
2026-09-20T15:24:06.823338+00:00,AP_02,dev_fd835430174d2b7e,heartbeat,-55
2026-09-20T15:24:07.823338+00:00,AP_01,dev_bee12d3e1f271e83,heartbeat,-50
2026-09-20T15:24:07.823338+00:00,AP_03,dev_3b33fcd2e1d3f788,heartbeat,-41
2026-09-20T15:24:08.823338+00:00,AP_01,dev_ec7f305d29851a5a,heartbeat,-55
2026-09-20T15:24:08.823338+00:00,AP_01,dev_78b7476e077c5c58,heartbeat,-45
2026-09-20T15:24:08.823338+00:00,AP_02,dev_4463e93e128fb718,heartbeat,-50
2026-09-20T15:24:08.823338+00:00,AP_02,dev_a9a77d30a2535eda,heartbeat,-48
2026-09-20T15:24:09.823338+00:00,AP_02,dev_95f1a30bee85ba16,heartbeat,-44
2026-09-20T15:24:09.823338+00:00,AP_02,dev_32123fce6801e287,heartbeat,-56
2026-09-20T15:24:10.823338+00:00,AP_01,dev_0e322e127a303cdd,heartbeat,-54
2026-09-20T15:24:10.823338+00:00,AP_02,dev_fda1e4d27c7ec351,heartbeat,-47
2026-09-20T15:24:10.823338+00:00,AP_02,dev_36251f494ec5e4c4,heartbeat,-53
2026-09-20T15:24:11.823338+00:00,AP_01,dev_de09aa0b03e5957e,heartbeat,-44
2026-09-20T15:24:11.823338+00:00,AP_02,dev_9ac7e0c7eb7246b5,heartbeat,-47
2026-09-20T15:24:12.823338+00:00,AP_01,dev_0feb402657ab950a,heartbeat,-53
2026-09-20T15:24:13.823338+00:00,AP_02,dev_09e69aaa959cdd44,heartbeat,-51
2026-09-20T15:24:15.823338+00:00,AP_01,dev_4ec6910610b8ee21,heartbeat,-47
2026-09-20T15:24:16.823338+00:00,AP_01,dev_382017e48c0d09cb,heartbeat,-45
2026-09-20T15:24:16.823338+00:00,AP_01,dev_adc0336ce46d9142,heartbeat,-52
2026-09-20T15:24:17.823338+00:00,AP_01,dev_0f3a5465c5be5029,heartbeat,-47
2026-09-20T15:24:18.823338+00:00,AP_01,dev_ef43c0dc8df3847e,heartbeat,-46
2026-09-20T15:24:19.823338+00:00,AP_01,dev_761dbfebee20a1b6,heartbeat,-51
2026-09-20T15:24:19.823338+00:00,AP_02,dev_bb34b21593bc8929,heartbeat,-52
2026-09-20T15:24:19.823338+00:00,AP_02,dev_43e59eca12e9d77f,heartbeat,-49
2026-09-20T15:24:20.823338+00:00,AP_01,dev_46106d48bf350825,heartbeat,-52
2026-09-20T15:24:20.823338+00:00,AP_02,dev_02af9fa92d40a9af,heartbeat,-51
2026-09-20T15:24:20.823338+00:00,AP_03,dev_14710bbb669656eb,heartbeat,-47
2026-09-20T15:24:23.823338+00:00,AP_01,dev_b00c9275f41b488e,heartbeat,-52
2026-09-20T15:24:23.823338+00:00,AP_02,dev_e275ee8bb2c9833c,heartbeat,-43
2026-09-20T15:24:23.823338+00:00,AP_02,dev_298b986404f77877,heartbeat,-47
2026-09-20T15:24:23.823338+00:00,AP_02,dev_942144bd6b3fd842,heartbeat,-53
2026-09-20T15:24:25.823338+00:00,AP_01,dev_26be14216d4fd7c4,heartbeat,-56
2026-09-20T15:24:26.823338+00:00,AP_01,dev_39ef6cebfea41e12,heartbeat,-44
2026-09-20T15:24:28.823338+00:00,AP_01,dev_e96f8bdb2ce51760,heartbeat,-45
2026-09-20T15:24:28.823338+00:00,AP_01,dev_570873d5e07620f7,heartbeat,-45
2026-09-20T15:24:28.823338+00:00,AP_01,dev_a42ce750a950b6ed,heartbeat,-54
2026-09-20T15:24:28.823338+00:00,AP_02,dev_bfa351d9deb65b50,heartbeat,-55
2026-09-20T15:24:28.823338+00:00,AP_02,dev_cd0c870c9624e6f6,heartbeat,-49
2026-09-20T15:24:28.823338+00:00,AP_03,dev_172964ce995cefb5,heartbeat,-53
2026-09-20T15:24:29.823338+00:00,AP_03,dev_80d56b8303cd4403,heartbeat,-53
2026-09-20T15:24:30.823338+00:00,AP_01,dev_d5facb6e4cdd0f8d,heartbeat,-49
2026-09-20T15:24:31.823338+00:00,AP_03,dev_b3417cd8c6c08f19,heartbeat,-59
2026-09-20T15:24:32.823338+00:00,AP_01,dev_ba0ab9a640d8388b,heartbeat,-49
2026-09-20T15:24:32.823338+00:00,AP_01,dev_4d55811fcbb2d44b,heartbeat,-46
2026-09-20T15:24:32.823338+00:00,AP_01,dev_dac9735c15d23598,heartbeat,-44
2026-09-20T15:24:32.823338+00:00,AP_02,dev_c8621d86e105ae2c,heartbeat,-42
2026-09-20T15:24:32.823338+00:00,AP_02,dev_5cb49a89349d804a,heartbeat,-50
2026-09-20T15:24:33.823338+00:00,AP_01,dev_ac7b80880a1f3946,heartbeat,-47
2026-09-20T15:24:35.823338+00:00,AP_01,dev_bee12d3e1f271e83,heartbeat,-54
2026-09-20T15:24:35.823338+00:00,AP_02,dev_fd835430174d2b7e,heartbeat,-51
2026-09-20T15:24:36.823338+00:00,AP_03,dev_3b33fcd2e1d3f788,heartbeat,-46
2026-09-20T15:24:36.823338+00:00,AP_02,dev_95f1a30bee85ba16,heartbeat,-51
2026-09-20T15:24:36.823338+00:00,AP_02,dev_a9a77d30a2535eda,heartbeat,-42
2026-09-20T15:24:36.823338+00:00,AP_02,dev_be01eb2e5060c2ba,heartbeat,-50
2026-09-20T15:24:37.823338+00:00,AP_02,dev_4463e93e128fb718,heartbeat,-53
2026-09-20T15:24:37.823338+00:00,AP_02,dev_36251f494ec5e4c4,heartbeat,-51
2026-09-20T15:24:38.823338+00:00,AP_01,dev_0e322e127a303cdd,heartbeat,-52
2026-09-20T15:24:38.823338+00:00,AP_01,dev_de09aa0b03e5957e,heartbeat,-51
2026-09-20T15:24:38.823338+00:00,AP_01,dev_78b7476e077c5c58,heartbeat,-52
2026-09-20T15:24:40.823338+00:00,AP_01,dev_ec7f305d29851a5a,heartbeat,-53
2026-09-20T15:24:40.823338+00:00,AP_02,dev_9ac7e0c7eb7246b5,heartbeat,-51
2026-09-20T15:24:41.823338+00:00,AP_02,dev_32123fce6801e287,heartbeat,-47
2026-09-20T15:24:41.823338+00:00,AP_02,dev_09e69aaa959cdd44,heartbeat,-50
2026-09-20T15:24:42.823338+00:00,AP_02,dev_fda1e4d27c7ec351,heartbeat,-49
2026-09-20T15:24:45.823338+00:00,AP_01,dev_0feb402657ab950a,heartbeat,-50
2026-09-20T15:24:46.823338+00:00,AP_01,dev_761dbfebee20a1b6,heartbeat,-47
2026-09-20T15:24:46.823338+00:00,AP_01,dev_adc0336ce46d9142,heartbeat,-46
2026-09-20T15:24:47.823338+00:00,AP_01,dev_382017e48c0d09cb,disconnect,-48
2026-09-20T15:24:47.823338+00:00,AP_01,dev_4ec6910610b8ee21,heartbeat,-47
2026-09-20T15:24:47.823338+00:00,AP_02,dev_bb34b21593bc8929,heartbeat,-46
2026-09-20T15:24:48.823338+00:00,AP_03,dev_14710bbb669656eb,heartbeat,-51
2026-09-20T15:24:49.823338+00:00,AP_02,dev_43e59eca12e9d77f,heartbeat,-43
2026-09-20T15:24:50.823338+00:00,AP_01,dev_ef43c0dc8df3847e,heartbeat,-45
2026-09-20T15:24:50.823338+00:00,AP_01,dev_0f3a5465c5be5029,heartbeat,-48
2026-09-20T15:24:50.823338+00:00,AP_02,dev_02af9fa92d40a9af,heartbeat,-42
2026-09-20T15:24:51.823338+00:00,AP_01,dev_b00c9275f41b488e,heartbeat,-49
2026-09-20T15:24:51.823338+00:00,AP_02,dev_e275ee8bb2c9833c,heartbeat,-50
2026-09-20T15:24:53.823338+00:00,AP_01,dev_46106d48bf350825,heartbeat,-52
2026-09-20T15:24:54.823338+00:00,AP_02,dev_942144bd6b3fd842,heartbeat,-47
2026-09-20T15:24:55.823338+00:00,AP_02,dev_cd0c870c9624e6f6,heartbeat,-53
2026-09-20T15:24:56.823338+00:00,AP_01,dev_26be14216d4fd7c4,heartbeat,-50
2026-09-20T15:24:56.823338+00:00,AP_02,dev_298b986404f77877,heartbeat,-50
2026-09-20T15:24:58.823338+00:00,AP_01,dev_39ef6cebfea41e12,heartbeat,-47
2026-09-20T15:24:59.823338+00:00,AP_01,dev_e96f8bdb2ce51760,heartbeat,-43
2026-09-20T15:24:59.823338+00:00,AP_02,dev_bfa351d9deb65b50,heartbeat,-50
2026-09-20T15:24:59.823338+00:00,AP_03,dev_b3417cd8c6c08f19,heartbeat,-50
2026-09-20T15:24:59.823338+00:00,AP_03,dev_172964ce995cefb5,heartbeat,-46
2026-09-20T15:25:00.823338+00:00,AP_01,dev_d5facb6e4cdd0f8d,heartbeat,-51
2026-09-20T15:25:00.823338+00:00,AP_01,dev_a42ce750a950b6ed,heartbeat,-43
2026-09-20T15:25:00.823338+00:00,AP_02,dev_5cb49a89349d804a,heartbeat,-54
2026-09-20T15:25:00.823338+00:00,AP_03,dev_80d56b8303cd4403,heartbeat,-41
2026-09-20T15:25:01.823338+00:00,AP_01,dev_4d55811fcbb2d44b,heartbeat,-47
2026-09-20T15:25:01.823338+00:00,AP_01,dev_570873d5e07620f7,heartbeat,-47
2026-09-20T15:25:01.823338+00:00,AP_02,dev_c8621d86e105ae2c,heartbeat,-44
2026-09-20T15:25:03.823338+00:00,AP_01,dev_dac9735c15d23598,heartbeat,-48
2026-09-20T15:25:03.823338+00:00,AP_02,dev_95f1a30bee85ba16,heartbeat,-54
2026-09-20T15:25:04.823338+00:00,AP_01,dev_ba0ab9a640d8388b,heartbeat,-43
2026-09-20T15:25:04.823338+00:00,AP_02,dev_fd835430174d2b7e,heartbeat,-51
2026-09-20T15:25:05.823338+00:00,AP_01,dev_bee12d3e1f271e83,heartbeat,-49
2026-09-20T15:25:05.823338+00:00,AP_01,dev_ac7b80880a1f3946,heartbeat,-45
2026-09-20T15:25:06.823338+00:00,AP_03,dev_3b33fcd2e1d3f788,heartbeat,-53
2026-09-20T15:25:06.823338+00:00,AP_02,dev_4463e93e128fb718,heartbeat,-53
2026-09-20T15:25:06.823338+00:00,AP_02,dev_36251f494ec5e4c4,heartbeat,-49
2026-09-20T15:25:07.823338+00:00,AP_02,dev_9ac7e0c7eb7246b5,heartbeat,-49
2026-09-20T15:25:07.823338+00:00,AP_02,dev_a9a77d30a2535eda,heartbeat,-48
2026-09-20T15:25:08.823338+00:00,AP_01,dev_78b7476e077c5c58,heartbeat,-53
2026-09-20T15:25:08.823338+00:00,AP_02,dev_32123fce6801e287,heartbeat,-51
2026-09-20T15:25:09.823338+00:00,AP_02,dev_be01eb2e5060c2ba,heartbeat,-46
2026-09-20T15:25:10.823338+00:00,AP_02,dev_09e69aaa959cdd44,heartbeat,-42
2026-09-20T15:25:11.823338+00:00,AP_01,dev_0e322e127a303cdd,heartbeat,-51
2026-09-20T15:25:11.823338+00:00,AP_01,dev_de09aa0b03e5957e,heartbeat,-51
2026-09-20T15:25:12.823338+00:00,AP_01,dev_ec7f305d29851a5a,heartbeat,-59
2026-09-20T15:25:13.823338+00:00,AP_01,dev_adc0336ce46d9142,heartbeat,-51
2026-09-20T15:25:14.823338+00:00,AP_02,dev_fda1e4d27c7ec351,heartbeat,-51
2026-09-20T15:25:15.823338+00:00,AP_01,dev_4ec6910610b8ee21,heartbeat,-49
2026-09-20T15:25:15.823338+00:00,AP_01,dev_0feb402657ab950a,heartbeat,-57
2026-09-20T15:25:17.823338+00:00,AP_01,dev_ef43c0dc8df3847e,heartbeat,-45
2026-09-20T15:25:18.823338+00:00,AP_01,dev_761dbfebee20a1b6,heartbeat,-57
2026-09-20T15:25:18.823338+00:00,AP_02,dev_bb34b21593bc8929,heartbeat,-46
2026-09-20T15:25:19.823338+00:00,AP_01,dev_0f3a5465c5be5029,heartbeat,-44
2026-09-20T15:25:20.823338+00:00,AP_02,dev_02af9fa92d40a9af,heartbeat,-51
2026-09-20T15:25:20.823338+00:00,AP_03,dev_14710bbb669656eb,heartbeat,-50
2026-09-20T15:25:22.823338+00:00,AP_02,dev_e275ee8bb2c9833c,heartbeat,-47
2026-09-20T15:25:22.823338+00:00,AP_02,dev_43e59eca12e9d77f,heartbeat,-47
2026-09-20T15:25:23.823338+00:00,AP_01,dev_26be14216d4fd7c4,heartbeat,-49
2026-09-20T15:25:23.823338+00:00,AP_01,dev_b00c9275f41b488e,heartbeat,-56
2026-09-20T15:25:23.823338+00:00,AP_02,dev_cd0c870c9624e6f6,heartbeat,-50
2026-09-20T15:25:23.823338+00:00,AP_02,dev_942144bd6b3fd842,heartbeat,-51
2026-09-20T15:25:26.823338+00:00,AP_01,dev_e96f8bdb2ce51760,heartbeat,-50
2026-09-20T15:25:26.823338+00:00,AP_01,dev_46106d48bf350825,heartbeat,-49
2026-09-20T15:25:26.823338+00:00,AP_02,dev_298b986404f77877,heartbeat,-50
2026-09-20T15:25:27.823338+00:00,AP_02,dev_bfa351d9deb65b50,heartbeat,-45
2026-09-20T15:25:27.823338+00:00,AP_03,dev_b3417cd8c6c08f19,heartbeat,-45
2026-09-20T15:25:28.823338+00:00,AP_01,dev_4d55811fcbb2d44b,heartbeat,-51
2026-09-20T15:25:28.823338+00:00,AP_02,dev_5cb49a89349d804a,heartbeat,-43
2026-09-20T15:25:29.823338+00:00,AP_01,dev_a42ce750a950b6ed,heartbeat,-53
2026-09-20T15:25:30.823338+00:00,AP_01,dev_39ef6cebfea41e12,heartbeat,-49
2026-09-20T15:25:30.823338+00:00,AP_01,dev_dac9735c15d23598,heartbeat,-56
2026-09-20T15:25:32.823338+00:00,AP_03,dev_172964ce995cefb5,heartbeat,-50
2026-09-20T15:25:32.823338+00:00,AP_03,dev_80d56b8303cd4403,heartbeat,-48
2026-09-20T15:25:33.823338+00:00,AP_01,dev_d5facb6e4cdd0f8d,heartbeat,-43
2026-09-20T15:25:33.823338+00:00,AP_02,dev_fd835430174d2b7e,heartbeat,-49
2026-09-20T15:25:34.823338+00:00,AP_01,dev_ba0ab9a640d8388b,heartbeat,-50
2026-09-20T15:25:34.823338+00:00,AP_01,dev_bee12d3e1f271e83,heartbeat,-50
2026-09-20T15:25:34.823338+00:00,AP_01,dev_570873d5e07620f7,heartbeat,-57
2026-09-20T15:25:34.823338+00:00,AP_01,dev_ac7b80880a1f3946,heartbeat,-49
2026-09-20T15:25:34.823338+00:00,AP_02,dev_c8621d86e105ae2c,heartbeat,-48
2026-09-20T15:25:35.823338+00:00,AP_02,dev_95f1a30bee85ba16,heartbeat,-58
2026-09-20T15:25:36.823338+00:00,AP_03,dev_3b33fcd2e1d3f788,heartbeat,-45
2026-09-20T15:25:36.823338+00:00,AP_02,dev_36251f494ec5e4c4,heartbeat,-54
2026-09-20T15:25:37.823338+00:00,AP_01,dev_78b7476e077c5c58,heartbeat,-47
2026-09-20T15:25:37.823338+00:00,AP_02,dev_9ac7e0c7eb7246b5,heartbeat,-49
2026-09-20T15:25:37.823338+00:00,AP_02,dev_a9a77d30a2535eda,heartbeat,-55
2026-09-20T15:25:37.823338+00:00,AP_02,dev_be01eb2e5060c2ba,heartbeat,-50
2026-09-20T15:25:38.823338+00:00,AP_02,dev_4463e93e128fb718,heartbeat,-47
2026-09-20T15:25:40.823338+00:00,AP_01,dev_ec7f305d29851a5a,heartbeat,-49
2026-09-20T15:25:40.823338+00:00,AP_02,dev_32123fce6801e287,heartbeat,-47
2026-09-20T15:25:40.823338+00:00,AP_02,dev_09e69aaa959cdd44,heartbeat,-47
2026-09-20T15:25:42.823338+00:00,AP_01,dev_4ec6910610b8ee21,heartbeat,-45
2026-09-20T15:25:42.823338+00:00,AP_01,dev_adc0336ce46d9142,heartbeat,-51
2026-09-20T15:25:43.823338+00:00,AP_01,dev_0e322e127a303cdd,heartbeat,-51
2026-09-20T15:25:44.823338+00:00,AP_01,dev_de09aa0b03e5957e,heartbeat,-50
2026-09-20T15:25:44.823338+00:00,AP_02,dev_fda1e4d27c7ec351,heartbeat,-50
2026-09-20T15:25:45.823338+00:00,AP_01,dev_ef43c0dc8df3847e,heartbeat,-49
2026-09-20T15:25:45.823338+00:00,AP_01,dev_0feb402657ab950a,heartbeat,-53
2026-09-20T15:25:46.823338+00:00,AP_02,dev_bb34b21593bc8929,heartbeat,-50
2026-09-20T15:25:47.823338+00:00,AP_01,dev_761dbfebee20a1b6,heartbeat,-44
2026-09-20T15:25:47.823338+00:00,AP_01,dev_0f3a5465c5be5029,heartbeat,-56
2026-09-20T15:25:51.823338+00:00,AP_01,dev_26be14216d4fd7c4,heartbeat,-49
2026-09-20T15:25:51.823338+00:00,AP_02,dev_02af9fa92d40a9af,heartbeat,-46
2026-09-20T15:25:52.823338+00:00,AP_01,dev_b00c9275f41b488e,heartbeat,-44
2026-09-20T15:25:52.823338+00:00,AP_02,dev_cd0c870c9624e6f6,heartbeat,-48
2026-09-20T15:25:52.823338+00:00,AP_03,dev_14710bbb669656eb,heartbeat,-42
2026-09-20T15:25:53.823338+00:00,AP_02,dev_942144bd6b3fd842,heartbeat,-46
2026-09-20T15:25:54.823338+00:00,AP_02,dev_298b986404f77877,heartbeat,-49
2026-09-20T15:25:54.823338+00:00,AP_03,dev_b3417cd8c6c08f19,heartbeat,-50
2026-09-20T15:25:54.823338+00:00,AP_02,dev_43e59eca12e9d77f,heartbeat,-47
2026-09-20T15:25:55.823338+00:00,AP_01,dev_46106d48bf350825,heartbeat,-51
2026-09-20T15:25:55.823338+00:00,AP_02,dev_e275ee8bb2c9833c,heartbeat,-46
2026-09-20T15:25:56.823338+00:00,AP_01,dev_e96f8bdb2ce51760,heartbeat,-53
2026-09-20T15:25:56.823338+00:00,AP_02,dev_bfa351d9deb65b50,heartbeat,-50
2026-09-20T15:25:57.823338+00:00,AP_01,dev_4d55811fcbb2d44b,heartbeat,-49
2026-09-20T15:25:57.823338+00:00,AP_01,dev_dac9735c15d23598,heartbeat,-49
2026-09-20T15:25:58.823338+00:00,AP_01,dev_a42ce750a950b6ed,heartbeat,-48
2026-09-20T15:25:59.823338+00:00,AP_01,dev_39ef6cebfea41e12,heartbeat,-56
2026-09-20T15:25:59.823338+00:00,AP_02,dev_5cb49a89349d804a,heartbeat,-49
2026-09-20T15:25:59.823338+00:00,AP_03,dev_80d56b8303cd4403,heartbeat,-51
2026-09-20T15:26:01.823338+00:00,AP_01,dev_570873d5e07620f7,heartbeat,-49
2026-09-20T15:26:03.823338+00:00,AP_03,dev_3b33fcd2e1d3f788,heartbeat,-46
2026-09-20T15:26:03.823338+00:00,AP_01,dev_d5facb6e4cdd0f8d,heartbeat,-50
2026-09-20T15:26:04.823338+00:00,AP_01,dev_ba0ab9a640d8388b,heartbeat,-54
2026-09-20T15:26:04.823338+00:00,AP_01,dev_78b7476e077c5c58,heartbeat,-43
2026-09-20T15:26:04.823338+00:00,AP_02,dev_be01eb2e5060c2ba,heartbeat,-46
2026-09-20T15:26:04.823338+00:00,AP_03,dev_172964ce995cefb5,heartbeat,-51
2026-09-20T15:26:05.823338+00:00,AP_02,dev_4463e93e128fb718,heartbeat,-52
2026-09-20T15:26:05.823338+00:00,AP_02,dev_c8621d86e105ae2c,heartbeat,-51
2026-09-20T15:26:05.823338+00:00,AP_02,dev_36251f494ec5e4c4,heartbeat,-58
2026-09-20T15:26:06.823338+00:00,AP_01,dev_ac7b80880a1f3946,heartbeat,-48
2026-09-20T15:26:06.823338+00:00,AP_02,dev_fd835430174d2b7e,heartbeat,-46
2026-09-20T15:26:07.823338+00:00,AP_01,dev_bee12d3e1f271e83,heartbeat,-56
2026-09-20T15:26:07.823338+00:00,AP_01,dev_cdd31791962be48c,connect,-89
2026-09-20T15:26:07.823338+00:00,AP_02,dev_95f1a30bee85ba16,heartbeat,-52
2026-09-20T15:26:08.823338+00:00,AP_01,dev_ec7f305d29851a5a,heartbeat,-50
2026-09-20T15:26:09.823338+00:00,AP_01,dev_4ec6910610b8ee21,heartbeat,-47
2026-09-20T15:26:09.823338+00:00,AP_02,dev_a9a77d30a2535eda,heartbeat,-48
2026-09-20T15:26:10.823338+00:00,AP_02,dev_9ac7e0c7eb7246b5,heartbeat,-52
2026-09-20T15:26:10.823338+00:00,AP_02,dev_32123fce6801e287,heartbeat,-54
2026-09-20T15:26:11.823338+00:00,AP_01,dev_0e322e127a303cdd,heartbeat,-53
2026-09-20T15:26:12.823338+00:00,AP_01,dev_ef43c0dc8df3847e,heartbeat,-51
2026-09-20T15:26:12.823338+00:00,AP_01,dev_adc0336ce46d9142,heartbeat,-54
2026-09-20T15:26:13.823338+00:00,AP_02,dev_bb34b21593bc8929,heartbeat,-48
2026-09-20T15:26:13.823338+00:00,AP_02,dev_09e69aaa959cdd44,heartbeat,-49
2026-09-20T15:26:14.823338+00:00,AP_01,dev_cdd31791962be48c,disconnect,-78
2026-09-20T15:26:15.823338+00:00,AP_02,dev_fda1e4d27c7ec351,heartbeat,-56
2026-09-20T15:26:17.823338+00:00,AP_01,dev_de09aa0b03e5957e,heartbeat,-49
2026-09-20T15:26:18.823338+00:00,AP_01,dev_761dbfebee20a1b6,heartbeat,-45
2026-09-20T15:26:18.823338+00:00,AP_01,dev_0f3a5465c5be5029,heartbeat,-54
2026-09-20T15:26:18.823338+00:00,AP_01,dev_0feb402657ab950a,heartbeat,-50
2026-09-20T15:26:19.823338+00:00,AP_01,dev_26be14216d4fd7c4,heartbeat,-51
2026-09-20T15:26:20.823338+00:00,AP_02,dev_cd0c870c9624e6f6,heartbeat,-59
2026-09-20T15:26:21.823338+00:00,AP_01,dev_b00c9275f41b488e,heartbeat,-49
2026-09-20T15:26:21.823338+00:00,AP_02,dev_298b986404f77877,heartbeat,-51
2026-09-20T15:26:21.823338+00:00,AP_02,dev_942144bd6b3fd842,heartbeat,-47
2026-09-20T15:26:23.823338+00:00,AP_01,dev_e96f8bdb2ce51760,heartbeat,-47
2026-09-20T15:26:23.823338+00:00,AP_02,dev_02af9fa92d40a9af,heartbeat,-49
2026-09-20T15:26:24.823338+00:00,AP_01,dev_4d55811fcbb2d44b,heartbeat,-54
2026-09-20T15:26:24.823338+00:00,AP_01,dev_46106d48bf350825,heartbeat,-49
2026-09-20T15:26:24.823338+00:00,AP_03,dev_b3417cd8c6c08f19,heartbeat,-46
2026-09-20T15:26:25.823338+00:00,AP_01,dev_a42ce750a950b6ed,heartbeat,-56
2026-09-20T15:26:25.823338+00:00,AP_02,dev_43e59eca12e9d77f,heartbeat,-49
2026-09-20T15:26:25.823338+00:00,AP_03,dev_14710bbb669656eb,heartbeat,-46
2026-09-20T15:26:26.823338+00:00,AP_01,dev_39ef6cebfea41e12,heartbeat,-44
2026-09-20T15:26:27.823338+00:00,AP_02,dev_e275ee8bb2c9833c,heartbeat,-58
2026-09-20T15:26:27.823338+00:00,AP_02,dev_bfa351d9deb65b50,heartbeat,-49
2026-09-20T15:26:28.823338+00:00,AP_03,dev_80d56b8303cd4403,heartbeat,-47
2026-09-20T15:26:29.823338+00:00,AP_02,dev_5cb49a89349d804a,heartbeat,-44
2026-09-20T15:26:30.823338+00:00,AP_01,dev_dac9735c15d23598,heartbeat,-48
2026-09-20T15:26:32.823338+00:00,AP_01,dev_570873d5e07620f7,heartbeat,-53
2026-09-20T15:26:33.823338+00:00,AP_01,dev_d5facb6e4cdd0f8d,heartbeat,-56
2026-09-20T15:26:33.823338+00:00,AP_02,dev_36251f494ec5e4c4,heartbeat,-46
2026-09-20T15:26:33.823338+00:00,AP_02,dev_fd835430174d2b7e,heartbeat,-53
2026-09-20T15:26:33.823338+00:00,AP_02,dev_be01eb2e5060c2ba,heartbeat,-55
2026-09-20T15:26:34.823338+00:00,AP_01,dev_ba0ab9a640d8388b,heartbeat,-47
2026-09-20T15:26:34.823338+00:00,AP_03,dev_3b33fcd2e1d3f788,heartbeat,-48
2026-09-20T15:26:34.823338+00:00,AP_03,dev_172964ce995cefb5,heartbeat,-53
2026-09-20T15:26:35.823338+00:00,AP_01,dev_78b7476e077c5c58,heartbeat,-51
2026-09-20T15:26:35.823338+00:00,AP_02,dev_c8621d86e105ae2c,heartbeat,-51
2026-09-20T15:26:36.823338+00:00,AP_02,dev_95f1a30bee85ba16,heartbeat,-54
2026-09-20T15:26:37.823338+00:00,AP_01,dev_ac7b80880a1f3946,heartbeat,-49
2026-09-20T15:26:37.823338+00:00,AP_02,dev_4463e93e128fb718,heartbeat,-44
2026-09-20T15:26:40.823338+00:00,AP_01,dev_ef43c0dc8df3847e,heartbeat,-52
2026-09-20T15:26:40.823338+00:00,AP_01,dev_bee12d3e1f271e83,heartbeat,-46
2026-09-20T15:26:40.823338+00:00,AP_01,dev_ec7f305d29851a5a,heartbeat,-51
2026-09-20T15:26:40.823338+00:00,AP_01,dev_adc0336ce46d9142,heartbeat,-52
2026-09-20T15:26:41.823338+00:00,AP_01,dev_0e322e127a303cdd,heartbeat,-52
2026-09-20T15:26:42.823338+00:00,AP_01,dev_4ec6910610b8ee21,heartbeat,-48
2026-09-20T15:26:42.823338+00:00,AP_02,dev_a9a77d30a2535eda,heartbeat,-43
2026-09-20T15:26:42.823338+00:00,AP_02,dev_09e69aaa959cdd44,heartbeat,-43
2026-09-20T15:26:43.823338+00:00,AP_02,dev_9ac7e0c7eb7246b5,heartbeat,-52
2026-09-20T15:26:43.823338+00:00,AP_02,dev_32123fce6801e287,heartbeat,-52
2026-09-20T15:26:44.823338+00:00,AP_02,dev_fda1e4d27c7ec351,heartbeat,-41
2026-09-20T15:26:46.823338+00:00,AP_01,dev_de09aa0b03e5957e,heartbeat,-51
2026-09-20T15:26:46.823338+00:00,AP_02,dev_bb34b21593bc8929,heartbeat,-42
2026-09-20T15:26:48.823338+00:00,AP_01,dev_0f3a5465c5be5029,heartbeat,-55
2026-09-20T15:26:49.823338+00:00,AP_01,dev_761dbfebee20a1b6,heartbeat,-47
2026-09-20T15:26:49.823338+00:00,AP_01,dev_b00c9275f41b488e,heartbeat,-51
2026-09-20T15:26:49.823338+00:00,AP_02,dev_298b986404f77877,heartbeat,-51
2026-09-20T15:26:50.823338+00:00,AP_01,dev_0feb402657ab950a,heartbeat,-50
2026-09-20T15:26:51.823338+00:00,AP_01,dev_26be14216d4fd7c4,heartbeat,-48
2026-09-20T15:26:51.823338+00:00,AP_01,dev_46106d48bf350825,heartbeat,-51
2026-09-20T15:26:51.823338+00:00,AP_02,dev_942144bd6b3fd842,heartbeat,-48
2026-09-20T15:26:52.823338+00:00,AP_01,dev_e96f8bdb2ce51760,heartbeat,-52
2026-09-20T15:26:52.823338+00:00,AP_02,dev_43e59eca12e9d77f,heartbeat,-49
2026-09-20T15:26:53.823338+00:00,AP_02,dev_cd0c870c9624e6f6,heartbeat,-50
2026-09-20T15:26:54.823338+00:00,AP_02,dev_02af9fa92d40a9af,heartbeat,-51
2026-09-20T15:26:54.823338+00:00,AP_03,dev_b3417cd8c6c08f19,heartbeat,-48
2026-09-20T15:26:55.823338+00:00,AP_01,dev_a42ce750a950b6ed,heartbeat,-48
2026-09-20T15:26:56.823338+00:00,AP_01,dev_4d55811fcbb2d44b,heartbeat,-46
2026-09-20T15:26:56.823338+00:00,AP_02,dev_e275ee8bb2c9833c,heartbeat,-48
2026-09-20T15:26:56.823338+00:00,AP_02,dev_5cb49a89349d804a,heartbeat,-48
2026-09-20T15:26:57.823338+00:00,AP_01,dev_39ef6cebfea41e12,heartbeat,-50
2026-09-20T15:26:58.823338+00:00,AP_03,dev_14710bbb669656eb,heartbeat,-57
2026-09-20T15:26:59.823338+00:00,AP_01,dev_dac9735c15d23598,heartbeat,-50
2026-09-20T15:27:00.823338+00:00,AP_01,dev_d5facb6e4cdd0f8d,heartbeat,-48
2026-09-20T15:27:00.823338+00:00,AP_02,dev_bfa351d9deb65b50,heartbeat,-46
2026-09-20T15:27:00.823338+00:00,AP_03,dev_80d56b8303cd4403,heartbeat,-49
2026-09-20T15:27:01.823338+00:00,AP_01,dev_570873d5e07620f7,heartbeat,-46
2026-09-20T15:27:01.823338+00:00,AP_02,dev_36251f494ec5e4c4,heartbeat,-44
2026-09-20T15:27:02.823338+00:00,AP_01,dev_ba0ab9a640d8388b,heartbeat,-44
2026-09-20T15:27:02.823338+00:00,AP_03,dev_3b33fcd2e1d3f788,heartbeat,-54
2026-09-20T15:27:02.823338+00:00,AP_03,dev_172964ce995cefb5,heartbeat,-46
2026-09-20T15:27:03.823338+00:00,AP_02,dev_be01eb2e5060c2ba,heartbeat,-53
2026-09-20T15:27:04.823338+00:00,AP_01,dev_78b7476e077c5c58,heartbeat,-55
2026-09-20T15:27:04.823338+00:00,AP_02,dev_fd835430174d2b7e,heartbeat,-47
2026-09-20T15:27:05.823338+00:00,AP_02,dev_95f1a30bee85ba16,heartbeat,-52
2026-09-20T15:27:06.823338+00:00,AP_02,dev_4463e93e128fb718,heartbeat,-45
2026-09-20T15:27:07.823338+00:00,AP_02,dev_c8621d86e105ae2c,heartbeat,-55
2026-09-20T15:27:08.823338+00:00,AP_01,dev_ac7b80880a1f3946,heartbeat,-51
2026-09-20T15:27:09.823338+00:00,AP_01,dev_bee12d3e1f271e83,heartbeat,-50
2026-09-20T15:27:10.823338+00:00,AP_01,dev_adc0336ce46d9142,heartbeat,-50
2026-09-20T15:27:11.823338+00:00,AP_01,dev_ec7f305d29851a5a,heartbeat,-49
2026-09-20T15:27:12.823338+00:00,AP_01,dev_0e322e127a303cdd,heartbeat,-46
2026-09-20T15:27:12.823338+00:00,AP_02,dev_a9a77d30a2535eda,heartbeat,-46
2026-09-20T15:27:13.823338+00:00,AP_01,dev_ef43c0dc8df3847e,heartbeat,-50
2026-09-20T15:27:13.823338+00:00,AP_02,dev_09e69aaa959cdd44,heartbeat,-49
2026-09-20T15:27:14.823338+00:00,AP_01,dev_4ec6910610b8ee21,heartbeat,-48
2026-09-20T15:27:14.823338+00:00,AP_02,dev_32123fce6801e287,heartbeat,-41
2026-09-20T15:27:15.823338+00:00,AP_02,dev_9ac7e0c7eb7246b5,heartbeat,-49
2026-09-20T15:27:15.823338+00:00,AP_02,dev_fda1e4d27c7ec351,heartbeat,-46
2026-09-20T15:27:16.823338+00:00,AP_01,dev_de09aa0b03e5957e,heartbeat,-50
2026-09-20T15:27:17.823338+00:00,AP_01,dev_761dbfebee20a1b6,heartbeat,-51
2026-09-20T15:27:18.823338+00:00,AP_02,dev_298b986404f77877,heartbeat,-50
2026-09-20T15:27:18.823338+00:00,AP_02,dev_bb34b21593bc8929,heartbeat,-42
2026-09-20T15:27:19.823338+00:00,AP_01,dev_26be14216d4fd7c4,heartbeat,-57
2026-09-20T15:27:19.823338+00:00,AP_01,dev_0f3a5465c5be5029,heartbeat,-47
2026-09-20T15:27:19.823338+00:00,AP_01,dev_0feb402657ab950a,heartbeat,-49
2026-09-20T15:27:20.823338+00:00,AP_01,dev_b00c9275f41b488e,heartbeat,-54
2026-09-20T15:27:22.823338+00:00,AP_01,dev_46106d48bf350825,heartbeat,-49
2026-09-20T15:27:22.823338+00:00,AP_02,dev_02af9fa92d40a9af,heartbeat,-47
2026-09-20T15:27:22.823338+00:00,AP_02,dev_43e59eca12e9d77f,heartbeat,-52
2026-09-20T15:27:22.823338+00:00,AP_02,dev_942144bd6b3fd842,heartbeat,-49
2026-09-20T15:27:23.823338+00:00,AP_01,dev_e96f8bdb2ce51760,heartbeat,-43
2026-09-20T15:27:24.823338+00:00,AP_02,dev_cd0c870c9624e6f6,heartbeat,-49
2026-09-20T15:27:25.823338+00:00,AP_01,dev_4d55811fcbb2d44b,heartbeat,-55
2026-09-20T15:27:25.823338+00:00,AP_01,dev_a42ce750a950b6ed,heartbeat,-48
2026-09-20T15:27:25.823338+00:00,AP_03,dev_b3417cd8c6c08f19,heartbeat,-54
2026-09-20T15:27:28.823338+00:00,AP_01,dev_570873d5e07620f7,heartbeat,-50
2026-09-20T15:27:28.823338+00:00,AP_01,dev_39ef6cebfea41e12,heartbeat,-45
2026-09-20T15:27:28.823338+00:00,AP_01,dev_dac9735c15d23598,heartbeat,-50
2026-09-20T15:27:28.823338+00:00,AP_02,dev_e275ee8bb2c9833c,heartbeat,-47
2026-09-20T15:27:29.823338+00:00,AP_02,dev_36251f494ec5e4c4,heartbeat,-51
2026-09-20T15:27:29.823338+00:00,AP_02,dev_5cb49a89349d804a,heartbeat,-50
2026-09-20T15:27:30.823338+00:00,AP_03,dev_14710bbb669656eb,heartbeat,-47
2026-09-20T15:27:32.823338+00:00,AP_03,dev_3b33fcd2e1d3f788,heartbeat,-50
2026-09-20T15:27:32.823338+00:00,AP_03,dev_80d56b8303cd4403,heartbeat,-53
2026-09-20T15:27:33.823338+00:00,AP_01,dev_d5facb6e4cdd0f8d,heartbeat,-42
2026-09-20T15:27:33.823338+00:00,AP_02,dev_bfa351d9deb65b50,heartbeat,-51
2026-09-20T15:27:33.823338+00:00,AP_02,dev_fd835430174d2b7e,heartbeat,-53
2026-09-20T15:27:33.823338+00:00,AP_02,dev_be01eb2e5060c2ba,heartbeat,-45
2026-09-20T15:27:33.823338+00:00,AP_03,dev_172964ce995cefb5,heartbeat,-58
2026-09-20T15:27:34.823338+00:00,AP_01,dev_ba0ab9a640d8388b,heartbeat,-47
2026-09-20T15:27:34.823338+00:00,AP_02,dev_95f1a30bee85ba16,heartbeat,-48
2026-09-20T15:27:35.823338+00:00,AP_01,dev_78b7476e077c5c58,heartbeat,-54
2026-09-20T15:27:36.823338+00:00,AP_02,dev_c8621d86e105ae2c,heartbeat,-50
2026-09-20T15:27:37.823338+00:00,AP_02,dev_4463e93e128fb718,heartbeat,-53
2026-09-20T15:27:38.823338+00:00,AP_01,dev_ec7f305d29851a5a,heartbeat,-49
2026-09-20T15:27:39.823338+00:00,AP_01,dev_ac7b80880a1f3946,heartbeat,-51
2026-09-20T15:27:40.823338+00:00,AP_01,dev_ef43c0dc8df3847e,heartbeat,-48
2026-09-20T15:27:41.823338+00:00,AP_01,dev_0e322e127a303cdd,heartbeat,-51
2026-09-20T15:27:41.823338+00:00,AP_01,dev_4ec6910610b8ee21,heartbeat,-46
2026-09-20T15:27:41.823338+00:00,AP_02,dev_32123fce6801e287,heartbeat,-52
2026-09-20T15:27:42.823338+00:00,AP_01,dev_bee12d3e1f271e83,heartbeat,-50
2026-09-20T15:27:42.823338+00:00,AP_02,dev_9ac7e0c7eb7246b5,heartbeat,-54
2026-09-20T15:27:42.823338+00:00,AP_02,dev_09e69aaa959cdd44,heartbeat,-47
2026-09-20T15:27:43.823338+00:00,AP_01,dev_adc0336ce46d9142,heartbeat,-51
2026-09-20T15:27:43.823338+00:00,AP_02,dev_a9a77d30a2535eda,heartbeat,-50
2026-09-20T15:27:44.823338+00:00,AP_02,dev_fda1e4d27c7ec351,heartbeat,-45
2026-09-20T15:27:45.823338+00:00,AP_01,dev_761dbfebee20a1b6,heartbeat,-52
2026-09-20T15:27:46.823338+00:00,AP_01,dev_0f3a5465c5be5029,heartbeat,-55
2026-09-20T15:27:47.823338+00:00,AP_02,dev_bb34b21593bc8929,heartbeat,-53
2026-09-20T15:27:49.823338+00:00,AP_01,dev_de09aa0b03e5957e,heartbeat,-51
2026-09-20T15:27:49.823338+00:00,AP_02,dev_298b986404f77877,heartbeat,-45
2026-09-20T15:27:50.823338+00:00,AP_01,dev_26be14216d4fd7c4,heartbeat,-53
2026-09-20T15:27:50.823338+00:00,AP_02,dev_02af9fa92d40a9af,heartbeat,-47
2026-09-20T15:27:52.823338+00:00,AP_01,dev_46106d48bf350825,heartbeat,-51
2026-09-20T15:27:52.823338+00:00,AP_01,dev_a42ce750a950b6ed,heartbeat,-44
2026-09-20T15:27:52.823338+00:00,AP_01,dev_0feb402657ab950a,heartbeat,-48
2026-09-20T15:27:53.823338+00:00,AP_01,dev_b00c9275f41b488e,heartbeat,-48
2026-09-20T15:27:53.823338+00:00,AP_02,dev_43e59eca12e9d77f,heartbeat,-52
2026-09-20T15:27:54.823338+00:00,AP_01,dev_4d55811fcbb2d44b,heartbeat,-48
2026-09-20T15:27:54.823338+00:00,AP_02,dev_cd0c870c9624e6f6,heartbeat,-53
2026-09-20T15:27:55.823338+00:00,AP_01,dev_e96f8bdb2ce51760,heartbeat,-55
2026-09-20T15:27:55.823338+00:00,AP_02,dev_942144bd6b3fd842,heartbeat,-46
2026-09-20T15:27:56.823338+00:00,AP_02,dev_e275ee8bb2c9833c,heartbeat,-50
2026-09-20T15:27:56.823338+00:00,AP_02,dev_5cb49a89349d804a,heartbeat,-57
2026-09-20T15:27:57.823338+00:00,AP_01,dev_39ef6cebfea41e12,heartbeat,-48
2026-09-20T15:27:58.823338+00:00,AP_01,dev_dac9735c15d23598,heartbeat,-54
2026-09-20T15:27:58.823338+00:00,AP_03,dev_b3417cd8c6c08f19,heartbeat,-48
2026-09-20T15:27:58.823338+00:00,AP_03,dev_14710bbb669656eb,heartbeat,-54
2026-09-20T15:27:59.823338+00:00,AP_02,dev_36251f494ec5e4c4,heartbeat,-51
2026-09-20T15:28:00.823338+00:00,AP_03,dev_80d56b8303cd4403,heartbeat,-54
2026-09-20T15:28:01.823338+00:00,AP_01,dev_ba0ab9a640d8388b,heartbeat,-45
2026-09-20T15:28:01.823338+00:00,AP_01,dev_570873d5e07620f7,heartbeat,-52
2026-09-20T15:28:02.823338+00:00,AP_01,dev_d5facb6e4cdd0f8d,heartbeat,-51
2026-09-20T15:28:03.823338+00:00,AP_03,dev_3b33fcd2e1d3f788,heartbeat,-48
2026-09-20T15:28:03.823338+00:00,AP_02,dev_be01eb2e5060c2ba,heartbeat,-42
2026-09-20T15:28:03.823338+00:00,AP_03,dev_172964ce995cefb5,heartbeat,-51
2026-09-20T15:28:04.823338+00:00,AP_02,dev_4463e93e128fb718,heartbeat,-45
2026-09-20T15:28:04.823338+00:00,AP_02,dev_bfa351d9deb65b50,heartbeat,-52
2026-09-20T15:28:05.823338+00:00,AP_01,dev_78b7476e077c5c58,heartbeat,-52
2026-09-20T15:28:06.823338+00:00,AP_02,dev_95f1a30bee85ba16,heartbeat,-42
2026-09-20T15:28:06.823338+00:00,AP_02,dev_fd835430174d2b7e,heartbeat,-49
2026-09-20T15:28:08.823338+00:00,AP_02,dev_c8621d86e105ae2c,heartbeat,-48
2026-09-20T15:28:09.823338+00:00,AP_01,dev_bee12d3e1f271e83,heartbeat,-46
2026-09-20T15:28:09.823338+00:00,AP_01,dev_ec7f305d29851a5a,heartbeat,-49
2026-09-20T15:28:09.823338+00:00,AP_02,dev_32123fce6801e287,heartbeat,-48
2026-09-20T15:28:10.823338+00:00,AP_01,dev_ac7b80880a1f3946,heartbeat,-51
2026-09-20T15:28:11.823338+00:00,AP_01,dev_ef43c0dc8df3847e,heartbeat,-52
2026-09-20T15:28:13.823338+00:00,AP_01,dev_4ec6910610b8ee21,heartbeat,-53
2026-09-20T15:28:13.823338+00:00,AP_02,dev_9ac7e0c7eb7246b5,heartbeat,-48
2026-09-20T15:28:14.823338+00:00,AP_01,dev_761dbfebee20a1b6,heartbeat,-50
2026-09-20T15:28:14.823338+00:00,AP_01,dev_0e322e127a303cdd,heartbeat,-49
2026-09-20T15:28:14.823338+00:00,AP_01,dev_0f3a5465c5be5029,heartbeat,-54
2026-09-20T15:28:14.823338+00:00,AP_02,dev_09e69aaa959cdd44,heartbeat,-45
2026-09-20T15:28:15.823338+00:00,AP_01,dev_adc0336ce46d9142,heartbeat,-48
2026-09-20T15:28:15.823338+00:00,AP_02,dev_a9a77d30a2535eda,heartbeat,-44
2026-09-20T15:28:16.823338+00:00,AP_02,dev_bb34b21593bc8929,heartbeat,-48
2026-09-20T15:28:17.823338+00:00,AP_02,dev_fda1e4d27c7ec351,heartbeat,-50
2026-09-20T15:28:18.823338+00:00,AP_01,dev_26be14216d4fd7c4,heartbeat,-52
2026-09-20T15:28:20.823338+00:00,AP_01,dev_b00c9275f41b488e,heartbeat,-48
2026-09-20T15:28:20.823338+00:00,AP_02,dev_02af9fa92d40a9af,heartbeat,-48
2026-09-20T15:28:20.823338+00:00,AP_02,dev_43e59eca12e9d77f,heartbeat,-49
2026-09-20T15:28:21.823338+00:00,AP_01,dev_a42ce750a950b6ed,heartbeat,-49
2026-09-20T15:28:21.823338+00:00,AP_01,dev_0feb402657ab950a,heartbeat,-52
2026-09-20T15:28:22.823338+00:00,AP_01,dev_de09aa0b03e5957e,heartbeat,-49
2026-09-20T15:28:22.823338+00:00,AP_02,dev_298b986404f77877,heartbeat,-58
2026-09-20T15:28:22.823338+00:00,AP_02,dev_942144bd6b3fd842,heartbeat,-51
2026-09-20T15:28:25.823338+00:00,AP_01,dev_46106d48bf350825,heartbeat,-48
2026-09-20T15:28:25.823338+00:00,AP_02,dev_cd0c870c9624e6f6,heartbeat,-50
2026-09-20T15:28:26.823338+00:00,AP_01,dev_e96f8bdb2ce51760,heartbeat,-56
2026-09-20T15:28:26.823338+00:00,AP_03,dev_b3417cd8c6c08f19,heartbeat,-48
2026-09-20T15:28:26.823338+00:00,AP_02,dev_5cb49a89349d804a,heartbeat,-48
2026-09-20T15:28:27.823338+00:00,AP_01,dev_4d55811fcbb2d44b,heartbeat,-46
2026-09-20T15:28:28.823338+00:00,AP_01,dev_ba0ab9a640d8388b,heartbeat,-53
2026-09-20T15:28:28.823338+00:00,AP_01,dev_39ef6cebfea41e12,heartbeat,-48
2026-09-20T15:28:28.823338+00:00,AP_02,dev_e275ee8bb2c9833c,heartbeat,-48
2026-09-20T15:28:28.823338+00:00,AP_03,dev_14710bbb669656eb,heartbeat,-49
2026-09-20T15:28:29.823338+00:00,AP_01,dev_d5facb6e4cdd0f8d,heartbeat,-48
2026-09-20T15:28:29.823338+00:00,AP_02,dev_36251f494ec5e4c4,heartbeat,-54
2026-09-20T15:28:30.823338+00:00,AP_03,dev_3b33fcd2e1d3f788,heartbeat,-47
2026-09-20T15:28:31.823338+00:00,AP_01,dev_dac9735c15d23598,heartbeat,-53
2026-09-20T15:28:31.823338+00:00,AP_03,dev_80d56b8303cd4403,heartbeat,-41
2026-09-20T15:28:33.823338+00:00,AP_01,dev_570873d5e07620f7,heartbeat,-51
2026-09-20T15:28:33.823338+00:00,AP_02,dev_be01eb2e5060c2ba,heartbeat,-52
2026-09-20T15:28:34.823338+00:00,AP_02,dev_bfa351d9deb65b50,heartbeat,-53
2026-09-20T15:28:34.823338+00:00,AP_02,dev_95f1a30bee85ba16,heartbeat,-51
2026-09-20T15:28:34.823338+00:00,AP_03,dev_172964ce995cefb5,heartbeat,-45
2026-09-20T15:28:35.823338+00:00,AP_01,dev_78b7476e077c5c58,heartbeat,-54
2026-09-20T15:28:37.823338+00:00,AP_01,dev_ac7b80880a1f3946,heartbeat,-45
2026-09-20T15:28:37.823338+00:00,AP_02,dev_4463e93e128fb718,heartbeat,-49
2026-09-20T15:28:38.823338+00:00,AP_01,dev_bee12d3e1f271e83,heartbeat,-45
2026-09-20T15:28:39.823338+00:00,AP_01,dev_ef43c0dc8df3847e,heartbeat,-50
2026-09-20T15:28:39.823338+00:00,AP_01,dev_ec7f305d29851a5a,heartbeat,-52
2026-09-20T15:28:39.823338+00:00,AP_02,dev_fd835430174d2b7e,heartbeat,-46
2026-09-20T15:28:40.823338+00:00,AP_02,dev_32123fce6801e287,heartbeat,-48
2026-09-20T15:28:41.823338+00:00,AP_02,dev_c8621d86e105ae2c,heartbeat,-48
2026-09-20T15:28:42.823338+00:00,AP_01,dev_761dbfebee20a1b6,heartbeat,-50
2026-09-20T15:28:42.823338+00:00,AP_01,dev_0e322e127a303cdd,heartbeat,-48
2026-09-20T15:28:42.823338+00:00,AP_02,dev_9ac7e0c7eb7246b5,heartbeat,-47
2026-09-20T15:28:42.823338+00:00,AP_02,dev_09e69aaa959cdd44,heartbeat,-52
2026-09-20T15:28:43.823338+00:00,AP_01,dev_0f3a5465c5be5029,heartbeat,-52
2026-09-20T15:28:44.823338+00:00,AP_01,dev_4ec6910610b8ee21,heartbeat,-47
2026-09-20T15:28:45.823338+00:00,AP_02,dev_bb34b21593bc8929,heartbeat,-50
2026-09-20T15:28:46.823338+00:00,AP_01,dev_26be14216d4fd7c4,heartbeat,-48
2026-09-20T15:28:47.823338+00:00,AP_01,dev_adc0336ce46d9142,heartbeat,-47
2026-09-20T15:28:47.823338+00:00,AP_02,dev_a9a77d30a2535eda,heartbeat,-50
2026-09-20T15:28:48.823338+00:00,AP_02,dev_fda1e4d27c7ec351,heartbeat,-54
2026-09-20T15:28:49.823338+00:00,AP_01,dev_0feb402657ab950a,heartbeat,-50
2026-09-20T15:28:49.823338+00:00,AP_02,dev_02af9fa92d40a9af,heartbeat,-52
2026-09-20T15:28:50.823338+00:00,AP_02,dev_942144bd6b3fd842,heartbeat,-52
2026-09-20T15:28:51.823338+00:00,AP_01,dev_de09aa0b03e5957e,heartbeat,-53
2026-09-20T15:28:52.823338+00:00,AP_01,dev_a42ce750a950b6ed,heartbeat,-50
2026-09-20T15:28:53.823338+00:00,AP_01,dev_e96f8bdb2ce51760,heartbeat,-51
2026-09-20T15:28:53.823338+00:00,AP_01,dev_b00c9275f41b488e,heartbeat,-47
2026-09-20T15:28:53.823338+00:00,AP_02,dev_298b986404f77877,heartbeat,-45
2026-09-20T15:28:53.823338+00:00,AP_02,dev_cd0c870c9624e6f6,heartbeat,-50
2026-09-20T15:28:53.823338+00:00,AP_02,dev_43e59eca12e9d77f,heartbeat,-56
2026-09-20T15:28:54.823338+00:00,AP_03,dev_b3417cd8c6c08f19,heartbeat,-48
2026-09-20T15:28:55.823338+00:00,AP_01,dev_4d55811fcbb2d44b,heartbeat,-48
2026-09-20T15:28:55.823338+00:00,AP_01,dev_46106d48bf350825,heartbeat,-49
2026-09-20T15:28:55.823338+00:00,AP_02,dev_5cb49a89349d804a,heartbeat,-44
2026-09-20T15:28:55.823338+00:00,AP_03,dev_14710bbb669656eb,heartbeat,-50
2026-09-20T15:28:59.823338+00:00,AP_01,dev_ba0ab9a640d8388b,heartbeat,-54
2026-09-20T15:28:59.823338+00:00,AP_01,dev_39ef6cebfea41e12,heartbeat,-46
2026-09-20T15:28:59.823338+00:00,AP_02,dev_e275ee8bb2c9833c,heartbeat,-39
2026-09-20T15:29:01.823338+00:00,AP_01,dev_d5facb6e4cdd0f8d,heartbeat,-48
2026-09-20T15:29:01.823338+00:00,AP_02,dev_36251f494ec5e4c4,heartbeat,-45
2026-09-20T15:29:02.823338+00:00,AP_03,dev_3b33fcd2e1d3f788,heartbeat,-51
2026-09-20T15:29:02.823338+00:00,AP_01,dev_570873d5e07620f7,heartbeat,-50
2026-09-20T15:29:02.823338+00:00,AP_02,dev_95f1a30bee85ba16,heartbeat,-50
2026-09-20T15:29:02.823338+00:00,AP_03,dev_80d56b8303cd4403,heartbeat,-56
2026-09-20T15:29:03.823338+00:00,AP_02,dev_bfa351d9deb65b50,heartbeat,-47
2026-09-20T15:29:03.823338+00:00,AP_02,dev_be01eb2e5060c2ba,heartbeat,-52
2026-09-20T15:29:04.823338+00:00,AP_01,dev_dac9735c15d23598,heartbeat,-49
2026-09-20T15:29:04.823338+00:00,AP_02,dev_4463e93e128fb718,heartbeat,-46
2026-09-20T15:29:04.823338+00:00,AP_03,dev_172964ce995cefb5,heartbeat,-53
2026-09-20T15:29:05.823338+00:00,AP_01,dev_ac7b80880a1f3946,heartbeat,-44
2026-09-20T15:29:07.823338+00:00,AP_01,dev_bee12d3e1f271e83,heartbeat,-47
2026-09-20T15:29:07.823338+00:00,AP_02,dev_fd835430174d2b7e,heartbeat,-49
2026-09-20T15:29:08.823338+00:00,AP_01,dev_ef43c0dc8df3847e,heartbeat,-49
2026-09-20T15:29:08.823338+00:00,AP_01,dev_78b7476e077c5c58,heartbeat,-53
2026-09-20T15:29:08.823338+00:00,AP_02,dev_32123fce6801e287,heartbeat,-52
2026-09-20T15:29:09.823338+00:00,AP_01,dev_761dbfebee20a1b6,heartbeat,-53
2026-09-20T15:29:09.823338+00:00,AP_01,dev_ec7f305d29851a5a,heartbeat,-50
2026-09-20T15:29:09.823338+00:00,AP_02,dev_9ac7e0c7eb7246b5,heartbeat,-48
2026-09-20T15:29:10.823338+00:00,AP_02,dev_c8621d86e105ae2c,heartbeat,-56
2026-09-20T15:29:12.823338+00:00,AP_01,dev_0f3a5465c5be5029,heartbeat,-50
2026-09-20T15:29:14.823338+00:00,AP_01,dev_adc0336ce46d9142,heartbeat,-51
2026-09-20T15:29:15.823338+00:00,AP_01,dev_0e322e127a303cdd,heartbeat,-54
2026-09-20T15:29:15.823338+00:00,AP_01,dev_4ec6910610b8ee21,heartbeat,-48
2026-09-20T15:29:15.823338+00:00,AP_02,dev_09e69aaa959cdd44,heartbeat,-49
2026-09-20T15:29:16.823338+00:00,AP_01,dev_0feb402657ab950a,heartbeat,-45
2026-09-20T15:29:17.823338+00:00,AP_01,dev_26be14216d4fd7c4,heartbeat,-52
2026-09-20T15:29:17.823338+00:00,AP_02,dev_bb34b21593bc8929,heartbeat,-47
2026-09-20T15:29:17.823338+00:00,AP_02,dev_a9a77d30a2535eda,heartbeat,-51
2026-09-20T15:29:17.823338+00:00,AP_02,dev_942144bd6b3fd842,heartbeat,-49
2026-09-20T15:29:19.823338+00:00,AP_01,dev_de09aa0b03e5957e,heartbeat,-55
2026-09-20T15:29:20.823338+00:00,AP_01,dev_a42ce750a950b6ed,heartbeat,-52
2026-09-20T15:29:20.823338+00:00,AP_02,dev_fda1e4d27c7ec351,heartbeat,-54
2026-09-20T15:29:20.823338+00:00,AP_02,dev_43e59eca12e9d77f,heartbeat,-50
2026-09-20T15:29:21.823338+00:00,AP_02,dev_02af9fa92d40a9af,heartbeat,-47
2026-09-20T15:29:21.823338+00:00,AP_03,dev_b3417cd8c6c08f19,heartbeat,-50
2026-09-20T15:29:22.823338+00:00,AP_01,dev_e96f8bdb2ce51760,heartbeat,-51
2026-09-20T15:29:23.823338+00:00,AP_03,dev_14710bbb669656eb,heartbeat,-51
2026-09-20T15:29:24.823338+00:00,AP_02,dev_298b986404f77877,heartbeat,-55
2026-09-20T15:29:25.823338+00:00,AP_02,dev_cd0c870c9624e6f6,heartbeat,-48
2026-09-20T15:29:26.823338+00:00,AP_01,dev_4d55811fcbb2d44b,heartbeat,-49
2026-09-20T15:29:26.823338+00:00,AP_01,dev_b00c9275f41b488e,heartbeat,-48
2026-09-20T15:29:27.823338+00:00,AP_02,dev_5cb49a89349d804a,heartbeat,-41
2026-09-20T15:29:28.823338+00:00,AP_01,dev_39ef6cebfea41e12,heartbeat,-51
2026-09-20T15:29:28.823338+00:00,AP_01,dev_46106d48bf350825,heartbeat,-51
2026-09-20T15:29:29.823338+00:00,AP_02,dev_e275ee8bb2c9833c,heartbeat,-46
2026-09-20T15:29:31.823338+00:00,AP_01,dev_ba0ab9a640d8388b,heartbeat,-41
2026-09-20T15:29:31.823338+00:00,AP_03,dev_3b33fcd2e1d3f788,heartbeat,-48
2026-09-20T15:29:31.823338+00:00,AP_02,dev_95f1a30bee85ba16,heartbeat,-54
2026-09-20T15:29:32.823338+00:00,AP_01,dev_d5facb6e4cdd0f8d,heartbeat,-48
2026-09-20T15:29:32.823338+00:00,AP_02,dev_bfa351d9deb65b50,heartbeat,-49
2026-09-20T15:29:33.823338+00:00,AP_01,dev_dac9735c15d23598,heartbeat,-51
2026-09-20T15:29:33.823338+00:00,AP_02,dev_36251f494ec5e4c4,heartbeat,-50
2026-09-20T15:29:33.823338+00:00,AP_02,dev_be01eb2e5060c2ba,heartbeat,-54
2026-09-20T15:29:34.823338+00:00,AP_03,dev_80d56b8303cd4403,heartbeat,-53
2026-09-20T15:29:35.823338+00:00,AP_01,dev_570873d5e07620f7,heartbeat,-52
2026-09-20T15:29:36.823338+00:00,AP_01,dev_78b7476e077c5c58,heartbeat,-53
2026-09-20T15:29:36.823338+00:00,AP_02,dev_4463e93e128fb718,heartbeat,-47
2026-09-20T15:29:37.823338+00:00,AP_01,dev_bee12d3e1f271e83,heartbeat,-44
2026-09-20T15:29:37.823338+00:00,AP_03,dev_172964ce995cefb5,heartbeat,-47
2026-09-20T15:29:38.823338+00:00,AP_01,dev_ef43c0dc8df3847e,heartbeat,-45
2026-09-20T15:29:38.823338+00:00,AP_01,dev_ac7b80880a1f3946,heartbeat,-56
2026-09-20T15:29:38.823338+00:00,AP_02,dev_32123fce6801e287,heartbeat,-48
2026-09-20T15:29:39.823338+00:00,AP_02,dev_9ac7e0c7eb7246b5,heartbeat,-52
2026-09-20T15:29:40.823338+00:00,AP_02,dev_fd835430174d2b7e,heartbeat,-48
2026-09-20T15:29:41.823338+00:00,AP_01,dev_761dbfebee20a1b6,heartbeat,-48
2026-09-20T15:29:41.823338+00:00,AP_01,dev_ec7f305d29851a5a,heartbeat,-51
2026-09-20T15:29:41.823338+00:00,AP_01,dev_adc0336ce46d9142,heartbeat,-46
2026-09-20T15:29:42.823338+00:00,AP_01,dev_0f3a5465c5be5029,heartbeat,-49
2026-09-20T15:29:42.823338+00:00,AP_02,dev_c8621d86e105ae2c,heartbeat,-50
2026-09-20T15:29:43.823338+00:00,AP_02,dev_09e69aaa959cdd44,heartbeat,-47
2026-09-20T15:29:44.823338+00:00,AP_01,dev_4ec6910610b8ee21,heartbeat,-49
2026-09-20T15:29:44.823338+00:00,AP_02,dev_bb34b21593bc8929,heartbeat,-46
2026-09-20T15:29:45.823338+00:00,AP_01,dev_0feb402657ab950a,heartbeat,-48
2026-09-20T15:29:45.823338+00:00,AP_02,dev_a9a77d30a2535eda,heartbeat,-45
2026-09-20T15:29:46.823338+00:00,AP_02,dev_942144bd6b3fd842,heartbeat,-48
2026-09-20T15:29:47.823338+00:00,AP_01,dev_0e322e127a303cdd,heartbeat,-49
2026-09-20T15:29:48.823338+00:00,AP_03,dev_b3417cd8c6c08f19,heartbeat,-49
2026-09-20T15:29:49.823338+00:00,AP_01,dev_de09aa0b03e5957e,heartbeat,-51
2026-09-20T15:29:49.823338+00:00,AP_02,dev_02af9fa92d40a9af,heartbeat,-48
2026-09-20T15:29:50.823338+00:00,AP_01,dev_26be14216d4fd7c4,heartbeat,-48
2026-09-20T15:29:50.823338+00:00,AP_01,dev_e96f8bdb2ce51760,heartbeat,-49
2026-09-20T15:29:50.823338+00:00,AP_02,dev_43e59eca12e9d77f,heartbeat,-52
2026-09-20T15:29:51.823338+00:00,AP_02,dev_fda1e4d27c7ec351,heartbeat,-52
2026-09-20T15:29:51.823338+00:00,AP_03,dev_14710bbb669656eb,heartbeat,-53
2026-09-20T15:29:52.823338+00:00,AP_02,dev_298b986404f77877,heartbeat,-46
2026-09-20T15:29:53.823338+00:00,AP_01,dev_4d55811fcbb2d44b,heartbeat,-47
2026-09-20T15:29:53.823338+00:00,AP_01,dev_a42ce750a950b6ed,heartbeat,-47
2026-09-20T15:29:55.823338+00:00,AP_02,dev_cd0c870c9624e6f6,heartbeat,-56
2026-09-20T15:29:56.823338+00:00,AP_02,dev_5cb49a89349d804a,heartbeat,-48
2026-09-20T15:29:57.823338+00:00,AP_01,dev_46106d48bf350825,heartbeat,-47
2026-09-20T15:29:57.823338+00:00,AP_02,dev_e275ee8bb2c9833c,heartbeat,-48
2026-09-20T15:29:58.823338+00:00,AP_01,dev_39ef6cebfea41e12,heartbeat,-51
2026-09-20T15:29:58.823338+00:00,AP_01,dev_b00c9275f41b488e,heartbeat,-50
2026-09-20T15:30:00.823338+00:00,AP_02,dev_95f1a30bee85ba16,heartbeat,-46
2026-09-20T15:30:01.823338+00:00,AP_03,dev_3b33fcd2e1d3f788,heartbeat,-53
2026-09-20T15:30:01.823338+00:00,AP_01,dev_d5facb6e4cdd0f8d,heartbeat,-54
2026-09-20T15:30:02.823338+00:00,AP_01,dev_570873d5e07620f7,heartbeat,-47
2026-09-20T15:30:03.823338+00:00,AP_02,dev_bfa351d9deb65b50,heartbeat,-48
2026-09-20T15:30:03.823338+00:00,AP_02,dev_be01eb2e5060c2ba,heartbeat,-54
2026-09-20T15:30:04.823338+00:00,AP_01,dev_ba0ab9a640d8388b,heartbeat,-50
2026-09-20T15:30:04.823338+00:00,AP_01,dev_78b7476e077c5c58,heartbeat,-49
2026-09-20T15:30:04.823338+00:00,AP_02,dev_4463e93e128fb718,heartbeat,-53
2026-09-20T15:30:05.823338+00:00,AP_02,dev_36251f494ec5e4c4,heartbeat,-52
2026-09-20T15:30:06.823338+00:00,AP_01,dev_ef43c0dc8df3847e,heartbeat,-51
2026-09-20T15:30:06.823338+00:00,AP_01,dev_dac9735c15d23598,heartbeat,-53
2026-09-20T15:30:06.823338+00:00,AP_03,dev_80d56b8303cd4403,heartbeat,-46
2026-09-20T15:30:07.823338+00:00,AP_01,dev_bee12d3e1f271e83,heartbeat,-51
2026-09-20T15:30:07.823338+00:00,AP_01,dev_ac7b80880a1f3946,heartbeat,-45
2026-09-20T15:30:07.823338+00:00,AP_02,dev_32123fce6801e287,heartbeat,-50
2026-09-20T15:30:08.823338+00:00,AP_02,dev_9ac7e0c7eb7246b5,heartbeat,-44
2026-09-20T15:30:09.823338+00:00,AP_01,dev_ec7f305d29851a5a,heartbeat,-44
2026-09-20T15:30:09.823338+00:00,AP_02,dev_c8621d86e105ae2c,heartbeat,-50
2026-09-20T15:30:09.823338+00:00,AP_03,dev_172964ce995cefb5,heartbeat,-53
2026-09-20T15:30:10.823338+00:00,AP_01,dev_761dbfebee20a1b6,heartbeat,-50
2026-09-20T15:30:11.823338+00:00,AP_02,dev_fd835430174d2b7e,heartbeat,-54
2026-09-20T15:30:12.823338+00:00,AP_01,dev_adc0336ce46d9142,heartbeat,-51
2026-09-20T15:30:12.823338+00:00,AP_01,dev_0feb402657ab950a,heartbeat,-45
2026-09-20T15:30:13.823338+00:00,AP_02,dev_942144bd6b3fd842,heartbeat,-43
2026-09-20T15:30:13.823338+00:00,AP_02,dev_09e69aaa959cdd44,heartbeat,-53
2026-09-20T15:30:14.823338+00:00,AP_01,dev_0f3a5465c5be5029,heartbeat,-47
2026-09-20T15:30:14.823338+00:00,AP_01,dev_4ec6910610b8ee21,heartbeat,-52
2026-09-20T15:30:15.823338+00:00,AP_01,dev_0e322e127a303cdd,heartbeat,-43
2026-09-20T15:30:17.823338+00:00,AP_02,dev_bb34b21593bc8929,heartbeat,-48
2026-09-20T15:30:18.823338+00:00,AP_01,dev_de09aa0b03e5957e,heartbeat,-47
2026-09-20T15:30:18.823338+00:00,AP_02,dev_02af9fa92d40a9af,heartbeat,-52
2026-09-20T15:30:18.823338+00:00,AP_02,dev_a9a77d30a2535eda,heartbeat,-58
2026-09-20T15:30:19.823338+00:00,AP_01,dev_e96f8bdb2ce51760,heartbeat,-55
2026-09-20T15:30:20.823338+00:00,AP_01,dev_a42ce750a950b6ed,heartbeat,-51
2026-09-20T15:30:20.823338+00:00,AP_02,dev_fda1e4d27c7ec351,heartbeat,-48
2026-09-20T15:30:20.823338+00:00,AP_03,dev_b3417cd8c6c08f19,heartbeat,-58
2026-09-20T15:30:21.823338+00:00,AP_01,dev_26be14216d4fd7c4,heartbeat,-47
2026-09-20T15:30:21.823338+00:00,AP_01,dev_4d55811fcbb2d44b,heartbeat,-47
2026-09-20T15:30:21.823338+00:00,AP_03,dev_14710bbb669656eb,heartbeat,-48
2026-09-20T15:30:23.823338+00:00,AP_02,dev_43e59eca12e9d77f,heartbeat,-51
2026-09-20T15:30:24.823338+00:00,AP_02,dev_298b986404f77877,heartbeat,-47
2026-09-20T15:30:25.823338+00:00,AP_01,dev_46106d48bf350825,heartbeat,-54
2026-09-20T15:30:25.823338+00:00,AP_02,dev_cd0c870c9624e6f6,heartbeat,-52
2026-09-20T15:30:25.823338+00:00,AP_02,dev_5cb49a89349d804a,heartbeat,-47
2026-09-20T15:30:26.823338+00:00,AP_02,dev_e275ee8bb2c9833c,heartbeat,-46
2026-09-20T15:30:27.823338+00:00,AP_01,dev_39ef6cebfea41e12,heartbeat,-49
2026-09-20T15:30:27.823338+00:00,AP_01,dev_b00c9275f41b488e,heartbeat,-52
2026-09-20T15:30:28.823338+00:00,AP_01,dev_d5facb6e4cdd0f8d,heartbeat,-52
2026-09-20T15:30:29.823338+00:00,AP_02,dev_95f1a30bee85ba16,heartbeat,-54
2026-09-20T15:30:30.823338+00:00,AP_02,dev_bfa351d9deb65b50,heartbeat,-43
2026-09-20T15:30:33.823338+00:00,AP_03,dev_3b33fcd2e1d3f788,heartbeat,-51
2026-09-20T15:30:33.823338+00:00,AP_03,dev_80d56b8303cd4403,heartbeat,-47
2026-09-20T15:30:34.823338+00:00,AP_01,dev_570873d5e07620f7,heartbeat,-54
2026-09-20T15:30:34.823338+00:00,AP_02,dev_be01eb2e5060c2ba,heartbeat,-51
2026-09-20T15:30:35.823338+00:00,AP_01,dev_ba0ab9a640d8388b,heartbeat,-50
2026-09-20T15:30:36.823338+00:00,AP_01,dev_ef43c0dc8df3847e,heartbeat,-49
2026-09-20T15:30:36.823338+00:00,AP_01,dev_bee12d3e1f271e83,heartbeat,-47
2026-09-20T15:30:36.823338+00:00,AP_02,dev_32123fce6801e287,heartbeat,-49
2026-09-20T15:30:37.823338+00:00,AP_01,dev_78b7476e077c5c58,heartbeat,-46
2026-09-20T15:30:37.823338+00:00,AP_02,dev_4463e93e128fb718,heartbeat,-50
2026-09-20T15:30:37.823338+00:00,AP_02,dev_c8621d86e105ae2c,heartbeat,-49
2026-09-20T15:30:37.823338+00:00,AP_02,dev_36251f494ec5e4c4,heartbeat,-52
2026-09-20T15:30:38.823338+00:00,AP_03,dev_172964ce995cefb5,heartbeat,-50
2026-09-20T15:30:39.823338+00:00,AP_01,dev_dac9735c15d23598,heartbeat,-47
2026-09-20T15:30:39.823338+00:00,AP_01,dev_ec7f305d29851a5a,heartbeat,-48
2026-09-20T15:30:39.823338+00:00,AP_02,dev_fd835430174d2b7e,heartbeat,-53
2026-09-20T15:30:40.823338+00:00,AP_01,dev_761dbfebee20a1b6,heartbeat,-39
2026-09-20T15:30:40.823338+00:00,AP_01,dev_ac7b80880a1f3946,heartbeat,-50
2026-09-20T15:30:40.823338+00:00,AP_02,dev_9ac7e0c7eb7246b5,heartbeat,-50
2026-09-20T15:30:41.823338+00:00,AP_01,dev_0f3a5465c5be5029,heartbeat,-44
2026-09-20T15:30:41.823338+00:00,AP_01,dev_adc0336ce46d9142,heartbeat,-49
2026-09-20T15:30:41.823338+00:00,AP_02,dev_09e69aaa959cdd44,heartbeat,-49
2026-09-20T15:30:42.823338+00:00,AP_01,dev_4ec6910610b8ee21,heartbeat,-55
2026-09-20T15:30:43.823338+00:00,AP_01,dev_0e322e127a303cdd,heartbeat,-48
2026-09-20T15:30:45.823338+00:00,AP_01,dev_0feb402657ab950a,heartbeat,-52
2026-09-20T15:30:45.823338+00:00,AP_02,dev_942144bd6b3fd842,heartbeat,-46
2026-09-20T15:30:48.823338+00:00,AP_01,dev_26be14216d4fd7c4,heartbeat,-50
2026-09-20T15:30:48.823338+00:00,AP_01,dev_4d55811fcbb2d44b,heartbeat,-53
2026-09-20T15:30:48.823338+00:00,AP_02,dev_02af9fa92d40a9af,heartbeat,-55
2026-09-20T15:30:48.823338+00:00,AP_03,dev_14710bbb669656eb,heartbeat,-43
2026-09-20T15:30:49.823338+00:00,AP_01,dev_a42ce750a950b6ed,heartbeat,-42
2026-09-20T15:30:49.823338+00:00,AP_02,dev_bb34b21593bc8929,heartbeat,-48
2026-09-20T15:30:49.823338+00:00,AP_02,dev_a9a77d30a2535eda,heartbeat,-50
2026-09-20T15:30:50.823338+00:00,AP_01,dev_e96f8bdb2ce51760,heartbeat,-50
2026-09-20T15:30:50.823338+00:00,AP_01,dev_de09aa0b03e5957e,heartbeat,-46
2026-09-20T15:30:51.823338+00:00,AP_02,dev_fda1e4d27c7ec351,heartbeat,-48
2026-09-20T15:30:51.823338+00:00,AP_03,dev_b3417cd8c6c08f19,heartbeat,-43
2026-09-20T15:30:53.823338+00:00,AP_02,dev_43e59eca12e9d77f,heartbeat,-53
2026-09-20T15:30:55.823338+00:00,AP_02,dev_e275ee8bb2c9833c,heartbeat,-48
2026-09-20T15:30:55.823338+00:00,AP_02,dev_298b986404f77877,heartbeat,-47
2026-09-20T15:30:56.823338+00:00,AP_01,dev_46106d48bf350825,heartbeat,-46
2026-09-20T15:30:56.823338+00:00,AP_02,dev_95f1a30bee85ba16,heartbeat,-48
2026-09-20T15:30:57.823338+00:00,AP_02,dev_5cb49a89349d804a,heartbeat,-41
2026-09-20T15:30:58.823338+00:00,AP_02,dev_cd0c870c9624e6f6,heartbeat,-43
2026-09-20T15:30:59.823338+00:00,AP_01,dev_d5facb6e4cdd0f8d,heartbeat,-49
2026-09-20T15:31:00.823338+00:00,AP_01,dev_39ef6cebfea41e12,heartbeat,-48
2026-09-20T15:31:00.823338+00:00,AP_01,dev_b00c9275f41b488e,heartbeat,-53
2026-09-20T15:31:01.823338+00:00,AP_02,dev_bfa351d9deb65b50,heartbeat,-53
2026-09-20T15:31:01.823338+00:00,AP_02,dev_be01eb2e5060c2ba,heartbeat,-50
2026-09-20T15:31:02.823338+00:00,AP_01,dev_570873d5e07620f7,heartbeat,-46
2026-09-20T15:31:04.823338+00:00,AP_01,dev_78b7476e077c5c58,heartbeat,-52
2026-09-20T15:31:04.823338+00:00,AP_02,dev_4463e93e128fb718,heartbeat,-46
2026-09-20T15:31:04.823338+00:00,AP_02,dev_32123fce6801e287,heartbeat,-49
2026-09-20T15:31:04.823338+00:00,AP_03,dev_80d56b8303cd4403,heartbeat,-50
2026-09-20T15:31:05.823338+00:00,AP_01,dev_ba0ab9a640d8388b,heartbeat,-47
2026-09-20T15:31:05.823338+00:00,AP_02,dev_c8621d86e105ae2c,heartbeat,-51
2026-09-20T15:31:05.823338+00:00,AP_02,dev_36251f494ec5e4c4,heartbeat,-50
2026-09-20T15:31:06.823338+00:00,AP_03,dev_3b33fcd2e1d3f788,heartbeat,-49
2026-09-20T15:31:06.823338+00:00,AP_01,dev_ec7f305d29851a5a,heartbeat,-49
2026-09-20T15:31:06.823338+00:00,AP_02,dev_fd835430174d2b7e,heartbeat,-46
2026-09-20T15:31:08.823338+00:00,AP_01,dev_dac9735c15d23598,heartbeat,-51
2026-09-20T15:31:08.823338+00:00,AP_03,dev_172964ce995cefb5,heartbeat,-54
2026-09-20T15:31:09.823338+00:00,AP_01,dev_ef43c0dc8df3847e,heartbeat,-44
2026-09-20T15:31:09.823338+00:00,AP_01,dev_bee12d3e1f271e83,heartbeat,-46
2026-09-20T15:31:09.823338+00:00,AP_01,dev_4ec6910610b8ee21,heartbeat,-49
2026-09-20T15:31:09.823338+00:00,AP_02,dev_09e69aaa959cdd44,heartbeat,-56
2026-09-20T15:31:10.823338+00:00,AP_02,dev_9ac7e0c7eb7246b5,heartbeat,-43
2026-09-20T15:31:11.823338+00:00,AP_01,dev_ac7b80880a1f3946,heartbeat,-51
2026-09-20T15:31:12.823338+00:00,AP_01,dev_761dbfebee20a1b6,heartbeat,-46
2026-09-20T15:31:13.823338+00:00,AP_01,dev_adc0336ce46d9142,heartbeat,-51
2026-09-20T15:31:13.823338+00:00,AP_01,dev_0feb402657ab950a,heartbeat,-52
2026-09-20T15:31:14.823338+00:00,AP_01,dev_0f3a5465c5be5029,heartbeat,-51
2026-09-20T15:31:15.823338+00:00,AP_01,dev_26be14216d4fd7c4,heartbeat,-46
2026-09-20T15:31:15.823338+00:00,AP_01,dev_0e322e127a303cdd,heartbeat,-52
2026-09-20T15:31:15.823338+00:00,AP_03,dev_14710bbb669656eb,heartbeat,-47
2026-09-20T15:31:17.823338+00:00,AP_01,dev_e96f8bdb2ce51760,heartbeat,-51
2026-09-20T15:31:18.823338+00:00,AP_02,dev_942144bd6b3fd842,heartbeat,-49
2026-09-20T15:31:19.823338+00:00,AP_01,dev_a42ce750a950b6ed,heartbeat,-51
2026-09-20T15:31:19.823338+00:00,AP_02,dev_fda1e4d27c7ec351,heartbeat,-51
2026-09-20T15:31:19.823338+00:00,AP_02,dev_bb34b21593bc8929,heartbeat,-53
2026-09-20T15:31:20.823338+00:00,AP_01,dev_4d55811fcbb2d44b,heartbeat,-52
2026-09-20T15:31:21.823338+00:00,AP_02,dev_02af9fa92d40a9af,heartbeat,-56
2026-09-20T15:31:21.823338+00:00,AP_02,dev_a9a77d30a2535eda,heartbeat,-55
2026-09-20T15:31:21.823338+00:00,AP_02,dev_43e59eca12e9d77f,heartbeat,-53
2026-09-20T15:31:23.823338+00:00,AP_01,dev_de09aa0b03e5957e,heartbeat,-49
2026-09-20T15:31:23.823338+00:00,AP_02,dev_95f1a30bee85ba16,heartbeat,-47
2026-09-20T15:31:24.823338+00:00,AP_03,dev_b3417cd8c6c08f19,heartbeat,-49
2026-09-20T15:31:25.823338+00:00,AP_02,dev_5cb49a89349d804a,heartbeat,-50
2026-09-20T15:31:26.823338+00:00,AP_02,dev_cd0c870c9624e6f6,heartbeat,-53
2026-09-20T15:31:27.823338+00:00,AP_01,dev_46106d48bf350825,heartbeat,-48
2026-09-20T15:31:27.823338+00:00,AP_02,dev_e275ee8bb2c9833c,heartbeat,-48
2026-09-20T15:31:27.823338+00:00,AP_02,dev_298b986404f77877,heartbeat,-51
2026-09-20T15:31:28.823338+00:00,AP_02,dev_be01eb2e5060c2ba,heartbeat,-53
2026-09-20T15:31:29.823338+00:00,AP_01,dev_39ef6cebfea41e12,heartbeat,-49
2026-09-20T15:31:29.823338+00:00,AP_01,dev_b00c9275f41b488e,heartbeat,-47
2026-09-20T15:31:30.823338+00:00,AP_01,dev_d5facb6e4cdd0f8d,heartbeat,-50
2026-09-20T15:31:32.823338+00:00,AP_01,dev_78b7476e077c5c58,heartbeat,-56
2026-09-20T15:31:32.823338+00:00,AP_02,dev_4463e93e128fb718,heartbeat,-52
2026-09-20T15:31:32.823338+00:00,AP_02,dev_36251f494ec5e4c4,heartbeat,-55
2026-09-20T15:31:33.823338+00:00,AP_01,dev_ec7f305d29851a5a,heartbeat,-51
2026-09-20T15:31:33.823338+00:00,AP_02,dev_bfa351d9deb65b50,heartbeat,-49
2026-09-20T15:31:33.823338+00:00,AP_02,dev_32123fce6801e287,heartbeat,-50
2026-09-20T15:31:34.823338+00:00,AP_01,dev_570873d5e07620f7,heartbeat,-52
2026-09-20T15:31:34.823338+00:00,AP_02,dev_fd835430174d2b7e,heartbeat,-46
2026-09-20T15:31:36.823338+00:00,AP_01,dev_ba0ab9a640d8388b,heartbeat,-44
2026-09-20T15:31:36.823338+00:00,AP_03,dev_80d56b8303cd4403,heartbeat,-46
2026-09-20T15:31:37.823338+00:00,AP_01,dev_dac9735c15d23598,heartbeat,-61
2026-09-20T15:31:37.823338+00:00,AP_02,dev_c8621d86e105ae2c,heartbeat,-45
2026-09-20T15:31:37.823338+00:00,AP_02,dev_9ac7e0c7eb7246b5,heartbeat,-51
2026-09-20T15:31:37.823338+00:00,AP_02,dev_09e69aaa959cdd44,heartbeat,-47
2026-09-20T15:31:37.823338+00:00,AP_03,dev_172964ce995cefb5,heartbeat,-43
2026-09-20T15:31:39.823338+00:00,AP_01,dev_ef43c0dc8df3847e,heartbeat,-50
2026-09-20T15:31:39.823338+00:00,AP_03,dev_3b33fcd2e1d3f788,heartbeat,-47
2026-09-20T15:31:41.823338+00:00,AP_01,dev_4ec6910610b8ee21,heartbeat,-48
2026-09-20T15:31:41.823338+00:00,AP_01,dev_0feb402657ab950a,heartbeat,-43
2026-09-20T15:31:42.823338+00:00,AP_01,dev_26be14216d4fd7c4,heartbeat,-46
2026-09-20T15:31:42.823338+00:00,AP_01,dev_bee12d3e1f271e83,heartbeat,-47
2026-09-20T15:31:43.823338+00:00,AP_01,dev_ac7b80880a1f3946,heartbeat,-50
2026-09-20T15:31:44.823338+00:00,AP_01,dev_e96f8bdb2ce51760,heartbeat,-50
2026-09-20T15:31:45.823338+00:00,AP_01,dev_761dbfebee20a1b6,heartbeat,-43
2026-09-20T15:31:45.823338+00:00,AP_01,dev_adc0336ce46d9142,heartbeat,-43
2026-09-20T15:31:45.823338+00:00,AP_03,dev_14710bbb669656eb,heartbeat,-45
2026-09-20T15:31:46.823338+00:00,AP_01,dev_0f3a5465c5be5029,heartbeat,-52
2026-09-20T15:31:46.823338+00:00,AP_01,dev_a42ce750a950b6ed,heartbeat,-45
2026-09-20T15:31:47.823338+00:00,AP_01,dev_0e322e127a303cdd,heartbeat,-49
2026-09-20T15:31:49.823338+00:00,AP_02,dev_43e59eca12e9d77f,heartbeat,-56
2026-09-20T15:31:50.823338+00:00,AP_02,dev_bb34b21593bc8929,heartbeat,-52
2026-09-20T15:31:50.823338+00:00,AP_02,dev_942144bd6b3fd842,heartbeat,-44
2026-09-20T15:31:51.823338+00:00,AP_01,dev_de09aa0b03e5957e,heartbeat,-48
2026-09-20T15:31:51.823338+00:00,AP_02,dev_a9a77d30a2535eda,heartbeat,-50
2026-09-20T15:31:52.823338+00:00,AP_02,dev_fda1e4d27c7ec351,heartbeat,-50
2026-09-20T15:31:53.823338+00:00,AP_01,dev_4d55811fcbb2d44b,heartbeat,-53
2026-09-20T15:31:53.823338+00:00,AP_02,dev_02af9fa92d40a9af,heartbeat,-46
2026-09-20T15:31:53.823338+00:00,AP_02,dev_95f1a30bee85ba16,heartbeat,-50
2026-09-20T15:31:53.823338+00:00,AP_03,dev_b3417cd8c6c08f19,heartbeat,-47
2026-09-20T15:31:54.823338+00:00,AP_02,dev_298b986404f77877,heartbeat,-45
2026-09-20T15:31:55.823338+00:00,AP_02,dev_be01eb2e5060c2ba,heartbeat,-50
2026-09-20T15:31:56.823338+00:00,AP_01,dev_46106d48bf350825,heartbeat,-53
2026-09-20T15:31:56.823338+00:00,AP_02,dev_5cb49a89349d804a,heartbeat,-51
2026-09-20T15:31:57.823338+00:00,AP_01,dev_39ef6cebfea41e12,heartbeat,-47
2026-09-20T15:31:57.823338+00:00,AP_01,dev_d5facb6e4cdd0f8d,heartbeat,-51
2026-09-20T15:31:57.823338+00:00,AP_02,dev_e275ee8bb2c9833c,heartbeat,-46
2026-09-20T15:31:58.823338+00:00,AP_02,dev_cd0c870c9624e6f6,heartbeat,-52
2026-09-20T15:32:00.823338+00:00,AP_01,dev_78b7476e077c5c58,heartbeat,-56
2026-09-20T15:32:00.823338+00:00,AP_02,dev_36251f494ec5e4c4,heartbeat,-47
2026-09-20T15:32:01.823338+00:00,AP_01,dev_b00c9275f41b488e,heartbeat,-45
2026-09-20T15:32:02.823338+00:00,AP_02,dev_4463e93e128fb718,heartbeat,-53
2026-09-20T15:32:03.823338+00:00,AP_01,dev_ba0ab9a640d8388b,heartbeat,-49
2026-09-20T15:32:03.823338+00:00,AP_01,dev_ec7f305d29851a5a,heartbeat,-50
2026-09-20T15:32:03.823338+00:00,AP_02,dev_32123fce6801e287,heartbeat,-48
2026-09-20T15:32:04.823338+00:00,AP_01,dev_dac9735c15d23598,heartbeat,-48
2026-09-20T15:32:06.823338+00:00,AP_01,dev_570873d5e07620f7,heartbeat,-51
2026-09-20T15:32:06.823338+00:00,AP_02,dev_bfa351d9deb65b50,heartbeat,-50
2026-09-20T15:32:06.823338+00:00,AP_02,dev_09e69aaa959cdd44,heartbeat,-46
2026-09-20T15:32:06.823338+00:00,AP_03,dev_80d56b8303cd4403,heartbeat,-52
2026-09-20T15:32:07.823338+00:00,AP_02,dev_9ac7e0c7eb7246b5,heartbeat,-49
2026-09-20T15:32:07.823338+00:00,AP_02,dev_fd835430174d2b7e,heartbeat,-45
2026-09-20T15:32:07.823338+00:00,AP_03,dev_172964ce995cefb5,heartbeat,-53
2026-09-20T15:32:08.823338+00:00,AP_01,dev_4ec6910610b8ee21,heartbeat,-52
2026-09-20T15:32:09.823338+00:00,AP_02,dev_c8621d86e105ae2c,heartbeat,-52
2026-09-20T15:32:11.823338+00:00,AP_01,dev_26be14216d4fd7c4,heartbeat,-51
2026-09-20T15:32:11.823338+00:00,AP_03,dev_3b33fcd2e1d3f788,heartbeat,-48
2026-09-20T15:32:12.823338+00:00,AP_01,dev_ef43c0dc8df3847e,heartbeat,-48
2026-09-20T15:32:13.823338+00:00,AP_01,dev_e96f8bdb2ce51760,heartbeat,-52
2026-09-20T15:32:13.823338+00:00,AP_01,dev_0feb402657ab950a,heartbeat,-48
2026-09-20T15:32:14.823338+00:00,AP_01,dev_bee12d3e1f271e83,heartbeat,-55
2026-09-20T15:32:14.823338+00:00,AP_01,dev_0e322e127a303cdd,heartbeat,-48
2026-09-20T15:32:14.823338+00:00,AP_01,dev_ac7b80880a1f3946,heartbeat,-46
2026-09-20T15:32:15.823338+00:00,AP_01,dev_a42ce750a950b6ed,heartbeat,-53
2026-09-20T15:32:16.823338+00:00,AP_01,dev_adc0336ce46d9142,heartbeat,-53
2026-09-20T15:32:17.823338+00:00,AP_01,dev_0f3a5465c5be5029,heartbeat,-48
2026-09-20T15:32:17.823338+00:00,AP_02,dev_bb34b21593bc8929,heartbeat,-48
2026-09-20T15:32:17.823338+00:00,AP_02,dev_43e59eca12e9d77f,heartbeat,-54
2026-09-20T15:32:17.823338+00:00,AP_02,dev_942144bd6b3fd842,heartbeat,-47
2026-09-20T15:32:18.823338+00:00,AP_01,dev_761dbfebee20a1b6,heartbeat,-47
2026-09-20T15:32:18.823338+00:00,AP_02,dev_a9a77d30a2535eda,heartbeat,-51
2026-09-20T15:32:18.823338+00:00,AP_03,dev_14710bbb669656eb,heartbeat,-53
2026-09-20T15:32:19.823338+00:00,AP_02,dev_fda1e4d27c7ec351,heartbeat,-49
2026-09-20T15:32:21.823338+00:00,AP_02,dev_298b986404f77877,heartbeat,-51
2026-09-20T15:32:22.823338+00:00,AP_01,dev_de09aa0b03e5957e,heartbeat,-47
2026-09-20T15:32:22.823338+00:00,AP_02,dev_be01eb2e5060c2ba,heartbeat,-55
2026-09-20T15:32:23.823338+00:00,AP_01,dev_4d55811fcbb2d44b,heartbeat,-50
2026-09-20T15:32:24.823338+00:00,AP_02,dev_02af9fa92d40a9af,heartbeat,-51
2026-09-20T15:32:25.823338+00:00,AP_02,dev_cd0c870c9624e6f6,heartbeat,-46
2026-09-20T15:32:26.823338+00:00,AP_01,dev_d5facb6e4cdd0f8d,heartbeat,-54
2026-09-20T15:32:26.823338+00:00,AP_02,dev_95f1a30bee85ba16,heartbeat,-50
2026-09-20T15:32:26.823338+00:00,AP_03,dev_b3417cd8c6c08f19,heartbeat,-48
2026-09-20T15:32:27.823338+00:00,AP_01,dev_78b7476e077c5c58,heartbeat,-55
2026-09-20T15:32:28.823338+00:00,AP_01,dev_39ef6cebfea41e12,heartbeat,-47
2026-09-20T15:32:28.823338+00:00,AP_01,dev_b00c9275f41b488e,heartbeat,-58
2026-09-20T15:32:28.823338+00:00,AP_02,dev_36251f494ec5e4c4,heartbeat,-51
2026-09-20T15:32:28.823338+00:00,AP_02,dev_5cb49a89349d804a,heartbeat,-51
2026-09-20T15:32:29.823338+00:00,AP_01,dev_46106d48bf350825,heartbeat,-49
2026-09-20T15:32:29.823338+00:00,AP_02,dev_e275ee8bb2c9833c,heartbeat,-51
2026-09-20T15:32:30.823338+00:00,AP_01,dev_ba0ab9a640d8388b,heartbeat,-54
2026-09-20T15:32:30.823338+00:00,AP_01,dev_ec7f305d29851a5a,heartbeat,-49
2026-09-20T15:32:31.823338+00:00,AP_02,dev_4463e93e128fb718,heartbeat,-52
2026-09-20T15:32:33.823338+00:00,AP_02,dev_bfa351d9deb65b50,heartbeat,-46
2026-09-20T15:32:34.823338+00:00,AP_02,dev_32123fce6801e287,heartbeat,-52
2026-09-20T15:32:34.823338+00:00,AP_03,dev_172964ce995cefb5,heartbeat,-48
2026-09-20T15:32:35.823338+00:00,AP_02,dev_fd835430174d2b7e,heartbeat,-58
2026-09-20T15:32:35.823338+00:00,AP_02,dev_09e69aaa959cdd44,heartbeat,-43
2026-09-20T15:32:36.823338+00:00,AP_01,dev_570873d5e07620f7,heartbeat,-52
2026-09-20T15:32:37.823338+00:00,AP_01,dev_dac9735c15d23598,heartbeat,-46
2026-09-20T15:32:37.823338+00:00,AP_02,dev_c8621d86e105ae2c,heartbeat,-55
2026-09-20T15:32:37.823338+00:00,AP_02,dev_9ac7e0c7eb7246b5,heartbeat,-49
2026-09-20T15:32:37.823338+00:00,AP_03,dev_80d56b8303cd4403,heartbeat,-48
2026-09-20T15:32:39.823338+00:00,AP_01,dev_4ec6910610b8ee21,heartbeat,-44
2026-09-20T15:32:40.823338+00:00,AP_01,dev_26be14216d4fd7c4,heartbeat,-44
2026-09-20T15:32:41.823338+00:00,AP_01,dev_e96f8bdb2ce51760,heartbeat,-51
2026-09-20T15:32:41.823338+00:00,AP_01,dev_0e322e127a303cdd,heartbeat,-47
2026-09-20T15:32:43.823338+00:00,AP_03,dev_3b33fcd2e1d3f788,heartbeat,-51
2026-09-20T15:32:44.823338+00:00,AP_01,dev_0feb402657ab950a,heartbeat,-43
2026-09-20T15:32:45.823338+00:00,AP_01,dev_ef43c0dc8df3847e,heartbeat,-54
2026-09-20T15:32:45.823338+00:00,AP_01,dev_bee12d3e1f271e83,heartbeat,-53
2026-09-20T15:32:45.823338+00:00,AP_01,dev_ac7b80880a1f3946,heartbeat,-54
2026-09-20T15:32:45.823338+00:00,AP_02,dev_43e59eca12e9d77f,heartbeat,-54
2026-09-20T15:32:46.823338+00:00,AP_01,dev_adc0336ce46d9142,heartbeat,-53
2026-09-20T15:32:47.823338+00:00,AP_01,dev_761dbfebee20a1b6,heartbeat,-48
2026-09-20T15:32:47.823338+00:00,AP_02,dev_a9a77d30a2535eda,heartbeat,-49
2026-09-20T15:32:47.823338+00:00,AP_03,dev_14710bbb669656eb,heartbeat,-47
2026-09-20T15:32:48.823338+00:00,AP_01,dev_a42ce750a950b6ed,heartbeat,-50
2026-09-20T15:32:48.823338+00:00,AP_02,dev_bb34b21593bc8929,heartbeat,-53
2026-09-20T15:32:49.823338+00:00,AP_02,dev_fda1e4d27c7ec351,heartbeat,-51
2026-09-20T15:32:49.823338+00:00,AP_02,dev_942144bd6b3fd842,heartbeat,-47
2026-09-20T15:32:50.823338+00:00,AP_01,dev_0f3a5465c5be5029,heartbeat,-51
2026-09-20T15:32:50.823338+00:00,AP_02,dev_298b986404f77877,heartbeat,-52
2026-09-20T15:32:53.823338+00:00,AP_01,dev_de09aa0b03e5957e,heartbeat,-46
2026-09-20T15:32:55.823338+00:00,AP_01,dev_4d55811fcbb2d44b,heartbeat,-50
2026-09-20T15:32:55.823338+00:00,AP_01,dev_78b7476e077c5c58,heartbeat,-50
2026-09-20T15:32:55.823338+00:00,AP_02,dev_95f1a30bee85ba16,heartbeat,-49
2026-09-20T15:32:55.823338+00:00,AP_02,dev_be01eb2e5060c2ba,heartbeat,-49
2026-09-20T15:32:56.823338+00:00,AP_02,dev_5cb49a89349d804a,heartbeat,-49
2026-09-20T15:32:57.823338+00:00,AP_01,dev_39ef6cebfea41e12,heartbeat,-49
2026-09-20T15:32:57.823338+00:00,AP_01,dev_d5facb6e4cdd0f8d,heartbeat,-48
2026-09-20T15:32:57.823338+00:00,AP_02,dev_02af9fa92d40a9af,heartbeat,-51
2026-09-20T15:32:57.823338+00:00,AP_03,dev_b3417cd8c6c08f19,heartbeat,-53
2026-09-20T15:32:58.823338+00:00,AP_01,dev_46106d48bf350825,heartbeat,-49
2026-09-20T15:32:58.823338+00:00,AP_02,dev_cd0c870c9624e6f6,heartbeat,-51
2026-09-20T15:32:59.823338+00:00,AP_01,dev_ba0ab9a640d8388b,heartbeat,-49
2026-09-20T15:33:01.823338+00:00,AP_01,dev_b00c9275f41b488e,heartbeat,-54
2026-09-20T15:33:01.823338+00:00,AP_02,dev_e275ee8bb2c9833c,heartbeat,-52
2026-09-20T15:33:01.823338+00:00,AP_02,dev_36251f494ec5e4c4,heartbeat,-52
2026-09-20T15:33:01.823338+00:00,AP_03,dev_172964ce995cefb5,heartbeat,-47
2026-09-20T15:33:02.823338+00:00,AP_01,dev_ec7f305d29851a5a,heartbeat,-49
2026-09-20T15:33:02.823338+00:00,AP_02,dev_fd835430174d2b7e,heartbeat,-47
2026-09-20T15:33:04.823338+00:00,AP_01,dev_570873d5e07620f7,heartbeat,-49
2026-09-20T15:33:04.823338+00:00,AP_02,dev_4463e93e128fb718,heartbeat,-46
2026-09-20T15:33:04.823338+00:00,AP_02,dev_c8621d86e105ae2c,heartbeat,-50
2026-09-20T15:33:05.823338+00:00,AP_02,dev_bfa351d9deb65b50,heartbeat,-50
2026-09-20T15:33:06.823338+00:00,AP_02,dev_9ac7e0c7eb7246b5,heartbeat,-48
2026-09-20T15:33:06.823338+00:00,AP_02,dev_32123fce6801e287,heartbeat,-50
2026-09-20T15:33:08.823338+00:00,AP_02,dev_09e69aaa959cdd44,heartbeat,-48
2026-09-20T15:33:09.823338+00:00,AP_01,dev_26be14216d4fd7c4,heartbeat,-43
2026-09-20T15:33:09.823338+00:00,AP_01,dev_e96f8bdb2ce51760,heartbeat,-53
2026-09-20T15:33:09.823338+00:00,AP_01,dev_dac9735c15d23598,heartbeat,-51
2026-09-20T15:33:09.823338+00:00,AP_03,dev_80d56b8303cd4403,heartbeat,-56
2026-09-20T15:33:10.823338+00:00,AP_01,dev_4ec6910610b8ee21,heartbeat,-48
2026-09-20T15:33:11.823338+00:00,AP_03,dev_3b33fcd2e1d3f788,heartbeat,-54
2026-09-20T15:33:12.823338+00:00,AP_01,dev_ef43c0dc8df3847e,heartbeat,-52
2026-09-20T15:33:12.823338+00:00,AP_01,dev_0e322e127a303cdd,heartbeat,-51
2026-09-20T15:33:12.823338+00:00,AP_01,dev_0feb402657ab950a,heartbeat,-47
2026-09-20T15:33:13.823338+00:00,AP_01,dev_bee12d3e1f271e83,heartbeat,-47
2026-09-20T15:33:13.823338+00:00,AP_01,dev_ac7b80880a1f3946,heartbeat,-47
2026-09-20T15:33:15.823338+00:00,AP_03,dev_14710bbb669656eb,heartbeat,-50
2026-09-20T15:33:16.823338+00:00,AP_02,dev_43e59eca12e9d77f,heartbeat,-45
2026-09-20T15:33:17.823338+00:00,AP_02,dev_298b986404f77877,heartbeat,-54
2026-09-20T15:33:18.823338+00:00,AP_01,dev_0f3a5465c5be5029,heartbeat,-53
2026-09-20T15:33:18.823338+00:00,AP_01,dev_adc0336ce46d9142,heartbeat,-60
2026-09-20T15:33:18.823338+00:00,AP_01,dev_a42ce750a950b6ed,heartbeat,-50
2026-09-20T15:33:18.823338+00:00,AP_02,dev_bb34b21593bc8929,heartbeat,-49
2026-09-20T15:33:18.823338+00:00,AP_02,dev_a9a77d30a2535eda,heartbeat,-52
2026-09-20T15:33:18.823338+00:00,AP_02,dev_942144bd6b3fd842,heartbeat,-46
2026-09-20T15:33:19.823338+00:00,AP_01,dev_761dbfebee20a1b6,heartbeat,-56
2026-09-20T15:33:22.823338+00:00,AP_02,dev_fda1e4d27c7ec351,heartbeat,-56
2026-09-20T15:33:24.823338+00:00,AP_01,dev_4d55811fcbb2d44b,heartbeat,-49
2026-09-20T15:33:24.823338+00:00,AP_01,dev_39ef6cebfea41e12,heartbeat,-48
2026-09-20T15:33:24.823338+00:00,AP_01,dev_d5facb6e4cdd0f8d,heartbeat,-51
2026-09-20T15:33:24.823338+00:00,AP_02,dev_02af9fa92d40a9af,heartbeat,-49
2026-09-20T15:33:24.823338+00:00,AP_02,dev_5cb49a89349d804a,heartbeat,-50
2026-09-20T15:33:25.823338+00:00,AP_01,dev_46106d48bf350825,heartbeat,-54
2026-09-20T15:33:26.823338+00:00,AP_01,dev_de09aa0b03e5957e,heartbeat,-49
2026-09-20T15:33:27.823338+00:00,AP_01,dev_78b7476e077c5c58,heartbeat,-49
2026-09-20T15:33:27.823338+00:00,AP_02,dev_cd0c870c9624e6f6,heartbeat,-43
2026-09-20T15:33:27.823338+00:00,AP_02,dev_95f1a30bee85ba16,heartbeat,-46
2026-09-20T15:33:27.823338+00:00,AP_02,dev_be01eb2e5060c2ba,heartbeat,-52
2026-09-20T15:33:29.823338+00:00,AP_01,dev_ba0ab9a640d8388b,heartbeat,-49
2026-09-20T15:33:29.823338+00:00,AP_03,dev_b3417cd8c6c08f19,heartbeat,-53
2026-09-20T15:33:30.823338+00:00,AP_02,dev_36251f494ec5e4c4,heartbeat,-42
2026-09-20T15:33:31.823338+00:00,AP_01,dev_570873d5e07620f7,heartbeat,-52
2026-09-20T15:33:31.823338+00:00,AP_01,dev_b00c9275f41b488e,heartbeat,-47
2026-09-20T15:33:32.823338+00:00,AP_01,dev_ec7f305d29851a5a,heartbeat,-48
2026-09-20T15:33:33.823338+00:00,AP_02,dev_e275ee8bb2c9833c,heartbeat,-55
2026-09-20T15:33:33.823338+00:00,AP_03,dev_172964ce995cefb5,heartbeat,-48
2026-09-20T15:33:35.823338+00:00,AP_02,dev_bfa351d9deb65b50,heartbeat,-48
2026-09-20T15:33:35.823338+00:00,AP_02,dev_9ac7e0c7eb7246b5,heartbeat,-48
2026-09-20T15:33:35.823338+00:00,AP_02,dev_fd835430174d2b7e,heartbeat,-52
2026-09-20T15:33:36.823338+00:00,AP_01,dev_e96f8bdb2ce51760,heartbeat,-51
2026-09-20T15:33:36.823338+00:00,AP_02,dev_4463e93e128fb718,heartbeat,-44
2026-09-20T15:33:36.823338+00:00,AP_02,dev_c8621d86e105ae2c,heartbeat,-48
2026-09-20T15:33:37.823338+00:00,AP_01,dev_dac9735c15d23598,heartbeat,-49
2026-09-20T15:33:38.823338+00:00,AP_03,dev_3b33fcd2e1d3f788,heartbeat,-54
2026-09-20T15:33:39.823338+00:00,AP_01,dev_26be14216d4fd7c4,heartbeat,-48
2026-09-20T15:33:39.823338+00:00,AP_02,dev_32123fce6801e287,heartbeat,-48
2026-09-20T15:33:40.823338+00:00,AP_01,dev_4ec6910610b8ee21,heartbeat,-48
2026-09-20T15:33:41.823338+00:00,AP_02,dev_09e69aaa959cdd44,heartbeat,-49
2026-09-20T15:33:41.823338+00:00,AP_03,dev_80d56b8303cd4403,heartbeat,-50
2026-09-20T15:33:42.823338+00:00,AP_01,dev_ef43c0dc8df3847e,heartbeat,-52
2026-09-20T15:33:42.823338+00:00,AP_01,dev_bee12d3e1f271e83,heartbeat,-49
2026-09-20T15:33:44.823338+00:00,AP_01,dev_0e322e127a303cdd,heartbeat,-52
2026-09-20T15:33:44.823338+00:00,AP_03,dev_14710bbb669656eb,heartbeat,-50
2026-09-20T15:33:45.823338+00:00,AP_01,dev_0f3a5465c5be5029,heartbeat,-47
2026-09-20T15:33:45.823338+00:00,AP_01,dev_0feb402657ab950a,heartbeat,-51
2026-09-20T15:33:45.823338+00:00,AP_02,dev_43e59eca12e9d77f,heartbeat,-47
2026-09-20T15:33:45.823338+00:00,AP_02,dev_942144bd6b3fd842,heartbeat,-43
2026-09-20T15:33:46.823338+00:00,AP_01,dev_ac7b80880a1f3946,heartbeat,-52
2026-09-20T15:33:47.823338+00:00,AP_02,dev_a9a77d30a2535eda,heartbeat,-54
2026-09-20T15:33:48.823338+00:00,AP_01,dev_a42ce750a950b6ed,heartbeat,-50
2026-09-20T15:33:48.823338+00:00,AP_02,dev_298b986404f77877,heartbeat,-51
2026-09-20T15:33:49.823338+00:00,AP_02,dev_bb34b21593bc8929,heartbeat,-57
2026-09-20T15:33:50.823338+00:00,AP_01,dev_761dbfebee20a1b6,heartbeat,-48
2026-09-20T15:33:51.823338+00:00,AP_01,dev_adc0336ce46d9142,heartbeat,-46
2026-09-20T15:33:52.823338+00:00,AP_02,dev_5cb49a89349d804a,heartbeat,-54
2026-09-20T15:33:54.823338+00:00,AP_01,dev_39ef6cebfea41e12,heartbeat,-47
2026-09-20T15:33:54.823338+00:00,AP_01,dev_78b7476e077c5c58,heartbeat,-53
2026-09-20T15:33:54.823338+00:00,AP_01,dev_d5facb6e4cdd0f8d,heartbeat,-54
2026-09-20T15:33:54.823338+00:00,AP_02,dev_fda1e4d27c7ec351,heartbeat,-52
2026-09-20T15:33:55.823338+00:00,AP_01,dev_46106d48bf350825,heartbeat,-46
2026-09-20T15:33:55.823338+00:00,AP_01,dev_de09aa0b03e5957e,heartbeat,-56
2026-09-20T15:33:55.823338+00:00,AP_02,dev_95f1a30bee85ba16,heartbeat,-54
2026-09-20T15:33:55.823338+00:00,AP_02,dev_be01eb2e5060c2ba,heartbeat,-49
2026-09-20T15:33:57.823338+00:00,AP_01,dev_4d55811fcbb2d44b,heartbeat,-51
2026-09-20T15:33:57.823338+00:00,AP_02,dev_02af9fa92d40a9af,heartbeat,-51
2026-09-20T15:33:59.823338+00:00,AP_01,dev_570873d5e07620f7,heartbeat,-51
2026-09-20T15:33:59.823338+00:00,AP_01,dev_ec7f305d29851a5a,heartbeat,-46
2026-09-20T15:33:59.823338+00:00,AP_01,dev_b00c9275f41b488e,heartbeat,-49
2026-09-20T15:33:59.823338+00:00,AP_02,dev_cd0c870c9624e6f6,heartbeat,-50
2026-09-20T15:34:00.823338+00:00,AP_01,dev_ba0ab9a640d8388b,heartbeat,-47
2026-09-20T15:34:00.823338+00:00,AP_03,dev_172964ce995cefb5,heartbeat,-56
2026-09-20T15:34:01.823338+00:00,AP_02,dev_36251f494ec5e4c4,heartbeat,-51
2026-09-20T15:34:01.823338+00:00,AP_03,dev_b3417cd8c6c08f19,heartbeat,-46
2026-09-20T15:34:02.823338+00:00,AP_02,dev_bfa351d9deb65b50,heartbeat,-52
2026-09-20T15:34:05.823338+00:00,AP_01,dev_dac9735c15d23598,heartbeat,-52
2026-09-20T15:34:05.823338+00:00,AP_02,dev_9ac7e0c7eb7246b5,heartbeat,-46
2026-09-20T15:34:06.823338+00:00,AP_01,dev_e96f8bdb2ce51760,heartbeat,-47
2026-09-20T15:34:06.823338+00:00,AP_02,dev_e275ee8bb2c9833c,heartbeat,-50
2026-09-20T15:34:06.823338+00:00,AP_02,dev_4463e93e128fb718,heartbeat,-53
2026-09-20T15:34:06.823338+00:00,AP_02,dev_fd835430174d2b7e,heartbeat,-58
2026-09-20T15:34:08.823338+00:00,AP_01,dev_4ec6910610b8ee21,heartbeat,-47
2026-09-20T15:34:09.823338+00:00,AP_01,dev_26be14216d4fd7c4,heartbeat,-48
2026-09-20T15:34:09.823338+00:00,AP_02,dev_c8621d86e105ae2c,heartbeat,-50
2026-09-20T15:34:09.823338+00:00,AP_02,dev_32123fce6801e287,heartbeat,-45
2026-09-20T15:34:10.823338+00:00,AP_03,dev_3b33fcd2e1d3f788,heartbeat,-52
2026-09-20T15:34:11.823338+00:00,AP_03,dev_80d56b8303cd4403,heartbeat,-46
2026-09-20T15:34:12.823338+00:00,AP_01,dev_0e322e127a303cdd,heartbeat,-52
2026-09-20T15:34:13.823338+00:00,AP_02,dev_942144bd6b3fd842,heartbeat,-52
2026-09-20T15:34:14.823338+00:00,AP_01,dev_bee12d3e1f271e83,heartbeat,-48
2026-09-20T15:34:14.823338+00:00,AP_02,dev_09e69aaa959cdd44,heartbeat,-47
2026-09-20T15:34:15.823338+00:00,AP_01,dev_ef43c0dc8df3847e,heartbeat,-47
2026-09-20T15:34:15.823338+00:00,AP_01,dev_ac7b80880a1f3946,heartbeat,-48
2026-09-20T15:34:15.823338+00:00,AP_01,dev_a42ce750a950b6ed,heartbeat,-46
2026-09-20T15:34:16.823338+00:00,AP_01,dev_0f3a5465c5be5029,heartbeat,-48
2026-09-20T15:34:16.823338+00:00,AP_03,dev_14710bbb669656eb,heartbeat,-46
2026-09-20T15:34:18.823338+00:00,AP_01,dev_761dbfebee20a1b6,heartbeat,-54
2026-09-20T15:34:18.823338+00:00,AP_01,dev_0feb402657ab950a,heartbeat,-39
2026-09-20T15:34:18.823338+00:00,AP_02,dev_298b986404f77877,heartbeat,-47
2026-09-20T15:34:18.823338+00:00,AP_02,dev_43e59eca12e9d77f,heartbeat,-52
2026-09-20T15:34:19.823338+00:00,AP_02,dev_a9a77d30a2535eda,heartbeat,-47
2026-09-20T15:34:20.823338+00:00,AP_01,dev_adc0336ce46d9142,heartbeat,-51
2026-09-20T15:34:21.823338+00:00,AP_02,dev_fda1e4d27c7ec351,heartbeat,-51
2026-09-20T15:34:22.823338+00:00,AP_02,dev_bb34b21593bc8929,heartbeat,-49
2026-09-20T15:34:23.823338+00:00,AP_01,dev_39ef6cebfea41e12,heartbeat,-50
2026-09-20T15:34:24.823338+00:00,AP_01,dev_46106d48bf350825,heartbeat,-46
2026-09-20T15:34:24.823338+00:00,AP_02,dev_95f1a30bee85ba16,heartbeat,-53
2026-09-20T15:34:24.823338+00:00,AP_02,dev_5cb49a89349d804a,heartbeat,-51
2026-09-20T15:34:25.823338+00:00,AP_01,dev_de09aa0b03e5957e,heartbeat,-51
2026-09-20T15:34:25.823338+00:00,AP_01,dev_d5facb6e4cdd0f8d,heartbeat,-54
2026-09-20T15:34:26.823338+00:00,AP_01,dev_ec7f305d29851a5a,heartbeat,-46
2026-09-20T15:34:26.823338+00:00,AP_02,dev_02af9fa92d40a9af,heartbeat,-54
2026-09-20T15:34:26.823338+00:00,AP_02,dev_cd0c870c9624e6f6,heartbeat,-54
2026-09-20T15:34:27.823338+00:00,AP_01,dev_570873d5e07620f7,heartbeat,-53
2026-09-20T15:34:27.823338+00:00,AP_01,dev_78b7476e077c5c58,heartbeat,-43
2026-09-20T15:34:28.823338+00:00,AP_01,dev_ba0ab9a640d8388b,heartbeat,-57
2026-09-20T15:34:28.823338+00:00,AP_02,dev_be01eb2e5060c2ba,heartbeat,-53
2026-09-20T15:34:29.823338+00:00,AP_01,dev_4d55811fcbb2d44b,heartbeat,-51
2026-09-20T15:34:29.823338+00:00,AP_02,dev_bfa351d9deb65b50,heartbeat,-45
2026-09-20T15:34:29.823338+00:00,AP_03,dev_b3417cd8c6c08f19,heartbeat,-53
2026-09-20T15:34:30.823338+00:00,AP_01,dev_b00c9275f41b488e,heartbeat,-48
2026-09-20T15:34:31.823338+00:00,AP_03,dev_172964ce995cefb5,heartbeat,-52
2026-09-20T15:34:32.823338+00:00,AP_02,dev_36251f494ec5e4c4,heartbeat,-56
2026-09-20T15:34:34.823338+00:00,AP_01,dev_dac9735c15d23598,heartbeat,-53
2026-09-20T15:34:34.823338+00:00,AP_02,dev_e275ee8bb2c9833c,heartbeat,-51
2026-09-20T15:34:35.823338+00:00,AP_01,dev_4ec6910610b8ee21,heartbeat,-57
2026-09-20T15:34:36.823338+00:00,AP_02,dev_9ac7e0c7eb7246b5,heartbeat,-47
2026-09-20T15:34:38.823338+00:00,AP_02,dev_4463e93e128fb718,heartbeat,-50
2026-09-20T15:34:39.823338+00:00,AP_01,dev_e96f8bdb2ce51760,heartbeat,-54
2026-09-20T15:34:39.823338+00:00,AP_03,dev_3b33fcd2e1d3f788,heartbeat,-51
2026-09-20T15:34:39.823338+00:00,AP_02,dev_fd835430174d2b7e,heartbeat,-47
2026-09-20T15:34:40.823338+00:00,AP_01,dev_26be14216d4fd7c4,heartbeat,-48
2026-09-20T15:34:40.823338+00:00,AP_01,dev_0e322e127a303cdd,heartbeat,-53
2026-09-20T15:34:40.823338+00:00,AP_03,dev_80d56b8303cd4403,heartbeat,-48
2026-09-20T15:34:41.823338+00:00,AP_02,dev_32123fce6801e287,heartbeat,-45
2026-09-20T15:34:42.823338+00:00,AP_02,dev_c8621d86e105ae2c,heartbeat,-45
2026-09-20T15:34:42.823338+00:00,AP_02,dev_942144bd6b3fd842,heartbeat,-48
2026-09-20T15:34:43.823338+00:00,AP_01,dev_bee12d3e1f271e83,heartbeat,-46
2026-09-20T15:34:43.823338+00:00,AP_02,dev_09e69aaa959cdd44,heartbeat,-51
2026-09-20T15:34:44.823338+00:00,AP_01,dev_ef43c0dc8df3847e,heartbeat,-52
2026-09-20T15:34:44.823338+00:00,AP_01,dev_0f3a5465c5be5029,heartbeat,-46
2026-09-20T15:34:45.823338+00:00,AP_01,dev_a42ce750a950b6ed,heartbeat,-49
2026-09-20T15:34:46.823338+00:00,AP_01,dev_ac7b80880a1f3946,heartbeat,-48
2026-09-20T15:34:46.823338+00:00,AP_01,dev_0feb402657ab950a,heartbeat,-46
2026-09-20T15:34:46.823338+00:00,AP_02,dev_43e59eca12e9d77f,heartbeat,-47
2026-09-20T15:34:47.823338+00:00,AP_01,dev_0e322e127a303cdd,disconnect,-48
2026-09-20T15:34:47.823338+00:00,AP_01,dev_a42ce750a950b6ed,disconnect,-51
2026-09-20T15:34:48.823338+00:00,AP_02,dev_298b986404f77877,heartbeat,-48
2026-09-20T15:34:48.823338+00:00,AP_03,dev_14710bbb669656eb,heartbeat,-39
2026-09-20T15:34:49.823338+00:00,AP_01,dev_adc0336ce46d9142,heartbeat,-50
2026-09-20T15:34:49.823338+00:00,AP_03,dev_80d56b8303cd4403,disconnect,-49
2026-09-20T15:34:50.823338+00:00,AP_01,dev_761dbfebee20a1b6,heartbeat,-47
2026-09-20T15:34:50.823338+00:00,AP_02,dev_bb34b21593bc8929,heartbeat,-51
2026-09-20T15:34:50.823338+00:00,AP_02,dev_5cb49a89349d804a,disconnect,-55
2026-09-20T15:34:51.823338+00:00,AP_03,dev_3b33fcd2e1d3f788,disconnect,-48
2026-09-20T15:34:51.823338+00:00,AP_01,dev_39ef6cebfea41e12,heartbeat,-53
2026-09-20T15:34:51.823338+00:00,AP_01,dev_d5facb6e4cdd0f8d,disconnect,-47
2026-09-20T15:34:52.823338+00:00,AP_01,dev_de09aa0b03e5957e,heartbeat,-48
2026-09-20T15:34:52.823338+00:00,AP_02,dev_a9a77d30a2535eda,heartbeat,-52
2026-09-20T15:34:52.823338+00:00,AP_03,dev_14710bbb669656eb,disconnect,-48
2026-09-20T15:34:53.823338+00:00,AP_01,dev_e96f8bdb2ce51760,disconnect,-49
2026-09-20T15:34:53.823338+00:00,AP_01,dev_adc0336ce46d9142,disconnect,-52
2026-09-20T15:34:54.823338+00:00,AP_01,dev_bee12d3e1f271e83,disconnect,-51
2026-09-20T15:34:54.823338+00:00,AP_02,dev_fda1e4d27c7ec351,heartbeat,-50
2026-09-20T15:34:55.823338+00:00,AP_01,dev_78b7476e077c5c58,heartbeat,-51
2026-09-20T15:34:55.823338+00:00,AP_02,dev_cd0c870c9624e6f6,heartbeat,-45
2026-09-20T15:34:55.823338+00:00,AP_02,dev_be01eb2e5060c2ba,heartbeat,-51
2026-09-20T15:34:56.823338+00:00,AP_01,dev_46106d48bf350825,heartbeat,-52
2026-09-20T15:34:56.823338+00:00,AP_02,dev_95f1a30bee85ba16,heartbeat,-48
2026-09-20T15:34:57.823338+00:00,AP_01,dev_570873d5e07620f7,heartbeat,-46
2026-09-20T15:34:57.823338+00:00,AP_02,dev_bfa351d9deb65b50,heartbeat,-49
2026-09-20T15:34:57.823338+00:00,AP_02,dev_02af9fa92d40a9af,disconnect,-54
2026-09-20T15:34:58.823338+00:00,AP_01,dev_0feb402657ab950a,disconnect,-50
2026-09-20T15:34:59.823338+00:00,AP_01,dev_39ef6cebfea41e12,disconnect,-51
2026-09-20T15:34:59.823338+00:00,AP_01,dev_ec7f305d29851a5a,heartbeat,-44
2026-09-20T15:35:00.823338+00:00,AP_01,dev_ba0ab9a640d8388b,heartbeat,-47
2026-09-20T15:35:00.823338+00:00,AP_01,dev_de09aa0b03e5957e,disconnect,-50
2026-09-20T15:35:01.823338+00:00,AP_01,dev_4d55811fcbb2d44b,heartbeat,-46
2026-09-20T15:35:01.823338+00:00,AP_03,dev_172964ce995cefb5,heartbeat,-53
2026-09-20T15:35:02.823338+00:00,AP_03,dev_b3417cd8c6c08f19,heartbeat,-49
2026-09-20T15:35:02.823338+00:00,AP_03,dev_172964ce995cefb5,disconnect,-47
2026-09-20T15:35:03.823338+00:00,AP_01,dev_b00c9275f41b488e,heartbeat,-50
2026-09-20T15:35:03.823338+00:00,AP_02,dev_e275ee8bb2c9833c,heartbeat,-58
2026-09-20T15:35:04.823338+00:00,AP_01,dev_dac9735c15d23598,heartbeat,-51
2026-09-20T15:35:04.823338+00:00,AP_02,dev_9ac7e0c7eb7246b5,disconnect,-48
2026-09-20T15:35:04.823338+00:00,AP_02,dev_36251f494ec5e4c4,heartbeat,-50
2026-09-20T15:35:06.823338+00:00,AP_01,dev_46106d48bf350825,disconnect,-46
2026-09-20T15:35:06.823338+00:00,AP_02,dev_cd0c870c9624e6f6,disconnect,-49
2026-09-20T15:35:07.823338+00:00,AP_01,dev_4d55811fcbb2d44b,disconnect,-53
2026-09-20T15:35:08.823338+00:00,AP_01,dev_761dbfebee20a1b6,disconnect,-44
2026-09-20T15:35:08.823338+00:00,AP_01,dev_4ec6910610b8ee21,heartbeat,-46
2026-09-20T15:35:08.823338+00:00,AP_02,dev_36251f494ec5e4c4,disconnect,-49
2026-09-20T15:35:09.823338+00:00,AP_02,dev_4463e93e128fb718,disconnect,-53
2026-09-20T15:35:09.823338+00:00,AP_02,dev_fd835430174d2b7e,heartbeat,-46
2026-09-20T15:35:10.823338+00:00,AP_02,dev_32123fce6801e287,heartbeat,-51
2026-09-20T15:35:11.823338+00:00,AP_01,dev_ef43c0dc8df3847e,disconnect,-41
2026-09-20T15:35:11.823338+00:00,AP_02,dev_942144bd6b3fd842,heartbeat,-55
2026-09-20T15:35:12.823338+00:00,AP_01,dev_26be14216d4fd7c4,heartbeat,-49
2026-09-20T15:35:12.823338+00:00,AP_01,dev_0f3a5465c5be5029,heartbeat,-48
2026-09-20T15:35:12.823338+00:00,AP_01,dev_dac9735c15d23598,disconnect,-50
2026-09-20T15:35:12.823338+00:00,AP_03,dev_b3417cd8c6c08f19,disconnect,-56
2026-09-20T15:35:14.823338+00:00,AP_02,dev_c8621d86e105ae2c,heartbeat,-54
2026-09-20T15:35:16.823338+00:00,AP_02,dev_09e69aaa959cdd44,heartbeat,-48
2026-09-20T15:35:17.823338+00:00,AP_01,dev_ec7f305d29851a5a,disconnect,-48
2026-09-20T15:35:17.823338+00:00,AP_02,dev_bb34b21593bc8929,heartbeat,-46
2026-09-20T15:35:18.823338+00:00,AP_01,dev_0f3a5465c5be5029,disconnect,-54
2026-09-20T15:35:18.823338+00:00,AP_02,dev_298b986404f77877,heartbeat,-48
2026-09-20T15:35:19.823338+00:00,AP_01,dev_ac7b80880a1f3946,heartbeat,-50
2026-09-20T15:35:19.823338+00:00,AP_02,dev_43e59eca12e9d77f,heartbeat,-40
2026-09-20T15:35:20.823338+00:00,AP_01,dev_26be14216d4fd7c4,disconnect,-45
2026-09-20T15:35:20.823338+00:00,AP_02,dev_bfa351d9deb65b50,disconnect,-55
2026-09-20T15:35:21.823338+00:00,AP_01,dev_b00c9275f41b488e,disconnect,-50
2026-09-20T15:35:21.823338+00:00,AP_02,dev_a9a77d30a2535eda,heartbeat,-49
2026-09-20T15:35:24.823338+00:00,AP_02,dev_fda1e4d27c7ec351,heartbeat,-43
2026-09-20T15:35:24.823338+00:00,AP_02,dev_be01eb2e5060c2ba,heartbeat,-54
2026-09-20T15:35:25.823338+00:00,AP_02,dev_95f1a30bee85ba16,heartbeat,-53
2026-09-20T15:35:26.823338+00:00,AP_01,dev_78b7476e077c5c58,heartbeat,-48
2026-09-20T15:35:28.823338+00:00,AP_01,dev_ba0ab9a640d8388b,heartbeat,-52
2026-09-20T15:35:28.823338+00:00,AP_01,dev_570873d5e07620f7,heartbeat,-47
2026-09-20T15:35:28.823338+00:00,AP_02,dev_c8621d86e105ae2c,disconnect,-48
2026-09-20T15:35:30.823338+00:00,AP_01,dev_4ec6910610b8ee21,disconnect,-45
2026-09-20T15:35:30.823338+00:00,AP_02,dev_32123fce6801e287,disconnect,-46
2026-09-20T15:35:32.823338+00:00,AP_02,dev_09e69aaa959cdd44,disconnect,-50
2026-09-20T15:35:33.823338+00:00,AP_02,dev_bb34b21593bc8929,disconnect,-57
2026-09-20T15:35:35.823338+00:00,AP_02,dev_e275ee8bb2c9833c,heartbeat,-54
2026-09-20T15:35:37.823338+00:00,AP_01,dev_570873d5e07620f7,disconnect,-53
2026-09-20T15:35:38.823338+00:00,AP_02,dev_be01eb2e5060c2ba,disconnect,-57
2026-09-20T15:35:40.823338+00:00,AP_02,dev_298b986404f77877,disconnect,-50
2026-09-20T15:35:40.823338+00:00,AP_02,dev_95f1a30bee85ba16,disconnect,-44
2026-09-20T15:35:40.823338+00:00,AP_02,dev_fd835430174d2b7e,heartbeat,-51
2026-09-20T15:35:42.823338+00:00,AP_02,dev_fda1e4d27c7ec351,disconnect,-50
2026-09-20T15:35:42.823338+00:00,AP_02,dev_a9a77d30a2535eda,disconnect,-50
2026-09-20T15:35:43.823338+00:00,AP_01,dev_78b7476e077c5c58,disconnect,-50
2026-09-20T15:35:43.823338+00:00,AP_02,dev_e275ee8bb2c9833c,disconnect,-49
2026-09-20T15:35:43.823338+00:00,AP_02,dev_942144bd6b3fd842,heartbeat,-51
2026-09-20T15:35:44.823338+00:00,AP_02,dev_942144bd6b3fd842,disconnect,-50
2026-09-20T15:35:45.823338+00:00,AP_01,dev_ba0ab9a640d8388b,disconnect,-50
2026-09-20T15:35:45.823338+00:00,AP_01,dev_ac7b80880a1f3946,disconnect,-50
2026-09-20T15:35:45.823338+00:00,AP_02,dev_43e59eca12e9d77f,disconnect,-49
2026-09-20T15:35:46.823338+00:00,AP_02,dev_fd835430174d2b7e,disconnect,-50
